[     182ms] [INFO] %cDownload the React DevTools for a better development experience: https://react.dev/link/react-devtools font-weight:bold @ http://localhost:3000/_next/static/chunks/node_modules_next_dist_1e8vcs8._.js:776
[     239ms] [LOG] [HMR] connected @ http://localhost:3000/_next/static/chunks/node_modules_next_dist_1e8vcs8._.js:776
[     338ms] [ERROR] You provided a `value` prop to a form field without an `onChange` handler. This will render a read-only field. If the field should be mutable use `defaultValue`. Otherwise, set either `onChange` or `readOnly`. @ http://localhost:3000/_next/static/chunks/node_modules_next_dist_1e8vcs8._.js:1052
[     340ms] [ERROR] You provided a `value` prop to a form field without an `onChange` handler. This will render a read-only field. If the field should be mutable use `defaultValue`. Otherwise, set either `onChange` or `readOnly`. @ http://localhost:3000/_next/static/chunks/node_modules_next_dist_1e8vcs8._.js:1052
[     916ms] [ERROR] Invalid prop `%s` supplied to `React.Fragment`. React.Fragment can only have `key`, `ref`, and `children` props. id @ http://localhost:3000/_next/static/chunks/node_modules_next_dist_1e8vcs8._.js:1052
[     988ms] [WARNING] THREE.WARNING: Multiple instances of Three.js being imported. @ http://localhost:3000/_next/static/chunks/node_modules_next_dist_1e8vcs8._.js:776
[    1334ms] [WARNING] THREE.Clock: This module has been deprecated. Please use THREE.Timer instead. @ http://localhost:3000/_next/static/chunks/node_modules_next_dist_1e8vcs8._.js:776
[    1353ms] [WARNING] THREE.Clock: This module has been deprecated. Please use THREE.Timer instead. @ http://localhost:3000/_next/static/chunks/node_modules_next_dist_1e8vcs8._.js:776
[    1354ms] [WARNING] THREE.Clock: This module has been deprecated. Please use THREE.Timer instead. @ http://localhost:3000/_next/static/chunks/node_modules_next_dist_1e8vcs8._.js:776
[   84193ms] [INFO] %cDownload the React DevTools for a better development experience: https://react.dev/link/react-devtools font-weight:bold @ http://localhost:3000/_next/static/chunks/node_modules_next_dist_1e8vcs8._.js:776
[   84204ms] [LOG] [HMR] connected @ http://localhost:3000/_next/static/chunks/node_modules_next_dist_1e8vcs8._.js:776
[   84265ms] [ERROR] You provided a `value` prop to a form field without an `onChange` handler. This will render a read-only field. If the field should be mutable use `defaultValue`. Otherwise, set either `onChange` or `readOnly`. @ http://localhost:3000/_next/static/chunks/node_modules_next_dist_1e8vcs8._.js:1052
[   84266ms] [ERROR] You provided a `value` prop to a form field without an `onChange` handler. This will render a read-only field. If the field should be mutable use `defaultValue`. Otherwise, set either `onChange` or `readOnly`. @ http://localhost:3000/_next/static/chunks/node_modules_next_dist_1e8vcs8._.js:1052
[   84369ms] [ERROR] Invalid prop `%s` supplied to `React.Fragment`. React.Fragment can only have `key`, `ref`, and `children` props. id @ http://localhost:3000/_next/static/chunks/node_modules_next_dist_1e8vcs8._.js:1052
[   84415ms] [WARNING] THREE.WARNING: Multiple instances of Three.js being imported. @ http://localhost:3000/_next/static/chunks/node_modules_next_dist_1e8vcs8._.js:776
[   84747ms] [WARNING] THREE.Clock: This module has been deprecated. Please use THREE.Timer instead. @ http://localhost:3000/_next/static/chunks/node_modules_next_dist_1e8vcs8._.js:776
[   84759ms] [WARNING] THREE.Clock: This module has been deprecated. Please use THREE.Timer instead. @ http://localhost:3000/_next/static/chunks/node_modules_next_dist_1e8vcs8._.js:776
[   84760ms] [WARNING] THREE.Clock: This module has been deprecated. Please use THREE.Timer instead. @ http://localhost:3000/_next/static/chunks/node_modules_next_dist_1e8vcs8._.js:776
[  128070ms] [INFO] %cDownload the React DevTools for a better development experience: https://react.dev/link/react-devtools font-weight:bold @ http://localhost:3000/_next/static/chunks/node_modules_next_dist_1e8vcs8._.js:776
[  128080ms] [LOG] [HMR] connected @ http://localhost:3000/_next/static/chunks/node_modules_next_dist_1e8vcs8._.js:776
[  128144ms] [ERROR] You provided a `value` prop to a form field without an `onChange` handler. This will render a read-only field. If the field should be mutable use `defaultValue`. Otherwise, set either `onChange` or `readOnly`. @ http://localhost:3000/_next/static/chunks/node_modules_next_dist_1e8vcs8._.js:1052
[  128145ms] [ERROR] You provided a `value` prop to a form field without an `onChange` handler. This will render a read-only field. If the field should be mutable use `defaultValue`. Otherwise, set either `onChange` or `readOnly`. @ http://localhost:3000/_next/static/chunks/node_modules_next_dist_1e8vcs8._.js:1052
[  128245ms] [ERROR] Invalid prop `%s` supplied to `React.Fragment`. React.Fragment can only have `key`, `ref`, and `children` props. id @ http://localhost:3000/_next/static/chunks/node_modules_next_dist_1e8vcs8._.js:1052
[  128296ms] [WARNING] THREE.WARNING: Multiple instances of Three.js being imported. @ http://localhost:3000/_next/static/chunks/node_modules_next_dist_1e8vcs8._.js:776
[  128632ms] [WARNING] THREE.Clock: This module has been deprecated. Please use THREE.Timer instead. @ http://localhost:3000/_next/static/chunks/node_modules_next_dist_1e8vcs8._.js:776
[  128645ms] [WARNING] THREE.Clock: This module has been deprecated. Please use THREE.Timer instead. @ http://localhost:3000/_next/static/chunks/node_modules_next_dist_1e8vcs8._.js:776
[  128646ms] [WARNING] THREE.Clock: This module has been deprecated. Please use THREE.Timer instead. @ http://localhost:3000/_next/static/chunks/node_modules_next_dist_1e8vcs8._.js:776
[  160541ms] [INFO] %cDownload the React DevTools for a better development experience: https://react.dev/link/react-devtools font-weight:bold @ http://localhost:3000/_next/static/chunks/node_modules_next_dist_1e8vcs8._.js:776
[  160554ms] [LOG] [HMR] connected @ http://localhost:3000/_next/static/chunks/node_modules_next_dist_1e8vcs8._.js:776
[  160621ms] [ERROR] You provided a `value` prop to a form field without an `onChange` handler. This will render a read-only field. If the field should be mutable use `defaultValue`. Otherwise, set either `onChange` or `readOnly`. @ http://localhost:3000/_next/static/chunks/node_modules_next_dist_1e8vcs8._.js:1052
[  160622ms] [ERROR] You provided a `value` prop to a form field without an `onChange` handler. This will render a read-only field. If the field should be mutable use `defaultValue`. Otherwise, set either `onChange` or `readOnly`. @ http://localhost:3000/_next/static/chunks/node_modules_next_dist_1e8vcs8._.js:1052
[  160723ms] [ERROR] Invalid prop `%s` supplied to `React.Fragment`. React.Fragment can only have `key`, `ref`, and `children` props. id @ http://localhost:3000/_next/static/chunks/node_modules_next_dist_1e8vcs8._.js:1052
[  160769ms] [WARNING] THREE.WARNING: Multiple instances of Three.js being imported. @ http://localhost:3000/_next/static/chunks/node_modules_next_dist_1e8vcs8._.js:776
[  161107ms] [WARNING] THREE.Clock: This module has been deprecated. Please use THREE.Timer instead. @ http://localhost:3000/_next/static/chunks/node_modules_next_dist_1e8vcs8._.js:776
[  161120ms] [WARNING] THREE.Clock: This module has been deprecated. Please use THREE.Timer instead. @ http://localhost:3000/_next/static/chunks/node_modules_next_dist_1e8vcs8._.js:776
[  161120ms] [WARNING] THREE.Clock: This module has been deprecated. Please use THREE.Timer instead. @ http://localhost:3000/_next/static/chunks/node_modules_next_dist_1e8vcs8._.js:776
[  231710ms] [LOG] [Fast Refresh] rebuilding @ http://localhost:3000/_next/static/chunks/node_modules_next_dist_1e8vcs8._.js:776
[  231774ms] [LOG] [Fast Refresh] done in 10ms @ http://localhost:3000/_next/static/chunks/node_modules_next_dist_1e8vcs8._.js:776
[  231813ms] [ERROR] Invalid prop `%s` supplied to `React.Fragment`. React.Fragment can only have `key`, `ref`, and `children` props. id @ http://localhost:3000/_next/static/chunks/node_modules_next_dist_1e8vcs8._.js:1052
[  231832ms] [WARNING] THREE.Clock: This module has been deprecated. Please use THREE.Timer instead. @ http://localhost:3000/_next/static/chunks/node_modules_next_dist_1e8vcs8._.js:776
[  231833ms] [WARNING] THREE.Clock: This module has been deprecated. Please use THREE.Timer instead. @ http://localhost:3000/_next/static/chunks/node_modules_next_dist_1e8vcs8._.js:776
[  231836ms] [LOG] [Fast Refresh] done in 10ms @ http://localhost:3000/_next/static/chunks/node_modules_next_dist_1e8vcs8._.js:776
[  231893ms] [LOG] [Fast Refresh] done in 10ms @ http://localhost:3000/_next/static/chunks/node_modules_next_dist_1e8vcs8._.js:776
[  231956ms] [LOG] [Fast Refresh] done in 10ms @ http://localhost:3000/_next/static/chunks/node_modules_next_dist_1e8vcs8._.js:776
[  232017ms] [LOG] [Fast Refresh] done in 10ms @ http://localhost:3000/_next/static/chunks/node_modules_next_dist_1e8vcs8._.js:776
[  232077ms] [LOG] [Fast Refresh] done in 10ms @ http://localhost:3000/_next/static/chunks/node_modules_next_dist_1e8vcs8._.js:776
[  232138ms] [LOG] [Fast Refresh] done in 10ms @ http://localhost:3000/_next/static/chunks/node_modules_next_dist_1e8vcs8._.js:776
[  232201ms] [LOG] [Fast Refresh] done in 10ms @ http://localhost:3000/_next/static/chunks/node_modules_next_dist_1e8vcs8._.js:776
[  232263ms] [LOG] [Fast Refresh] done in 10ms @ http://localhost:3000/_next/static/chunks/node_modules_next_dist_1e8vcs8._.js:776
[  232325ms] [LOG] [Fast Refresh] done in 10ms @ http://localhost:3000/_next/static/chunks/node_modules_next_dist_1e8vcs8._.js:776
[  232388ms] [LOG] [Fast Refresh] done in 10ms @ http://localhost:3000/_next/static/chunks/node_modules_next_dist_1e8vcs8._.js:776
[  232451ms] [LOG] [Fast Refresh] done in 10ms @ http://localhost:3000/_next/static/chunks/node_modules_next_dist_1e8vcs8._.js:776
[  232513ms] [LOG] [Fast Refresh] done in 10ms @ http://localhost:3000/_next/static/chunks/node_modules_next_dist_1e8vcs8._.js:776
[  232575ms] [LOG] [Fast Refresh] done in 10ms @ http://localhost:3000/_next/static/chunks/node_modules_next_dist_1e8vcs8._.js:776
[  232638ms] [LOG] [Fast Refresh] done in 10ms @ http://localhost:3000/_next/static/chunks/node_modules_next_dist_1e8vcs8._.js:776
[  232700ms] [LOG] [Fast Refresh] done in 10ms @ http://localhost:3000/_next/static/chunks/node_modules_next_dist_1e8vcs8._.js:776
[  232747ms] [LOG] [Fast Refresh] done in 10ms @ http://localhost:3000/_next/static/chunks/node_modules_next_dist_1e8vcs8._.js:776
[  232809ms] [LOG] [Fast Refresh] done in 10ms @ http://localhost:3000/_next/static/chunks/node_modules_next_dist_1e8vcs8._.js:776
[  232872ms] [LOG] [Fast Refresh] done in 10ms @ http://localhost:3000/_next/static/chunks/node_modules_next_dist_1e8vcs8._.js:776
[  232933ms] [LOG] [Fast Refresh] done in 10ms @ http://localhost:3000/_next/static/chunks/node_modules_next_dist_1e8vcs8._.js:776
[  232979ms] [LOG] [Fast Refresh] done in 10ms @ http://localhost:3000/_next/static/chunks/node_modules_next_dist_1e8vcs8._.js:776
[  233040ms] [LOG] [Fast Refresh] done in 10ms @ http://localhost:3000/_next/static/chunks/node_modules_next_dist_1e8vcs8._.js:776
[  233104ms] [LOG] [Fast Refresh] done in 10ms @ http://localhost:3000/_next/static/chunks/node_modules_next_dist_1e8vcs8._.js:776
[  233166ms] [LOG] [Fast Refresh] done in 10ms @ http://localhost:3000/_next/static/chunks/node_modules_next_dist_1e8vcs8._.js:776
[  233227ms] [LOG] [Fast Refresh] done in 10ms @ http://localhost:3000/_next/static/chunks/node_modules_next_dist_1e8vcs8._.js:776
[  233290ms] [LOG] [Fast Refresh] done in 10ms @ http://localhost:3000/_next/static/chunks/node_modules_next_dist_1e8vcs8._.js:776
[  233352ms] [LOG] [Fast Refresh] done in 10ms @ http://localhost:3000/_next/static/chunks/node_modules_next_dist_1e8vcs8._.js:776
[  233399ms] [LOG] [Fast Refresh] done in 10ms @ http://localhost:3000/_next/static/chunks/node_modules_next_dist_1e8vcs8._.js:776
[  233462ms] [LOG] [Fast Refresh] done in 10ms @ http://localhost:3000/_next/static/chunks/node_modules_next_dist_1e8vcs8._.js:776
[  233524ms] [LOG] [Fast Refresh] done in 10ms @ http://localhost:3000/_next/static/chunks/node_modules_next_dist_1e8vcs8._.js:776
[  233587ms] [LOG] [Fast Refresh] done in 10ms @ http://localhost:3000/_next/static/chunks/node_modules_next_dist_1e8vcs8._.js:776
[  233648ms] [LOG] [Fast Refresh] done in 10ms @ http://localhost:3000/_next/static/chunks/node_modules_next_dist_1e8vcs8._.js:776
[  233709ms] [LOG] [Fast Refresh] done in 10ms @ http://localhost:3000/_next/static/chunks/node_modules_next_dist_1e8vcs8._.js:776
[  233772ms] [LOG] [Fast Refresh] done in 10ms @ http://localhost:3000/_next/static/chunks/node_modules_next_dist_1e8vcs8._.js:776
[  233835ms] [LOG] [Fast Refresh] done in 10ms @ http://localhost:3000/_next/static/chunks/node_modules_next_dist_1e8vcs8._.js:776
[  233897ms] [LOG] [Fast Refresh] done in 10ms @ http://localhost:3000/_next/static/chunks/node_modules_next_dist_1e8vcs8._.js:776
[  233959ms] [LOG] [Fast Refresh] done in 10ms @ http://localhost:3000/_next/static/chunks/node_modules_next_dist_1e8vcs8._.js:776
[  234007ms] [LOG] [Fast Refresh] done in 10ms @ http://localhost:3000/_next/static/chunks/node_modules_next_dist_1e8vcs8._.js:776
[  234068ms] [LOG] [Fast Refresh] done in 10ms @ http://localhost:3000/_next/static/chunks/node_modules_next_dist_1e8vcs8._.js:776
[  234130ms] [LOG] [Fast Refresh] done in 10ms @ http://localhost:3000/_next/static/chunks/node_modules_next_dist_1e8vcs8._.js:776
[  234190ms] [LOG] [Fast Refresh] done in 10ms @ http://localhost:3000/_next/static/chunks/node_modules_next_dist_1e8vcs8._.js:776
[  234252ms] [LOG] [Fast Refresh] done in 10ms @ http://localhost:3000/_next/static/chunks/node_modules_next_dist_1e8vcs8._.js:776
[  234315ms] [LOG] [Fast Refresh] done in 10ms @ http://localhost:3000/_next/static/chunks/node_modules_next_dist_1e8vcs8._.js:776
[  234377ms] [LOG] [Fast Refresh] done in 10ms @ http://localhost:3000/_next/static/chunks/node_modules_next_dist_1e8vcs8._.js:776
[  234425ms] [LOG] [Fast Refresh] done in 10ms @ http://localhost:3000/_next/static/chunks/node_modules_next_dist_1e8vcs8._.js:776
[  234488ms] [LOG] [Fast Refresh] done in 10ms @ http://localhost:3000/_next/static/chunks/node_modules_next_dist_1e8vcs8._.js:776
[  234551ms] [LOG] [Fast Refresh] done in 10ms @ http://localhost:3000/_next/static/chunks/node_modules_next_dist_1e8vcs8._.js:776
[  234612ms] [LOG] [Fast Refresh] done in 10ms @ http://localhost:3000/_next/static/chunks/node_modules_next_dist_1e8vcs8._.js:776
[  234675ms] [LOG] [Fast Refresh] done in 10ms @ http://localhost:3000/_next/static/chunks/node_modules_next_dist_1e8vcs8._.js:776
[  234737ms] [LOG] [Fast Refresh] done in 10ms @ http://localhost:3000/_next/static/chunks/node_modules_next_dist_1e8vcs8._.js:776
[  234797ms] [LOG] [Fast Refresh] done in 10ms @ http://localhost:3000/_next/static/chunks/node_modules_next_dist_1e8vcs8._.js:776
[  234860ms] [LOG] [Fast Refresh] done in 10ms @ http://localhost:3000/_next/static/chunks/node_modules_next_dist_1e8vcs8._.js:776
[  234922ms] [LOG] [Fast Refresh] done in 10ms @ http://localhost:3000/_next/static/chunks/node_modules_next_dist_1e8vcs8._.js:776
[  234985ms] [LOG] [Fast Refresh] done in 10ms @ http://localhost:3000/_next/static/chunks/node_modules_next_dist_1e8vcs8._.js:776
[  235046ms] [LOG] [Fast Refresh] done in 10ms @ http://localhost:3000/_next/static/chunks/node_modules_next_dist_1e8vcs8._.js:776
[  235109ms] [LOG] [Fast Refresh] done in 10ms @ http://localhost:3000/_next/static/chunks/node_modules_next_dist_1e8vcs8._.js:776
[  235157ms] [LOG] [Fast Refresh] done in 10ms @ http://localhost:3000/_next/static/chunks/node_modules_next_dist_1e8vcs8._.js:776
[  235205ms] [LOG] [Fast Refresh] done in 10ms @ http://localhost:3000/_next/static/chunks/node_modules_next_dist_1e8vcs8._.js:776
[  235266ms] [LOG] [Fast Refresh] done in 10ms @ http://localhost:3000/_next/static/chunks/node_modules_next_dist_1e8vcs8._.js:776
[  235328ms] [LOG] [Fast Refresh] done in 10ms @ http://localhost:3000/_next/static/chunks/node_modules_next_dist_1e8vcs8._.js:776
[  235390ms] [LOG] [Fast Refresh] done in 10ms @ http://localhost:3000/_next/static/chunks/node_modules_next_dist_1e8vcs8._.js:776
[  235438ms] [LOG] [Fast Refresh] done in 10ms @ http://localhost:3000/_next/static/chunks/node_modules_next_dist_1e8vcs8._.js:776
[  235500ms] [LOG] [Fast Refresh] done in 10ms @ http://localhost:3000/_next/static/chunks/node_modules_next_dist_1e8vcs8._.js:776
[  235561ms] [LOG] [Fast Refresh] done in 10ms @ http://localhost:3000/_next/static/chunks/node_modules_next_dist_1e8vcs8._.js:776
[  235622ms] [LOG] [Fast Refresh] done in 10ms @ http://localhost:3000/_next/static/chunks/node_modules_next_dist_1e8vcs8._.js:776
[  235685ms] [LOG] [Fast Refresh] done in 10ms @ http://localhost:3000/_next/static/chunks/node_modules_next_dist_1e8vcs8._.js:776
[  235747ms] [LOG] [Fast Refresh] done in 10ms @ http://localhost:3000/_next/static/chunks/node_modules_next_dist_1e8vcs8._.js:776
[  235794ms] [LOG] [Fast Refresh] done in 10ms @ http://localhost:3000/_next/static/chunks/node_modules_next_dist_1e8vcs8._.js:776
[  235857ms] [LOG] [Fast Refresh] done in 10ms @ http://localhost:3000/_next/static/chunks/node_modules_next_dist_1e8vcs8._.js:776
[  235905ms] [LOG] [Fast Refresh] done in 10ms @ http://localhost:3000/_next/static/chunks/node_modules_next_dist_1e8vcs8._.js:776
[  235967ms] [LOG] [Fast Refresh] done in 10ms @ http://localhost:3000/_next/static/chunks/node_modules_next_dist_1e8vcs8._.js:776
[  236030ms] [LOG] [Fast Refresh] done in 10ms @ http://localhost:3000/_next/static/chunks/node_modules_next_dist_1e8vcs8._.js:776
[  236092ms] [LOG] [Fast Refresh] done in 10ms @ http://localhost:3000/_next/static/chunks/node_modules_next_dist_1e8vcs8._.js:776
[  236155ms] [LOG] [Fast Refresh] done in 10ms @ http://localhost:3000/_next/static/chunks/node_modules_next_dist_1e8vcs8._.js:776
[  236217ms] [LOG] [Fast Refresh] done in 10ms @ http://localhost:3000/_next/static/chunks/node_modules_next_dist_1e8vcs8._.js:776
[  236280ms] [LOG] [Fast Refresh] done in 10ms @ http://localhost:3000/_next/static/chunks/node_modules_next_dist_1e8vcs8._.js:776
[  236342ms] [LOG] [Fast Refresh] done in 10ms @ http://localhost:3000/_next/static/chunks/node_modules_next_dist_1e8vcs8._.js:776
[  236389ms] [LOG] [Fast Refresh] done in 10ms @ http://localhost:3000/_next/static/chunks/node_modules_next_dist_1e8vcs8._.js:776
[  236451ms] [LOG] [Fast Refresh] done in 10ms @ http://localhost:3000/_next/static/chunks/node_modules_next_dist_1e8vcs8._.js:776
[  236513ms] [LOG] [Fast Refresh] done in 10ms @ http://localhost:3000/_next/static/chunks/node_modules_next_dist_1e8vcs8._.js:776
[  236575ms] [LOG] [Fast Refresh] done in 10ms @ http://localhost:3000/_next/static/chunks/node_modules_next_dist_1e8vcs8._.js:776
[  236636ms] [LOG] [Fast Refresh] done in 10ms @ http://localhost:3000/_next/static/chunks/node_modules_next_dist_1e8vcs8._.js:776
[  236696ms] [LOG] [Fast Refresh] done in 10ms @ http://localhost:3000/_next/static/chunks/node_modules_next_dist_1e8vcs8._.js:776
[  236758ms] [LOG] [Fast Refresh] done in 10ms @ http://localhost:3000/_next/static/chunks/node_modules_next_dist_1e8vcs8._.js:776
[  236820ms] [LOG] [Fast Refresh] done in 10ms @ http://localhost:3000/_next/static/chunks/node_modules_next_dist_1e8vcs8._.js:776
[  236883ms] [LOG] [Fast Refresh] done in 10ms @ http://localhost:3000/_next/static/chunks/node_modules_next_dist_1e8vcs8._.js:776
[  236930ms] [LOG] [Fast Refresh] done in 10ms @ http://localhost:3000/_next/static/chunks/node_modules_next_dist_1e8vcs8._.js:776
[  236994ms] [LOG] [Fast Refresh] done in 10ms @ http://localhost:3000/_next/static/chunks/node_modules_next_dist_1e8vcs8._.js:776
[  237040ms] [LOG] [Fast Refresh] done in 10ms @ http://localhost:3000/_next/static/chunks/node_modules_next_dist_1e8vcs8._.js:776
[  237103ms] [LOG] [Fast Refresh] done in 10ms @ http://localhost:3000/_next/static/chunks/node_modules_next_dist_1e8vcs8._.js:776
[  237150ms] [LOG] [Fast Refresh] done in 10ms @ http://localhost:3000/_next/static/chunks/node_modules_next_dist_1e8vcs8._.js:776
[  237211ms] [LOG] [Fast Refresh] done in 10ms @ http://localhost:3000/_next/static/chunks/node_modules_next_dist_1e8vcs8._.js:776
[  237272ms] [LOG] [Fast Refresh] done in 10ms @ http://localhost:3000/_next/static/chunks/node_modules_next_dist_1e8vcs8._.js:776
[  237333ms] [LOG] [Fast Refresh] done in 10ms @ http://localhost:3000/_next/static/chunks/node_modules_next_dist_1e8vcs8._.js:776
[  237396ms] [LOG] [Fast Refresh] done in 10ms @ http://localhost:3000/_next/static/chunks/node_modules_next_dist_1e8vcs8._.js:776
[  237458ms] [LOG] [Fast Refresh] done in 10ms @ http://localhost:3000/_next/static/chunks/node_modules_next_dist_1e8vcs8._.js:776
[  237520ms] [LOG] [Fast Refresh] done in 10ms @ http://localhost:3000/_next/static/chunks/node_modules_next_dist_1e8vcs8._.js:776
[  237581ms] [LOG] [Fast Refresh] done in 10ms @ http://localhost:3000/_next/static/chunks/node_modules_next_dist_1e8vcs8._.js:776
[  237640ms] [LOG] [Fast Refresh] done in 10ms @ http://localhost:3000/_next/static/chunks/node_modules_next_dist_1e8vcs8._.js:776
[  237702ms] [LOG] [Fast Refresh] done in 10ms @ http://localhost:3000/_next/static/chunks/node_modules_next_dist_1e8vcs8._.js:776
[  237764ms] [LOG] [Fast Refresh] done in 10ms @ http://localhost:3000/_next/static/chunks/node_modules_next_dist_1e8vcs8._.js:776
[  237825ms] [LOG] [Fast Refresh] done in 10ms @ http://localhost:3000/_next/static/chunks/node_modules_next_dist_1e8vcs8._.js:776
[  237888ms] [LOG] [Fast Refresh] done in 10ms @ http://localhost:3000/_next/static/chunks/node_modules_next_dist_1e8vcs8._.js:776
[  237952ms] [LOG] [Fast Refresh] done in 10ms @ http://localhost:3000/_next/static/chunks/node_modules_next_dist_1e8vcs8._.js:776
[  238014ms] [LOG] [Fast Refresh] done in 10ms @ http://localhost:3000/_next/static/chunks/node_modules_next_dist_1e8vcs8._.js:776
[  238077ms] [LOG] [Fast Refresh] done in 10ms @ http://localhost:3000/_next/static/chunks/node_modules_next_dist_1e8vcs8._.js:776
[  238138ms] [LOG] [Fast Refresh] done in 10ms @ http://localhost:3000/_next/static/chunks/node_modules_next_dist_1e8vcs8._.js:776
[  238200ms] [LOG] [Fast Refresh] done in 10ms @ http://localhost:3000/_next/static/chunks/node_modules_next_dist_1e8vcs8._.js:776
[  238261ms] [LOG] [Fast Refresh] done in 10ms @ http://localhost:3000/_next/static/chunks/node_modules_next_dist_1e8vcs8._.js:776
[  238323ms] [LOG] [Fast Refresh] done in 10ms @ http://localhost:3000/_next/static/chunks/node_modules_next_dist_1e8vcs8._.js:776
[  238386ms] [LOG] [Fast Refresh] done in 10ms @ http://localhost:3000/_next/static/chunks/node_modules_next_dist_1e8vcs8._.js:776
[  238449ms] [LOG] [Fast Refresh] done in 10ms @ http://localhost:3000/_next/static/chunks/node_modules_next_dist_1e8vcs8._.js:776
[  238510ms] [LOG] [Fast Refresh] done in 10ms @ http://localhost:3000/_next/static/chunks/node_modules_next_dist_1e8vcs8._.js:776
[  238571ms] [LOG] [Fast Refresh] done in 10ms @ http://localhost:3000/_next/static/chunks/node_modules_next_dist_1e8vcs8._.js:776
[  238631ms] [LOG] [Fast Refresh] done in 10ms @ http://localhost:3000/_next/static/chunks/node_modules_next_dist_1e8vcs8._.js:776
[  238692ms] [LOG] [Fast Refresh] done in 10ms @ http://localhost:3000/_next/static/chunks/node_modules_next_dist_1e8vcs8._.js:776
[  238754ms] [LOG] [Fast Refresh] done in 10ms @ http://localhost:3000/_next/static/chunks/node_modules_next_dist_1e8vcs8._.js:776
[  238815ms] [LOG] [Fast Refresh] done in 10ms @ http://localhost:3000/_next/static/chunks/node_modules_next_dist_1e8vcs8._.js:776
[  238877ms] [LOG] [Fast Refresh] done in 10ms @ http://localhost:3000/_next/static/chunks/node_modules_next_dist_1e8vcs8._.js:776
[  238924ms] [LOG] [Fast Refresh] done in 10ms @ http://localhost:3000/_next/static/chunks/node_modules_next_dist_1e8vcs8._.js:776
[  238985ms] [LOG] [Fast Refresh] done in 10ms @ http://localhost:3000/_next/static/chunks/node_modules_next_dist_1e8vcs8._.js:776
[  239046ms] [LOG] [Fast Refresh] done in 10ms @ http://localhost:3000/_next/static/chunks/node_modules_next_dist_1e8vcs8._.js:776
[  239111ms] [LOG] [Fast Refresh] done in 10ms @ http://localhost:3000/_next/static/chunks/node_modules_next_dist_1e8vcs8._.js:776
[  239173ms] [LOG] [Fast Refresh] done in 10ms @ http://localhost:3000/_next/static/chunks/node_modules_next_dist_1e8vcs8._.js:776
[  239236ms] [LOG] [Fast Refresh] done in 10ms @ http://localhost:3000/_next/static/chunks/node_modules_next_dist_1e8vcs8._.js:776
[  239296ms] [LOG] [Fast Refresh] done in 10ms @ http://localhost:3000/_next/static/chunks/node_modules_next_dist_1e8vcs8._.js:776
[  239359ms] [LOG] [Fast Refresh] done in 10ms @ http://localhost:3000/_next/static/chunks/node_modules_next_dist_1e8vcs8._.js:776
[  239422ms] [LOG] [Fast Refresh] done in 10ms @ http://localhost:3000/_next/static/chunks/node_modules_next_dist_1e8vcs8._.js:776
[  239468ms] [LOG] [Fast Refresh] done in 10ms @ http://localhost:3000/_next/static/chunks/node_modules_next_dist_1e8vcs8._.js:776
[  239530ms] [LOG] [Fast Refresh] done in 10ms @ http://localhost:3000/_next/static/chunks/node_modules_next_dist_1e8vcs8._.js:776
[  239592ms] [LOG] [Fast Refresh] done in 10ms @ http://localhost:3000/_next/static/chunks/node_modules_next_dist_1e8vcs8._.js:776
[  239638ms] [LOG] [Fast Refresh] done in 10ms @ http://localhost:3000/_next/static/chunks/node_modules_next_dist_1e8vcs8._.js:776
[  239701ms] [LOG] [Fast Refresh] done in 10ms @ http://localhost:3000/_next/static/chunks/node_modules_next_dist_1e8vcs8._.js:776
[  239763ms] [LOG] [Fast Refresh] done in 10ms @ http://localhost:3000/_next/static/chunks/node_modules_next_dist_1e8vcs8._.js:776
[  239810ms] [LOG] [Fast Refresh] done in 10ms @ http://localhost:3000/_next/static/chunks/node_modules_next_dist_1e8vcs8._.js:776
[  239873ms] [LOG] [Fast Refresh] done in 10ms @ http://localhost:3000/_next/static/chunks/node_modules_next_dist_1e8vcs8._.js:776
[  239936ms] [LOG] [Fast Refresh] done in 10ms @ http://localhost:3000/_next/static/chunks/node_modules_next_dist_1e8vcs8._.js:776
[  239983ms] [LOG] [Fast Refresh] done in 10ms @ http://localhost:3000/_next/static/chunks/node_modules_next_dist_1e8vcs8._.js:776
[  240046ms] [LOG] [Fast Refresh] done in 10ms @ http://localhost:3000/_next/static/chunks/node_modules_next_dist_1e8vcs8._.js:776
[  240109ms] [LOG] [Fast Refresh] done in 10ms @ http://localhost:3000/_next/static/chunks/node_modules_next_dist_1e8vcs8._.js:776
[  240171ms] [LOG] [Fast Refresh] done in 10ms @ http://localhost:3000/_next/static/chunks/node_modules_next_dist_1e8vcs8._.js:776
[  240233ms] [LOG] [Fast Refresh] done in 10ms @ http://localhost:3000/_next/static/chunks/node_modules_next_dist_1e8vcs8._.js:776
[  240294ms] [LOG] [Fast Refresh] done in 10ms @ http://localhost:3000/_next/static/chunks/node_modules_next_dist_1e8vcs8._.js:776
[  240356ms] [LOG] [Fast Refresh] done in 10ms @ http://localhost:3000/_next/static/chunks/node_modules_next_dist_1e8vcs8._.js:776
[  240418ms] [LOG] [Fast Refresh] done in 10ms @ http://localhost:3000/_next/static/chunks/node_modules_next_dist_1e8vcs8._.js:776
[  240480ms] [LOG] [Fast Refresh] done in 10ms @ http://localhost:3000/_next/static/chunks/node_modules_next_dist_1e8vcs8._.js:776
[  240527ms] [LOG] [Fast Refresh] done in 10ms @ http://localhost:3000/_next/static/chunks/node_modules_next_dist_1e8vcs8._.js:776
[  240588ms] [LOG] [Fast Refresh] done in 10ms @ http://localhost:3000/_next/static/chunks/node_modules_next_dist_1e8vcs8._.js:776
[  240651ms] [LOG] [Fast Refresh] done in 10ms @ http://localhost:3000/_next/static/chunks/node_modules_next_dist_1e8vcs8._.js:776
[  240714ms] [LOG] [Fast Refresh] done in 10ms @ http://localhost:3000/_next/static/chunks/node_modules_next_dist_1e8vcs8._.js:776
[  240775ms] [LOG] [Fast Refresh] done in 10ms @ http://localhost:3000/_next/static/chunks/node_modules_next_dist_1e8vcs8._.js:776
[  240838ms] [LOG] [Fast Refresh] done in 10ms @ http://localhost:3000/_next/static/chunks/node_modules_next_dist_1e8vcs8._.js:776
[  240901ms] [LOG] [Fast Refresh] done in 10ms @ http://localhost:3000/_next/static/chunks/node_modules_next_dist_1e8vcs8._.js:776
[  240964ms] [LOG] [Fast Refresh] done in 10ms @ http://localhost:3000/_next/static/chunks/node_modules_next_dist_1e8vcs8._.js:776
[  241027ms] [LOG] [Fast Refresh] done in 10ms @ http://localhost:3000/_next/static/chunks/node_modules_next_dist_1e8vcs8._.js:776
[  241088ms] [LOG] [Fast Refresh] done in 10ms @ http://localhost:3000/_next/static/chunks/node_modules_next_dist_1e8vcs8._.js:776
[  241150ms] [LOG] [Fast Refresh] done in 10ms @ http://localhost:3000/_next/static/chunks/node_modules_next_dist_1e8vcs8._.js:776
[  241212ms] [LOG] [Fast Refresh] done in 10ms @ http://localhost:3000/_next/static/chunks/node_modules_next_dist_1e8vcs8._.js:776
[  241274ms] [LOG] [Fast Refresh] done in 10ms @ http://localhost:3000/_next/static/chunks/node_modules_next_dist_1e8vcs8._.js:776
[  241337ms] [LOG] [Fast Refresh] done in 10ms @ http://localhost:3000/_next/static/chunks/node_modules_next_dist_1e8vcs8._.js:776
[  241400ms] [LOG] [Fast Refresh] done in 10ms @ http://localhost:3000/_next/static/chunks/node_modules_next_dist_1e8vcs8._.js:776
[  241462ms] [LOG] [Fast Refresh] done in 10ms @ http://localhost:3000/_next/static/chunks/node_modules_next_dist_1e8vcs8._.js:776
[  241527ms] [LOG] [Fast Refresh] done in 10ms @ http://localhost:3000/_next/static/chunks/node_modules_next_dist_1e8vcs8._.js:776
[  241634ms] [LOG] [Fast Refresh] rebuilding @ http://localhost:3000/_next/static/chunks/node_modules_next_dist_1e8vcs8._.js:776
[  241696ms] [LOG] [Fast Refresh] done in 7ms @ http://localhost:3000/_next/static/chunks/node_modules_next_dist_1e8vcs8._.js:776
[  241757ms] [LOG] [Fast Refresh] done in 7ms @ http://localhost:3000/_next/static/chunks/node_modules_next_dist_1e8vcs8._.js:776
[  241820ms] [LOG] [Fast Refresh] done in 7ms @ http://localhost:3000/_next/static/chunks/node_modules_next_dist_1e8vcs8._.js:776
[  241883ms] [LOG] [Fast Refresh] done in 7ms @ http://localhost:3000/_next/static/chunks/node_modules_next_dist_1e8vcs8._.js:776
[  241942ms] [LOG] [Fast Refresh] done in 7ms @ http://localhost:3000/_next/static/chunks/node_modules_next_dist_1e8vcs8._.js:776
[  242002ms] [LOG] [Fast Refresh] done in 7ms @ http://localhost:3000/_next/static/chunks/node_modules_next_dist_1e8vcs8._.js:776
[  242065ms] [LOG] [Fast Refresh] done in 7ms @ http://localhost:3000/_next/static/chunks/node_modules_next_dist_1e8vcs8._.js:776
[  242127ms] [LOG] [Fast Refresh] done in 7ms @ http://localhost:3000/_next/static/chunks/node_modules_next_dist_1e8vcs8._.js:776
[  242188ms] [LOG] [Fast Refresh] done in 7ms @ http://localhost:3000/_next/static/chunks/node_modules_next_dist_1e8vcs8._.js:776
[  242250ms] [LOG] [Fast Refresh] done in 7ms @ http://localhost:3000/_next/static/chunks/node_modules_next_dist_1e8vcs8._.js:776
[  242312ms] [LOG] [Fast Refresh] done in 7ms @ http://localhost:3000/_next/static/chunks/node_modules_next_dist_1e8vcs8._.js:776
[  242374ms] [LOG] [Fast Refresh] done in 7ms @ http://localhost:3000/_next/static/chunks/node_modules_next_dist_1e8vcs8._.js:776
[  242436ms] [LOG] [Fast Refresh] done in 7ms @ http://localhost:3000/_next/static/chunks/node_modules_next_dist_1e8vcs8._.js:776
[  242497ms] [LOG] [Fast Refresh] done in 7ms @ http://localhost:3000/_next/static/chunks/node_modules_next_dist_1e8vcs8._.js:776
[  242559ms] [LOG] [Fast Refresh] done in 7ms @ http://localhost:3000/_next/static/chunks/node_modules_next_dist_1e8vcs8._.js:776
[  242621ms] [LOG] [Fast Refresh] done in 7ms @ http://localhost:3000/_next/static/chunks/node_modules_next_dist_1e8vcs8._.js:776
[  242682ms] [LOG] [Fast Refresh] done in 7ms @ http://localhost:3000/_next/static/chunks/node_modules_next_dist_1e8vcs8._.js:776
[  242744ms] [LOG] [Fast Refresh] done in 7ms @ http://localhost:3000/_next/static/chunks/node_modules_next_dist_1e8vcs8._.js:776
[  242805ms] [LOG] [Fast Refresh] done in 7ms @ http://localhost:3000/_next/static/chunks/node_modules_next_dist_1e8vcs8._.js:776
[  242866ms] [LOG] [Fast Refresh] done in 7ms @ http://localhost:3000/_next/static/chunks/node_modules_next_dist_1e8vcs8._.js:776
[  242929ms] [LOG] [Fast Refresh] done in 7ms @ http://localhost:3000/_next/static/chunks/node_modules_next_dist_1e8vcs8._.js:776
[  242992ms] [LOG] [Fast Refresh] done in 7ms @ http://localhost:3000/_next/static/chunks/node_modules_next_dist_1e8vcs8._.js:776
[  243056ms] [LOG] [Fast Refresh] done in 7ms @ http://localhost:3000/_next/static/chunks/node_modules_next_dist_1e8vcs8._.js:776
[  243118ms] [LOG] [Fast Refresh] done in 7ms @ http://localhost:3000/_next/static/chunks/node_modules_next_dist_1e8vcs8._.js:776
[  243179ms] [LOG] [Fast Refresh] done in 7ms @ http://localhost:3000/_next/static/chunks/node_modules_next_dist_1e8vcs8._.js:776
[  243240ms] [LOG] [Fast Refresh] done in 7ms @ http://localhost:3000/_next/static/chunks/node_modules_next_dist_1e8vcs8._.js:776
[  243302ms] [LOG] [Fast Refresh] done in 7ms @ http://localhost:3000/_next/static/chunks/node_modules_next_dist_1e8vcs8._.js:776
[  243349ms] [LOG] [Fast Refresh] done in 7ms @ http://localhost:3000/_next/static/chunks/node_modules_next_dist_1e8vcs8._.js:776
[  243412ms] [LOG] [Fast Refresh] done in 7ms @ http://localhost:3000/_next/static/chunks/node_modules_next_dist_1e8vcs8._.js:776
[  243473ms] [LOG] [Fast Refresh] done in 7ms @ http://localhost:3000/_next/static/chunks/node_modules_next_dist_1e8vcs8._.js:776
[  243535ms] [LOG] [Fast Refresh] done in 7ms @ http://localhost:3000/_next/static/chunks/node_modules_next_dist_1e8vcs8._.js:776
[  243597ms] [LOG] [Fast Refresh] done in 7ms @ http://localhost:3000/_next/static/chunks/node_modules_next_dist_1e8vcs8._.js:776
[  243658ms] [LOG] [Fast Refresh] done in 7ms @ http://localhost:3000/_next/static/chunks/node_modules_next_dist_1e8vcs8._.js:776
[  243707ms] [LOG] [Fast Refresh] done in 7ms @ http://localhost:3000/_next/static/chunks/node_modules_next_dist_1e8vcs8._.js:776
[  243769ms] [LOG] [Fast Refresh] done in 7ms @ http://localhost:3000/_next/static/chunks/node_modules_next_dist_1e8vcs8._.js:776
[  243830ms] [LOG] [Fast Refresh] done in 7ms @ http://localhost:3000/_next/static/chunks/node_modules_next_dist_1e8vcs8._.js:776
[  243893ms] [LOG] [Fast Refresh] done in 7ms @ http://localhost:3000/_next/static/chunks/node_modules_next_dist_1e8vcs8._.js:776
[  243956ms] [LOG] [Fast Refresh] done in 7ms @ http://localhost:3000/_next/static/chunks/node_modules_next_dist_1e8vcs8._.js:776
[  244003ms] [LOG] [Fast Refresh] done in 7ms @ http://localhost:3000/_next/static/chunks/node_modules_next_dist_1e8vcs8._.js:776
[  244064ms] [LOG] [Fast Refresh] done in 7ms @ http://localhost:3000/_next/static/chunks/node_modules_next_dist_1e8vcs8._.js:776
[  244125ms] [LOG] [Fast Refresh] done in 7ms @ http://localhost:3000/_next/static/chunks/node_modules_next_dist_1e8vcs8._.js:776
[  244188ms] [LOG] [Fast Refresh] done in 7ms @ http://localhost:3000/_next/static/chunks/node_modules_next_dist_1e8vcs8._.js:776
[  244250ms] [LOG] [Fast Refresh] done in 7ms @ http://localhost:3000/_next/static/chunks/node_modules_next_dist_1e8vcs8._.js:776
[  244312ms] [LOG] [Fast Refresh] done in 7ms @ http://localhost:3000/_next/static/chunks/node_modules_next_dist_1e8vcs8._.js:776
[  244361ms] [LOG] [Fast Refresh] done in 7ms @ http://localhost:3000/_next/static/chunks/node_modules_next_dist_1e8vcs8._.js:776
[  244409ms] [LOG] [Fast Refresh] done in 7ms @ http://localhost:3000/_next/static/chunks/node_modules_next_dist_1e8vcs8._.js:776
[  244472ms] [LOG] [Fast Refresh] done in 7ms @ http://localhost:3000/_next/static/chunks/node_modules_next_dist_1e8vcs8._.js:776
[  244535ms] [LOG] [Fast Refresh] done in 7ms @ http://localhost:3000/_next/static/chunks/node_modules_next_dist_1e8vcs8._.js:776
[  244596ms] [LOG] [Fast Refresh] done in 7ms @ http://localhost:3000/_next/static/chunks/node_modules_next_dist_1e8vcs8._.js:776
[  244658ms] [LOG] [Fast Refresh] done in 7ms @ http://localhost:3000/_next/static/chunks/node_modules_next_dist_1e8vcs8._.js:776
[  244720ms] [LOG] [Fast Refresh] done in 7ms @ http://localhost:3000/_next/static/chunks/node_modules_next_dist_1e8vcs8._.js:776
[  244783ms] [LOG] [Fast Refresh] done in 7ms @ http://localhost:3000/_next/static/chunks/node_modules_next_dist_1e8vcs8._.js:776
[  244845ms] [LOG] [Fast Refresh] done in 7ms @ http://localhost:3000/_next/static/chunks/node_modules_next_dist_1e8vcs8._.js:776
[  244894ms] [LOG] [Fast Refresh] done in 7ms @ http://localhost:3000/_next/static/chunks/node_modules_next_dist_1e8vcs8._.js:776
[  244956ms] [LOG] [Fast Refresh] done in 7ms @ http://localhost:3000/_next/static/chunks/node_modules_next_dist_1e8vcs8._.js:776
[  245019ms] [LOG] [Fast Refresh] done in 7ms @ http://localhost:3000/_next/static/chunks/node_modules_next_dist_1e8vcs8._.js:776
[  245083ms] [LOG] [Fast Refresh] done in 7ms @ http://localhost:3000/_next/static/chunks/node_modules_next_dist_1e8vcs8._.js:776
[  245145ms] [LOG] [Fast Refresh] done in 7ms @ http://localhost:3000/_next/static/chunks/node_modules_next_dist_1e8vcs8._.js:776
[  245192ms] [LOG] [Fast Refresh] done in 7ms @ http://localhost:3000/_next/static/chunks/node_modules_next_dist_1e8vcs8._.js:776
[  245255ms] [LOG] [Fast Refresh] done in 7ms @ http://localhost:3000/_next/static/chunks/node_modules_next_dist_1e8vcs8._.js:776
[  245316ms] [LOG] [Fast Refresh] done in 7ms @ http://localhost:3000/_next/static/chunks/node_modules_next_dist_1e8vcs8._.js:776
[  245378ms] [LOG] [Fast Refresh] done in 7ms @ http://localhost:3000/_next/static/chunks/node_modules_next_dist_1e8vcs8._.js:776
[  245440ms] [LOG] [Fast Refresh] done in 7ms @ http://localhost:3000/_next/static/chunks/node_modules_next_dist_1e8vcs8._.js:776
[  245503ms] [LOG] [Fast Refresh] done in 7ms @ http://localhost:3000/_next/static/chunks/node_modules_next_dist_1e8vcs8._.js:776
[  245566ms] [LOG] [Fast Refresh] done in 7ms @ http://localhost:3000/_next/static/chunks/node_modules_next_dist_1e8vcs8._.js:776
[  245627ms] [LOG] [Fast Refresh] done in 7ms @ http://localhost:3000/_next/static/chunks/node_modules_next_dist_1e8vcs8._.js:776
[  245689ms] [LOG] [Fast Refresh] done in 7ms @ http://localhost:3000/_next/static/chunks/node_modules_next_dist_1e8vcs8._.js:776
[  245752ms] [LOG] [Fast Refresh] done in 7ms @ http://localhost:3000/_next/static/chunks/node_modules_next_dist_1e8vcs8._.js:776
[  245814ms] [LOG] [Fast Refresh] done in 7ms @ http://localhost:3000/_next/static/chunks/node_modules_next_dist_1e8vcs8._.js:776
[  245874ms] [LOG] [Fast Refresh] done in 7ms @ http://localhost:3000/_next/static/chunks/node_modules_next_dist_1e8vcs8._.js:776
[  245921ms] [LOG] [Fast Refresh] done in 7ms @ http://localhost:3000/_next/static/chunks/node_modules_next_dist_1e8vcs8._.js:776
[  245984ms] [LOG] [Fast Refresh] done in 7ms @ http://localhost:3000/_next/static/chunks/node_modules_next_dist_1e8vcs8._.js:776
[  246033ms] [LOG] [Fast Refresh] done in 7ms @ http://localhost:3000/_next/static/chunks/node_modules_next_dist_1e8vcs8._.js:776
[  246094ms] [LOG] [Fast Refresh] done in 7ms @ http://localhost:3000/_next/static/chunks/node_modules_next_dist_1e8vcs8._.js:776
[  246157ms] [LOG] [Fast Refresh] done in 7ms @ http://localhost:3000/_next/static/chunks/node_modules_next_dist_1e8vcs8._.js:776
[  246219ms] [LOG] [Fast Refresh] done in 7ms @ http://localhost:3000/_next/static/chunks/node_modules_next_dist_1e8vcs8._.js:776
[  246281ms] [LOG] [Fast Refresh] done in 7ms @ http://localhost:3000/_next/static/chunks/node_modules_next_dist_1e8vcs8._.js:776
[  246344ms] [LOG] [Fast Refresh] done in 7ms @ http://localhost:3000/_next/static/chunks/node_modules_next_dist_1e8vcs8._.js:776
[  246405ms] [LOG] [Fast Refresh] done in 7ms @ http://localhost:3000/_next/static/chunks/node_modules_next_dist_1e8vcs8._.js:776
[  246467ms] [LOG] [Fast Refresh] done in 7ms @ http://localhost:3000/_next/static/chunks/node_modules_next_dist_1e8vcs8._.js:776
[  246529ms] [LOG] [Fast Refresh] done in 7ms @ http://localhost:3000/_next/static/chunks/node_modules_next_dist_1e8vcs8._.js:776
[  246592ms] [LOG] [Fast Refresh] done in 7ms @ http://localhost:3000/_next/static/chunks/node_modules_next_dist_1e8vcs8._.js:776
[  246656ms] [LOG] [Fast Refresh] done in 7ms @ http://localhost:3000/_next/static/chunks/node_modules_next_dist_1e8vcs8._.js:776
[  246716ms] [LOG] [Fast Refresh] done in 7ms @ http://localhost:3000/_next/static/chunks/node_modules_next_dist_1e8vcs8._.js:776
[  246779ms] [LOG] [Fast Refresh] done in 7ms @ http://localhost:3000/_next/static/chunks/node_modules_next_dist_1e8vcs8._.js:776
[  246839ms] [LOG] [Fast Refresh] done in 7ms @ http://localhost:3000/_next/static/chunks/node_modules_next_dist_1e8vcs8._.js:776
[  246900ms] [LOG] [Fast Refresh] done in 7ms @ http://localhost:3000/_next/static/chunks/node_modules_next_dist_1e8vcs8._.js:776
[  246962ms] [LOG] [Fast Refresh] done in 7ms @ http://localhost:3000/_next/static/chunks/node_modules_next_dist_1e8vcs8._.js:776
[  247024ms] [LOG] [Fast Refresh] done in 7ms @ http://localhost:3000/_next/static/chunks/node_modules_next_dist_1e8vcs8._.js:776
[  247087ms] [LOG] [Fast Refresh] done in 7ms @ http://localhost:3000/_next/static/chunks/node_modules_next_dist_1e8vcs8._.js:776
[  247149ms] [LOG] [Fast Refresh] done in 7ms @ http://localhost:3000/_next/static/chunks/node_modules_next_dist_1e8vcs8._.js:776
[  247211ms] [LOG] [Fast Refresh] done in 7ms @ http://localhost:3000/_next/static/chunks/node_modules_next_dist_1e8vcs8._.js:776
[  247273ms] [LOG] [Fast Refresh] done in 7ms @ http://localhost:3000/_next/static/chunks/node_modules_next_dist_1e8vcs8._.js:776
[  247336ms] [LOG] [Fast Refresh] done in 7ms @ http://localhost:3000/_next/static/chunks/node_modules_next_dist_1e8vcs8._.js:776
[  247396ms] [LOG] [Fast Refresh] done in 7ms @ http://localhost:3000/_next/static/chunks/node_modules_next_dist_1e8vcs8._.js:776
[  247459ms] [LOG] [Fast Refresh] done in 7ms @ http://localhost:3000/_next/static/chunks/node_modules_next_dist_1e8vcs8._.js:776
[  247519ms] [LOG] [Fast Refresh] done in 7ms @ http://localhost:3000/_next/static/chunks/node_modules_next_dist_1e8vcs8._.js:776
[  247566ms] [LOG] [Fast Refresh] done in 7ms @ http://localhost:3000/_next/static/chunks/node_modules_next_dist_1e8vcs8._.js:776
[  247628ms] [LOG] [Fast Refresh] done in 7ms @ http://localhost:3000/_next/static/chunks/node_modules_next_dist_1e8vcs8._.js:776
[  247690ms] [LOG] [Fast Refresh] done in 7ms @ http://localhost:3000/_next/static/chunks/node_modules_next_dist_1e8vcs8._.js:776
[  247751ms] [LOG] [Fast Refresh] done in 7ms @ http://localhost:3000/_next/static/chunks/node_modules_next_dist_1e8vcs8._.js:776
[  247813ms] [LOG] [Fast Refresh] done in 7ms @ http://localhost:3000/_next/static/chunks/node_modules_next_dist_1e8vcs8._.js:776
[  247860ms] [LOG] [Fast Refresh] done in 7ms @ http://localhost:3000/_next/static/chunks/node_modules_next_dist_1e8vcs8._.js:776
[  247908ms] [LOG] [Fast Refresh] done in 7ms @ http://localhost:3000/_next/static/chunks/node_modules_next_dist_1e8vcs8._.js:776
[  247969ms] [LOG] [Fast Refresh] done in 7ms @ http://localhost:3000/_next/static/chunks/node_modules_next_dist_1e8vcs8._.js:776
[  248031ms] [LOG] [Fast Refresh] done in 7ms @ http://localhost:3000/_next/static/chunks/node_modules_next_dist_1e8vcs8._.js:776
[  248078ms] [LOG] [Fast Refresh] done in 7ms @ http://localhost:3000/_next/static/chunks/node_modules_next_dist_1e8vcs8._.js:776
[  248140ms] [LOG] [Fast Refresh] done in 7ms @ http://localhost:3000/_next/static/chunks/node_modules_next_dist_1e8vcs8._.js:776
[  248202ms] [LOG] [Fast Refresh] done in 7ms @ http://localhost:3000/_next/static/chunks/node_modules_next_dist_1e8vcs8._.js:776
[  248249ms] [LOG] [Fast Refresh] done in 7ms @ http://localhost:3000/_next/static/chunks/node_modules_next_dist_1e8vcs8._.js:776
[  248311ms] [LOG] [Fast Refresh] done in 7ms @ http://localhost:3000/_next/static/chunks/node_modules_next_dist_1e8vcs8._.js:776
[  248374ms] [LOG] [Fast Refresh] done in 7ms @ http://localhost:3000/_next/static/chunks/node_modules_next_dist_1e8vcs8._.js:776
[  248435ms] [LOG] [Fast Refresh] done in 7ms @ http://localhost:3000/_next/static/chunks/node_modules_next_dist_1e8vcs8._.js:776
[  248498ms] [LOG] [Fast Refresh] done in 7ms @ http://localhost:3000/_next/static/chunks/node_modules_next_dist_1e8vcs8._.js:776
[  248545ms] [LOG] [Fast Refresh] done in 7ms @ http://localhost:3000/_next/static/chunks/node_modules_next_dist_1e8vcs8._.js:776
[  248607ms] [LOG] [Fast Refresh] done in 7ms @ http://localhost:3000/_next/static/chunks/node_modules_next_dist_1e8vcs8._.js:776
[  248669ms] [LOG] [Fast Refresh] done in 7ms @ http://localhost:3000/_next/static/chunks/node_modules_next_dist_1e8vcs8._.js:776
[  248729ms] [LOG] [Fast Refresh] done in 7ms @ http://localhost:3000/_next/static/chunks/node_modules_next_dist_1e8vcs8._.js:776
[  248792ms] [LOG] [Fast Refresh] done in 7ms @ http://localhost:3000/_next/static/chunks/node_modules_next_dist_1e8vcs8._.js:776
[  248839ms] [LOG] [Fast Refresh] done in 7ms @ http://localhost:3000/_next/static/chunks/node_modules_next_dist_1e8vcs8._.js:776
[  248900ms] [LOG] [Fast Refresh] done in 7ms @ http://localhost:3000/_next/static/chunks/node_modules_next_dist_1e8vcs8._.js:776
[  248962ms] [LOG] [Fast Refresh] done in 7ms @ http://localhost:3000/_next/static/chunks/node_modules_next_dist_1e8vcs8._.js:776
[  249023ms] [LOG] [Fast Refresh] done in 7ms @ http://localhost:3000/_next/static/chunks/node_modules_next_dist_1e8vcs8._.js:776
[  249085ms] [LOG] [Fast Refresh] done in 7ms @ http://localhost:3000/_next/static/chunks/node_modules_next_dist_1e8vcs8._.js:776
[  249147ms] [LOG] [Fast Refresh] done in 7ms @ http://localhost:3000/_next/static/chunks/node_modules_next_dist_1e8vcs8._.js:776
[  249209ms] [LOG] [Fast Refresh] done in 7ms @ http://localhost:3000/_next/static/chunks/node_modules_next_dist_1e8vcs8._.js:776
[  249272ms] [LOG] [Fast Refresh] done in 7ms @ http://localhost:3000/_next/static/chunks/node_modules_next_dist_1e8vcs8._.js:776
[  249334ms] [LOG] [Fast Refresh] done in 7ms @ http://localhost:3000/_next/static/chunks/node_modules_next_dist_1e8vcs8._.js:776
[  249382ms] [LOG] [Fast Refresh] done in 7ms @ http://localhost:3000/_next/static/chunks/node_modules_next_dist_1e8vcs8._.js:776
[  249443ms] [LOG] [Fast Refresh] done in 7ms @ http://localhost:3000/_next/static/chunks/node_modules_next_dist_1e8vcs8._.js:776
[  249506ms] [LOG] [Fast Refresh] done in 7ms @ http://localhost:3000/_next/static/chunks/node_modules_next_dist_1e8vcs8._.js:776
[  249568ms] [LOG] [Fast Refresh] done in 7ms @ http://localhost:3000/_next/static/chunks/node_modules_next_dist_1e8vcs8._.js:776
[  249630ms] [LOG] [Fast Refresh] done in 7ms @ http://localhost:3000/_next/static/chunks/node_modules_next_dist_1e8vcs8._.js:776
[  249678ms] [LOG] [Fast Refresh] done in 7ms @ http://localhost:3000/_next/static/chunks/node_modules_next_dist_1e8vcs8._.js:776
[  249741ms] [LOG] [Fast Refresh] done in 7ms @ http://localhost:3000/_next/static/chunks/node_modules_next_dist_1e8vcs8._.js:776
[  249802ms] [LOG] [Fast Refresh] done in 7ms @ http://localhost:3000/_next/static/chunks/node_modules_next_dist_1e8vcs8._.js:776
[  249865ms] [LOG] [Fast Refresh] done in 7ms @ http://localhost:3000/_next/static/chunks/node_modules_next_dist_1e8vcs8._.js:776
[  249927ms] [LOG] [Fast Refresh] done in 7ms @ http://localhost:3000/_next/static/chunks/node_modules_next_dist_1e8vcs8._.js:776
[  249988ms] [LOG] [Fast Refresh] done in 7ms @ http://localhost:3000/_next/static/chunks/node_modules_next_dist_1e8vcs8._.js:776
[  250051ms] [LOG] [Fast Refresh] done in 7ms @ http://localhost:3000/_next/static/chunks/node_modules_next_dist_1e8vcs8._.js:776
[  250099ms] [LOG] [Fast Refresh] done in 7ms @ http://localhost:3000/_next/static/chunks/node_modules_next_dist_1e8vcs8._.js:776
[  250160ms] [LOG] [Fast Refresh] done in 7ms @ http://localhost:3000/_next/static/chunks/node_modules_next_dist_1e8vcs8._.js:776
[  250224ms] [LOG] [Fast Refresh] done in 7ms @ http://localhost:3000/_next/static/chunks/node_modules_next_dist_1e8vcs8._.js:776
[  250286ms] [LOG] [Fast Refresh] done in 7ms @ http://localhost:3000/_next/static/chunks/node_modules_next_dist_1e8vcs8._.js:776
[  250346ms] [LOG] [Fast Refresh] done in 7ms @ http://localhost:3000/_next/static/chunks/node_modules_next_dist_1e8vcs8._.js:776
[  250406ms] [LOG] [Fast Refresh] done in 7ms @ http://localhost:3000/_next/static/chunks/node_modules_next_dist_1e8vcs8._.js:776
[  250469ms] [LOG] [Fast Refresh] done in 7ms @ http://localhost:3000/_next/static/chunks/node_modules_next_dist_1e8vcs8._.js:776
[  250516ms] [LOG] [Fast Refresh] done in 7ms @ http://localhost:3000/_next/static/chunks/node_modules_next_dist_1e8vcs8._.js:776
[  250578ms] [LOG] [Fast Refresh] done in 7ms @ http://localhost:3000/_next/static/chunks/node_modules_next_dist_1e8vcs8._.js:776
[  250640ms] [LOG] [Fast Refresh] done in 7ms @ http://localhost:3000/_next/static/chunks/node_modules_next_dist_1e8vcs8._.js:776
[  250700ms] [LOG] [Fast Refresh] done in 7ms @ http://localhost:3000/_next/static/chunks/node_modules_next_dist_1e8vcs8._.js:776
[  250762ms] [LOG] [Fast Refresh] done in 7ms @ http://localhost:3000/_next/static/chunks/node_modules_next_dist_1e8vcs8._.js:776
[  250824ms] [LOG] [Fast Refresh] done in 7ms @ http://localhost:3000/_next/static/chunks/node_modules_next_dist_1e8vcs8._.js:776
[  250884ms] [LOG] [Fast Refresh] done in 7ms @ http://localhost:3000/_next/static/chunks/node_modules_next_dist_1e8vcs8._.js:776
[  250946ms] [LOG] [Fast Refresh] done in 7ms @ http://localhost:3000/_next/static/chunks/node_modules_next_dist_1e8vcs8._.js:776
[  251008ms] [LOG] [Fast Refresh] done in 7ms @ http://localhost:3000/_next/static/chunks/node_modules_next_dist_1e8vcs8._.js:776
[  251056ms] [LOG] [Fast Refresh] done in 7ms @ http://localhost:3000/_next/static/chunks/node_modules_next_dist_1e8vcs8._.js:776
[  251119ms] [LOG] [Fast Refresh] done in 7ms @ http://localhost:3000/_next/static/chunks/node_modules_next_dist_1e8vcs8._.js:776
[  251181ms] [LOG] [Fast Refresh] done in 7ms @ http://localhost:3000/_next/static/chunks/node_modules_next_dist_1e8vcs8._.js:776
[  251244ms] [LOG] [Fast Refresh] done in 7ms @ http://localhost:3000/_next/static/chunks/node_modules_next_dist_1e8vcs8._.js:776
[  251304ms] [LOG] [Fast Refresh] done in 7ms @ http://localhost:3000/_next/static/chunks/node_modules_next_dist_1e8vcs8._.js:776
[  251366ms] [LOG] [Fast Refresh] done in 7ms @ http://localhost:3000/_next/static/chunks/node_modules_next_dist_1e8vcs8._.js:776
[  251428ms] [LOG] [Fast Refresh] done in 7ms @ http://localhost:3000/_next/static/chunks/node_modules_next_dist_1e8vcs8._.js:776
[  251490ms] [LOG] [Fast Refresh] done in 7ms @ http://localhost:3000/_next/static/chunks/node_modules_next_dist_1e8vcs8._.js:776
[  251550ms] [LOG] [Fast Refresh] done in 7ms @ http://localhost:3000/_next/static/chunks/node_modules_next_dist_1e8vcs8._.js:776
[  251612ms] [LOG] [Fast Refresh] done in 7ms @ http://localhost:3000/_next/static/chunks/node_modules_next_dist_1e8vcs8._.js:776
[  251673ms] [LOG] [Fast Refresh] done in 7ms @ http://localhost:3000/_next/static/chunks/node_modules_next_dist_1e8vcs8._.js:776
[  251735ms] [LOG] [Fast Refresh] done in 7ms @ http://localhost:3000/_next/static/chunks/node_modules_next_dist_1e8vcs8._.js:776
[  251797ms] [LOG] [Fast Refresh] done in 7ms @ http://localhost:3000/_next/static/chunks/node_modules_next_dist_1e8vcs8._.js:776
[  251861ms] [LOG] [Fast Refresh] done in 7ms @ http://localhost:3000/_next/static/chunks/node_modules_next_dist_1e8vcs8._.js:776
[  251909ms] [LOG] [Fast Refresh] done in 7ms @ http://localhost:3000/_next/static/chunks/node_modules_next_dist_1e8vcs8._.js:776
[  251972ms] [LOG] [Fast Refresh] done in 7ms @ http://localhost:3000/_next/static/chunks/node_modules_next_dist_1e8vcs8._.js:776
[  252033ms] [LOG] [Fast Refresh] done in 7ms @ http://localhost:3000/_next/static/chunks/node_modules_next_dist_1e8vcs8._.js:776
[  252094ms] [LOG] [Fast Refresh] done in 7ms @ http://localhost:3000/_next/static/chunks/node_modules_next_dist_1e8vcs8._.js:776
[  252158ms] [LOG] [Fast Refresh] done in 7ms @ http://localhost:3000/_next/static/chunks/node_modules_next_dist_1e8vcs8._.js:776
[  252220ms] [LOG] [Fast Refresh] done in 7ms @ http://localhost:3000/_next/static/chunks/node_modules_next_dist_1e8vcs8._.js:776
[  252281ms] [LOG] [Fast Refresh] done in 7ms @ http://localhost:3000/_next/static/chunks/node_modules_next_dist_1e8vcs8._.js:776
[  252343ms] [LOG] [Fast Refresh] done in 7ms @ http://localhost:3000/_next/static/chunks/node_modules_next_dist_1e8vcs8._.js:776
[  252404ms] [LOG] [Fast Refresh] done in 7ms @ http://localhost:3000/_next/static/chunks/node_modules_next_dist_1e8vcs8._.js:776
[  252451ms] [LOG] [Fast Refresh] done in 7ms @ http://localhost:3000/_next/static/chunks/node_modules_next_dist_1e8vcs8._.js:776
[  252513ms] [LOG] [Fast Refresh] done in 7ms @ http://localhost:3000/_next/static/chunks/node_modules_next_dist_1e8vcs8._.js:776
[  252573ms] [LOG] [Fast Refresh] done in 7ms @ http://localhost:3000/_next/static/chunks/node_modules_next_dist_1e8vcs8._.js:776
[  252636ms] [LOG] [Fast Refresh] done in 7ms @ http://localhost:3000/_next/static/chunks/node_modules_next_dist_1e8vcs8._.js:776
[  252699ms] [LOG] [Fast Refresh] done in 7ms @ http://localhost:3000/_next/static/chunks/node_modules_next_dist_1e8vcs8._.js:776
[  252758ms] [LOG] [Fast Refresh] done in 7ms @ http://localhost:3000/_next/static/chunks/node_modules_next_dist_1e8vcs8._.js:776
[  252818ms] [LOG] [Fast Refresh] done in 7ms @ http://localhost:3000/_next/static/chunks/node_modules_next_dist_1e8vcs8._.js:776
[  252881ms] [LOG] [Fast Refresh] done in 7ms @ http://localhost:3000/_next/static/chunks/node_modules_next_dist_1e8vcs8._.js:776
[  252928ms] [LOG] [Fast Refresh] done in 7ms @ http://localhost:3000/_next/static/chunks/node_modules_next_dist_1e8vcs8._.js:776
[  252990ms] [LOG] [Fast Refresh] done in 7ms @ http://localhost:3000/_next/static/chunks/node_modules_next_dist_1e8vcs8._.js:776
[  253050ms] [LOG] [Fast Refresh] done in 7ms @ http://localhost:3000/_next/static/chunks/node_modules_next_dist_1e8vcs8._.js:776
[  253112ms] [LOG] [Fast Refresh] done in 7ms @ http://localhost:3000/_next/static/chunks/node_modules_next_dist_1e8vcs8._.js:776
[  253174ms] [LOG] [Fast Refresh] done in 7ms @ http://localhost:3000/_next/static/chunks/node_modules_next_dist_1e8vcs8._.js:776
[  253222ms] [LOG] [Fast Refresh] done in 7ms @ http://localhost:3000/_next/static/chunks/node_modules_next_dist_1e8vcs8._.js:776
[  253284ms] [LOG] [Fast Refresh] done in 7ms @ http://localhost:3000/_next/static/chunks/node_modules_next_dist_1e8vcs8._.js:776
[  253346ms] [LOG] [Fast Refresh] done in 7ms @ http://localhost:3000/_next/static/chunks/node_modules_next_dist_1e8vcs8._.js:776
[  253407ms] [LOG] [Fast Refresh] done in 7ms @ http://localhost:3000/_next/static/chunks/node_modules_next_dist_1e8vcs8._.js:776
[  253468ms] [LOG] [Fast Refresh] done in 7ms @ http://localhost:3000/_next/static/chunks/node_modules_next_dist_1e8vcs8._.js:776
[  253529ms] [LOG] [Fast Refresh] done in 7ms @ http://localhost:3000/_next/static/chunks/node_modules_next_dist_1e8vcs8._.js:776
[  253590ms] [LOG] [Fast Refresh] done in 7ms @ http://localhost:3000/_next/static/chunks/node_modules_next_dist_1e8vcs8._.js:776
[  253638ms] [LOG] [Fast Refresh] done in 7ms @ http://localhost:3000/_next/static/chunks/node_modules_next_dist_1e8vcs8._.js:776
[  253699ms] [LOG] [Fast Refresh] done in 7ms @ http://localhost:3000/_next/static/chunks/node_modules_next_dist_1e8vcs8._.js:776
[  253762ms] [LOG] [Fast Refresh] done in 7ms @ http://localhost:3000/_next/static/chunks/node_modules_next_dist_1e8vcs8._.js:776
[  253824ms] [LOG] [Fast Refresh] done in 7ms @ http://localhost:3000/_next/static/chunks/node_modules_next_dist_1e8vcs8._.js:776
[  253888ms] [LOG] [Fast Refresh] done in 7ms @ http://localhost:3000/_next/static/chunks/node_modules_next_dist_1e8vcs8._.js:776
[  253951ms] [LOG] [Fast Refresh] done in 7ms @ http://localhost:3000/_next/static/chunks/node_modules_next_dist_1e8vcs8._.js:776
[  254012ms] [LOG] [Fast Refresh] done in 7ms @ http://localhost:3000/_next/static/chunks/node_modules_next_dist_1e8vcs8._.js:776
[  254060ms] [LOG] [Fast Refresh] done in 7ms @ http://localhost:3000/_next/static/chunks/node_modules_next_dist_1e8vcs8._.js:776
[  254122ms] [LOG] [Fast Refresh] done in 7ms @ http://localhost:3000/_next/static/chunks/node_modules_next_dist_1e8vcs8._.js:776
[  254185ms] [LOG] [Fast Refresh] done in 7ms @ http://localhost:3000/_next/static/chunks/node_modules_next_dist_1e8vcs8._.js:776
[  254247ms] [LOG] [Fast Refresh] done in 7ms @ http://localhost:3000/_next/static/chunks/node_modules_next_dist_1e8vcs8._.js:776
[  254311ms] [LOG] [Fast Refresh] done in 7ms @ http://localhost:3000/_next/static/chunks/node_modules_next_dist_1e8vcs8._.js:776
[  254373ms] [LOG] [Fast Refresh] done in 7ms @ http://localhost:3000/_next/static/chunks/node_modules_next_dist_1e8vcs8._.js:776
[  254420ms] [LOG] [Fast Refresh] done in 7ms @ http://localhost:3000/_next/static/chunks/node_modules_next_dist_1e8vcs8._.js:776
[  254481ms] [LOG] [Fast Refresh] done in 7ms @ http://localhost:3000/_next/static/chunks/node_modules_next_dist_1e8vcs8._.js:776
[  254542ms] [LOG] [Fast Refresh] done in 7ms @ http://localhost:3000/_next/static/chunks/node_modules_next_dist_1e8vcs8._.js:776
[  254605ms] [LOG] [Fast Refresh] done in 7ms @ http://localhost:3000/_next/static/chunks/node_modules_next_dist_1e8vcs8._.js:776
[  254665ms] [LOG] [Fast Refresh] done in 7ms @ http://localhost:3000/_next/static/chunks/node_modules_next_dist_1e8vcs8._.js:776
[  254727ms] [LOG] [Fast Refresh] done in 7ms @ http://localhost:3000/_next/static/chunks/node_modules_next_dist_1e8vcs8._.js:776
[  254788ms] [LOG] [Fast Refresh] done in 7ms @ http://localhost:3000/_next/static/chunks/node_modules_next_dist_1e8vcs8._.js:776
[  254848ms] [LOG] [Fast Refresh] done in 7ms @ http://localhost:3000/_next/static/chunks/node_modules_next_dist_1e8vcs8._.js:776
[  254910ms] [LOG] [Fast Refresh] done in 7ms @ http://localhost:3000/_next/static/chunks/node_modules_next_dist_1e8vcs8._.js:776
[  254974ms] [LOG] [Fast Refresh] done in 7ms @ http://localhost:3000/_next/static/chunks/node_modules_next_dist_1e8vcs8._.js:776
[  255036ms] [LOG] [Fast Refresh] done in 7ms @ http://localhost:3000/_next/static/chunks/node_modules_next_dist_1e8vcs8._.js:776
[  255098ms] [LOG] [Fast Refresh] done in 7ms @ http://localhost:3000/_next/static/chunks/node_modules_next_dist_1e8vcs8._.js:776
[  255160ms] [LOG] [Fast Refresh] done in 7ms @ http://localhost:3000/_next/static/chunks/node_modules_next_dist_1e8vcs8._.js:776
[  255220ms] [LOG] [Fast Refresh] done in 7ms @ http://localhost:3000/_next/static/chunks/node_modules_next_dist_1e8vcs8._.js:776
[  255280ms] [LOG] [Fast Refresh] done in 7ms @ http://localhost:3000/_next/static/chunks/node_modules_next_dist_1e8vcs8._.js:776
[  255343ms] [LOG] [Fast Refresh] done in 7ms @ http://localhost:3000/_next/static/chunks/node_modules_next_dist_1e8vcs8._.js:776
[  255390ms] [LOG] [Fast Refresh] done in 7ms @ http://localhost:3000/_next/static/chunks/node_modules_next_dist_1e8vcs8._.js:776
[  255452ms] [LOG] [Fast Refresh] done in 7ms @ http://localhost:3000/_next/static/chunks/node_modules_next_dist_1e8vcs8._.js:776
[  255514ms] [LOG] [Fast Refresh] done in 7ms @ http://localhost:3000/_next/static/chunks/node_modules_next_dist_1e8vcs8._.js:776
[  255577ms] [LOG] [Fast Refresh] done in 7ms @ http://localhost:3000/_next/static/chunks/node_modules_next_dist_1e8vcs8._.js:776
[  255638ms] [LOG] [Fast Refresh] done in 7ms @ http://localhost:3000/_next/static/chunks/node_modules_next_dist_1e8vcs8._.js:776
[  255699ms] [LOG] [Fast Refresh] done in 7ms @ http://localhost:3000/_next/static/chunks/node_modules_next_dist_1e8vcs8._.js:776
[  255761ms] [LOG] [Fast Refresh] done in 7ms @ http://localhost:3000/_next/static/chunks/node_modules_next_dist_1e8vcs8._.js:776
[  255822ms] [LOG] [Fast Refresh] done in 7ms @ http://localhost:3000/_next/static/chunks/node_modules_next_dist_1e8vcs8._.js:776
[  255885ms] [LOG] [Fast Refresh] done in 7ms @ http://localhost:3000/_next/static/chunks/node_modules_next_dist_1e8vcs8._.js:776
[  255948ms] [LOG] [Fast Refresh] done in 7ms @ http://localhost:3000/_next/static/chunks/node_modules_next_dist_1e8vcs8._.js:776
[  256011ms] [LOG] [Fast Refresh] done in 7ms @ http://localhost:3000/_next/static/chunks/node_modules_next_dist_1e8vcs8._.js:776
[  256072ms] [LOG] [Fast Refresh] done in 7ms @ http://localhost:3000/_next/static/chunks/node_modules_next_dist_1e8vcs8._.js:776
[  256119ms] [LOG] [Fast Refresh] done in 7ms @ http://localhost:3000/_next/static/chunks/node_modules_next_dist_1e8vcs8._.js:776
[  256181ms] [LOG] [Fast Refresh] done in 7ms @ http://localhost:3000/_next/static/chunks/node_modules_next_dist_1e8vcs8._.js:776
[  256243ms] [LOG] [Fast Refresh] done in 7ms @ http://localhost:3000/_next/static/chunks/node_modules_next_dist_1e8vcs8._.js:776
[  256304ms] [LOG] [Fast Refresh] done in 7ms @ http://localhost:3000/_next/static/chunks/node_modules_next_dist_1e8vcs8._.js:776
[  256366ms] [LOG] [Fast Refresh] done in 7ms @ http://localhost:3000/_next/static/chunks/node_modules_next_dist_1e8vcs8._.js:776
[  256427ms] [LOG] [Fast Refresh] done in 7ms @ http://localhost:3000/_next/static/chunks/node_modules_next_dist_1e8vcs8._.js:776
[  256491ms] [LOG] [Fast Refresh] done in 7ms @ http://localhost:3000/_next/static/chunks/node_modules_next_dist_1e8vcs8._.js:776
[  256552ms] [LOG] [Fast Refresh] done in 7ms @ http://localhost:3000/_next/static/chunks/node_modules_next_dist_1e8vcs8._.js:776
[  256614ms] [LOG] [Fast Refresh] done in 7ms @ http://localhost:3000/_next/static/chunks/node_modules_next_dist_1e8vcs8._.js:776
[  256677ms] [LOG] [Fast Refresh] done in 7ms @ http://localhost:3000/_next/static/chunks/node_modules_next_dist_1e8vcs8._.js:776
[  256740ms] [LOG] [Fast Refresh] done in 7ms @ http://localhost:3000/_next/static/chunks/node_modules_next_dist_1e8vcs8._.js:776
[  256801ms] [LOG] [Fast Refresh] done in 7ms @ http://localhost:3000/_next/static/chunks/node_modules_next_dist_1e8vcs8._.js:776
[  256864ms] [LOG] [Fast Refresh] done in 7ms @ http://localhost:3000/_next/static/chunks/node_modules_next_dist_1e8vcs8._.js:776
[  256925ms] [LOG] [Fast Refresh] done in 7ms @ http://localhost:3000/_next/static/chunks/node_modules_next_dist_1e8vcs8._.js:776
[  256988ms] [LOG] [Fast Refresh] done in 7ms @ http://localhost:3000/_next/static/chunks/node_modules_next_dist_1e8vcs8._.js:776
[  257049ms] [LOG] [Fast Refresh] done in 7ms @ http://localhost:3000/_next/static/chunks/node_modules_next_dist_1e8vcs8._.js:776
[  257110ms] [LOG] [Fast Refresh] done in 7ms @ http://localhost:3000/_next/static/chunks/node_modules_next_dist_1e8vcs8._.js:776
[  257173ms] [LOG] [Fast Refresh] done in 7ms @ http://localhost:3000/_next/static/chunks/node_modules_next_dist_1e8vcs8._.js:776
[  257236ms] [LOG] [Fast Refresh] done in 7ms @ http://localhost:3000/_next/static/chunks/node_modules_next_dist_1e8vcs8._.js:776
[  257298ms] [LOG] [Fast Refresh] done in 7ms @ http://localhost:3000/_next/static/chunks/node_modules_next_dist_1e8vcs8._.js:776
[  257359ms] [LOG] [Fast Refresh] done in 7ms @ http://localhost:3000/_next/static/chunks/node_modules_next_dist_1e8vcs8._.js:776
[  257419ms] [LOG] [Fast Refresh] done in 7ms @ http://localhost:3000/_next/static/chunks/node_modules_next_dist_1e8vcs8._.js:776
[  257482ms] [LOG] [Fast Refresh] done in 7ms @ http://localhost:3000/_next/static/chunks/node_modules_next_dist_1e8vcs8._.js:776
[  257544ms] [LOG] [Fast Refresh] done in 7ms @ http://localhost:3000/_next/static/chunks/node_modules_next_dist_1e8vcs8._.js:776
[  257606ms] [LOG] [Fast Refresh] done in 7ms @ http://localhost:3000/_next/static/chunks/node_modules_next_dist_1e8vcs8._.js:776
[  257667ms] [LOG] [Fast Refresh] done in 7ms @ http://localhost:3000/_next/static/chunks/node_modules_next_dist_1e8vcs8._.js:776
[  257729ms] [LOG] [Fast Refresh] done in 7ms @ http://localhost:3000/_next/static/chunks/node_modules_next_dist_1e8vcs8._.js:776
[  257777ms] [LOG] [Fast Refresh] done in 7ms @ http://localhost:3000/_next/static/chunks/node_modules_next_dist_1e8vcs8._.js:776
[  257839ms] [LOG] [Fast Refresh] done in 7ms @ http://localhost:3000/_next/static/chunks/node_modules_next_dist_1e8vcs8._.js:776
[  257886ms] [LOG] [Fast Refresh] done in 7ms @ http://localhost:3000/_next/static/chunks/node_modules_next_dist_1e8vcs8._.js:776
[  257934ms] [LOG] [Fast Refresh] done in 7ms @ http://localhost:3000/_next/static/chunks/node_modules_next_dist_1e8vcs8._.js:776
[  257997ms] [LOG] [Fast Refresh] done in 7ms @ http://localhost:3000/_next/static/chunks/node_modules_next_dist_1e8vcs8._.js:776
[  258060ms] [LOG] [Fast Refresh] done in 7ms @ http://localhost:3000/_next/static/chunks/node_modules_next_dist_1e8vcs8._.js:776
[  258122ms] [LOG] [Fast Refresh] done in 7ms @ http://localhost:3000/_next/static/chunks/node_modules_next_dist_1e8vcs8._.js:776
[  258184ms] [LOG] [Fast Refresh] done in 7ms @ http://localhost:3000/_next/static/chunks/node_modules_next_dist_1e8vcs8._.js:776
[  258246ms] [LOG] [Fast Refresh] done in 7ms @ http://localhost:3000/_next/static/chunks/node_modules_next_dist_1e8vcs8._.js:776
[  258308ms] [LOG] [Fast Refresh] done in 7ms @ http://localhost:3000/_next/static/chunks/node_modules_next_dist_1e8vcs8._.js:776
[  258371ms] [LOG] [Fast Refresh] done in 7ms @ http://localhost:3000/_next/static/chunks/node_modules_next_dist_1e8vcs8._.js:776
[  258433ms] [LOG] [Fast Refresh] done in 7ms @ http://localhost:3000/_next/static/chunks/node_modules_next_dist_1e8vcs8._.js:776
[  258495ms] [LOG] [Fast Refresh] done in 7ms @ http://localhost:3000/_next/static/chunks/node_modules_next_dist_1e8vcs8._.js:776
[  258556ms] [LOG] [Fast Refresh] done in 7ms @ http://localhost:3000/_next/static/chunks/node_modules_next_dist_1e8vcs8._.js:776
[  258618ms] [LOG] [Fast Refresh] done in 7ms @ http://localhost:3000/_next/static/chunks/node_modules_next_dist_1e8vcs8._.js:776
[  258680ms] [LOG] [Fast Refresh] done in 7ms @ http://localhost:3000/_next/static/chunks/node_modules_next_dist_1e8vcs8._.js:776
[  258742ms] [LOG] [Fast Refresh] done in 7ms @ http://localhost:3000/_next/static/chunks/node_modules_next_dist_1e8vcs8._.js:776
[  258805ms] [LOG] [Fast Refresh] done in 7ms @ http://localhost:3000/_next/static/chunks/node_modules_next_dist_1e8vcs8._.js:776
[  258867ms] [LOG] [Fast Refresh] done in 7ms @ http://localhost:3000/_next/static/chunks/node_modules_next_dist_1e8vcs8._.js:776
[  258928ms] [LOG] [Fast Refresh] done in 7ms @ http://localhost:3000/_next/static/chunks/node_modules_next_dist_1e8vcs8._.js:776
[  258990ms] [LOG] [Fast Refresh] done in 7ms @ http://localhost:3000/_next/static/chunks/node_modules_next_dist_1e8vcs8._.js:776
[  259051ms] [LOG] [Fast Refresh] done in 7ms @ http://localhost:3000/_next/static/chunks/node_modules_next_dist_1e8vcs8._.js:776
[  259112ms] [LOG] [Fast Refresh] done in 7ms @ http://localhost:3000/_next/static/chunks/node_modules_next_dist_1e8vcs8._.js:776
[  259173ms] [LOG] [Fast Refresh] done in 7ms @ http://localhost:3000/_next/static/chunks/node_modules_next_dist_1e8vcs8._.js:776
[  259234ms] [LOG] [Fast Refresh] done in 7ms @ http://localhost:3000/_next/static/chunks/node_modules_next_dist_1e8vcs8._.js:776
[  259282ms] [LOG] [Fast Refresh] done in 7ms @ http://localhost:3000/_next/static/chunks/node_modules_next_dist_1e8vcs8._.js:776
[  259345ms] [LOG] [Fast Refresh] done in 7ms @ http://localhost:3000/_next/static/chunks/node_modules_next_dist_1e8vcs8._.js:776
[  259405ms] [LOG] [Fast Refresh] done in 7ms @ http://localhost:3000/_next/static/chunks/node_modules_next_dist_1e8vcs8._.js:776
[  259465ms] [LOG] [Fast Refresh] done in 7ms @ http://localhost:3000/_next/static/chunks/node_modules_next_dist_1e8vcs8._.js:776
[  259527ms] [LOG] [Fast Refresh] done in 7ms @ http://localhost:3000/_next/static/chunks/node_modules_next_dist_1e8vcs8._.js:776
[  259589ms] [LOG] [Fast Refresh] done in 7ms @ http://localhost:3000/_next/static/chunks/node_modules_next_dist_1e8vcs8._.js:776
[  259649ms] [LOG] [Fast Refresh] done in 7ms @ http://localhost:3000/_next/static/chunks/node_modules_next_dist_1e8vcs8._.js:776
[  259710ms] [LOG] [Fast Refresh] done in 7ms @ http://localhost:3000/_next/static/chunks/node_modules_next_dist_1e8vcs8._.js:776
[  259772ms] [LOG] [Fast Refresh] done in 7ms @ http://localhost:3000/_next/static/chunks/node_modules_next_dist_1e8vcs8._.js:776
[  259835ms] [LOG] [Fast Refresh] done in 7ms @ http://localhost:3000/_next/static/chunks/node_modules_next_dist_1e8vcs8._.js:776
[  259897ms] [LOG] [Fast Refresh] done in 7ms @ http://localhost:3000/_next/static/chunks/node_modules_next_dist_1e8vcs8._.js:776
[  259959ms] [LOG] [Fast Refresh] done in 7ms @ http://localhost:3000/_next/static/chunks/node_modules_next_dist_1e8vcs8._.js:776
[  260020ms] [LOG] [Fast Refresh] done in 7ms @ http://localhost:3000/_next/static/chunks/node_modules_next_dist_1e8vcs8._.js:776
[  260080ms] [LOG] [Fast Refresh] done in 7ms @ http://localhost:3000/_next/static/chunks/node_modules_next_dist_1e8vcs8._.js:776
[  260142ms] [LOG] [Fast Refresh] done in 7ms @ http://localhost:3000/_next/static/chunks/node_modules_next_dist_1e8vcs8._.js:776
[  260205ms] [LOG] [Fast Refresh] done in 7ms @ http://localhost:3000/_next/static/chunks/node_modules_next_dist_1e8vcs8._.js:776
[  260267ms] [LOG] [Fast Refresh] done in 7ms @ http://localhost:3000/_next/static/chunks/node_modules_next_dist_1e8vcs8._.js:776
[  260329ms] [LOG] [Fast Refresh] done in 7ms @ http://localhost:3000/_next/static/chunks/node_modules_next_dist_1e8vcs8._.js:776
[  260377ms] [LOG] [Fast Refresh] done in 7ms @ http://localhost:3000/_next/static/chunks/node_modules_next_dist_1e8vcs8._.js:776
[  260439ms] [LOG] [Fast Refresh] done in 7ms @ http://localhost:3000/_next/static/chunks/node_modules_next_dist_1e8vcs8._.js:776
[  260502ms] [INFO] %cDownload the React DevTools for a better development experience: https://react.dev/link/react-devtools font-weight:bold @ http://localhost:3000/_next/static/chunks/node_modules_next_dist_1e8vcs8._.js:776
[  260512ms] [LOG] [HMR] connected @ http://localhost:3000/_next/static/chunks/node_modules_next_dist_1e8vcs8._.js:776
[  260582ms] [ERROR] You provided a `value` prop to a form field without an `onChange` handler. This will render a read-only field. If the field should be mutable use `defaultValue`. Otherwise, set either `onChange` or `readOnly`. @ http://localhost:3000/_next/static/chunks/node_modules_next_dist_1e8vcs8._.js:1052
[  260584ms] [ERROR] You provided a `value` prop to a form field without an `onChange` handler. This will render a read-only field. If the field should be mutable use `defaultValue`. Otherwise, set either `onChange` or `readOnly`. @ http://localhost:3000/_next/static/chunks/node_modules_next_dist_1e8vcs8._.js:1052
[  260685ms] [ERROR] Invalid prop `%s` supplied to `React.Fragment`. React.Fragment can only have `key`, `ref`, and `children` props. id @ http://localhost:3000/_next/static/chunks/node_modules_next_dist_1e8vcs8._.js:1052
[  260734ms] [WARNING] THREE.WARNING: Multiple instances of Three.js being imported. @ http://localhost:3000/_next/static/chunks/node_modules_next_dist_1e8vcs8._.js:776
[  261068ms] [WARNING] THREE.Clock: This module has been deprecated. Please use THREE.Timer instead. @ http://localhost:3000/_next/static/chunks/node_modules_next_dist_1e8vcs8._.js:776
[  261084ms] [WARNING] THREE.Clock: This module has been deprecated. Please use THREE.Timer instead. @ http://localhost:3000/_next/static/chunks/node_modules_next_dist_1e8vcs8._.js:776
[  261084ms] [WARNING] THREE.Clock: This module has been deprecated. Please use THREE.Timer instead. @ http://localhost:3000/_next/static/chunks/node_modules_next_dist_1e8vcs8._.js:776
[  306464ms] [INFO] %cDownload the React DevTools for a better development experience: https://react.dev/link/react-devtools font-weight:bold @ http://localhost:3000/_next/static/chunks/node_modules_next_dist_1e8vcs8._.js:776
[  306476ms] [LOG] [HMR] connected @ http://localhost:3000/_next/static/chunks/node_modules_next_dist_1e8vcs8._.js:776
[  306546ms] [ERROR] You provided a `value` prop to a form field without an `onChange` handler. This will render a read-only field. If the field should be mutable use `defaultValue`. Otherwise, set either `onChange` or `readOnly`. @ http://localhost:3000/_next/static/chunks/node_modules_next_dist_1e8vcs8._.js:1052
[  306547ms] [ERROR] You provided a `value` prop to a form field without an `onChange` handler. This will render a read-only field. If the field should be mutable use `defaultValue`. Otherwise, set either `onChange` or `readOnly`. @ http://localhost:3000/_next/static/chunks/node_modules_next_dist_1e8vcs8._.js:1052
[  306647ms] [ERROR] Invalid prop `%s` supplied to `React.Fragment`. React.Fragment can only have `key`, `ref`, and `children` props. id @ http://localhost:3000/_next/static/chunks/node_modules_next_dist_1e8vcs8._.js:1052
[  306697ms] [WARNING] THREE.WARNING: Multiple instances of Three.js being imported. @ http://localhost:3000/_next/static/chunks/node_modules_next_dist_1e8vcs8._.js:776
[  307034ms] [WARNING] THREE.Clock: This module has been deprecated. Please use THREE.Timer instead. @ http://localhost:3000/_next/static/chunks/node_modules_next_dist_1e8vcs8._.js:776
[  307050ms] [WARNING] THREE.Clock: This module has been deprecated. Please use THREE.Timer instead. @ http://localhost:3000/_next/static/chunks/node_modules_next_dist_1e8vcs8._.js:776
[  307051ms] [WARNING] THREE.Clock: This module has been deprecated. Please use THREE.Timer instead. @ http://localhost:3000/_next/static/chunks/node_modules_next_dist_1e8vcs8._.js:776
[  360932ms] [INFO] %cDownload the React DevTools for a better development experience: https://react.dev/link/react-devtools font-weight:bold @ http://localhost:3000/_next/static/chunks/node_modules_next_dist_1e8vcs8._.js:776
[  360943ms] [LOG] [HMR] connected @ http://localhost:3000/_next/static/chunks/node_modules_next_dist_1e8vcs8._.js:776
[  361006ms] [ERROR] You provided a `value` prop to a form field without an `onChange` handler. This will render a read-only field. If the field should be mutable use `defaultValue`. Otherwise, set either `onChange` or `readOnly`. @ http://localhost:3000/_next/static/chunks/node_modules_next_dist_1e8vcs8._.js:1052
[  361007ms] [ERROR] You provided a `value` prop to a form field without an `onChange` handler. This will render a read-only field. If the field should be mutable use `defaultValue`. Otherwise, set either `onChange` or `readOnly`. @ http://localhost:3000/_next/static/chunks/node_modules_next_dist_1e8vcs8._.js:1052
[  361109ms] [ERROR] Invalid prop `%s` supplied to `React.Fragment`. React.Fragment can only have `key`, `ref`, and `children` props. id @ http://localhost:3000/_next/static/chunks/node_modules_next_dist_1e8vcs8._.js:1052
[  361169ms] [WARNING] THREE.WARNING: Multiple instances of Three.js being imported. @ http://localhost:3000/_next/static/chunks/node_modules_next_dist_1e8vcs8._.js:776
[  361493ms] [WARNING] THREE.Clock: This module has been deprecated. Please use THREE.Timer instead. @ http://localhost:3000/_next/static/chunks/node_modules_next_dist_1e8vcs8._.js:776
[  361507ms] [WARNING] THREE.Clock: This module has been deprecated. Please use THREE.Timer instead. @ http://localhost:3000/_next/static/chunks/node_modules_next_dist_1e8vcs8._.js:776
[  361507ms] [WARNING] THREE.Clock: This module has been deprecated. Please use THREE.Timer instead. @ http://localhost:3000/_next/static/chunks/node_modules_next_dist_1e8vcs8._.js:776
[  513462ms] [LOG] [Fast Refresh] rebuilding @ http://localhost:3000/_next/static/chunks/node_modules_next_dist_1e8vcs8._.js:776
[  513513ms] [ERROR] Invalid prop `%s` supplied to `React.Fragment`. React.Fragment can only have `key`, `ref`, and `children` props. id @ http://localhost:3000/_next/static/chunks/node_modules_next_dist_1e8vcs8._.js:1052
[  513532ms] [WARNING] THREE.Clock: This module has been deprecated. Please use THREE.Timer instead. @ http://localhost:3000/_next/static/chunks/node_modules_next_dist_1e8vcs8._.js:776
[  513533ms] [WARNING] THREE.Clock: This module has been deprecated. Please use THREE.Timer instead. @ http://localhost:3000/_next/static/chunks/node_modules_next_dist_1e8vcs8._.js:776
[  513535ms] [LOG] [Fast Refresh] done in 10ms @ http://localhost:3000/_next/static/chunks/node_modules_next_dist_1e8vcs8._.js:776
[  513593ms] [LOG] [Fast Refresh] done in 10ms @ http://localhost:3000/_next/static/chunks/node_modules_next_dist_1e8vcs8._.js:776
[  513605ms] [ERROR] Invalid prop `%s` supplied to `React.Fragment`. React.Fragment can only have `key`, `ref`, and `children` props. id @ http://localhost:3000/_next/static/chunks/node_modules_next_dist_1e8vcs8._.js:1052
[  513625ms] [WARNING] THREE.Clock: This module has been deprecated. Please use THREE.Timer instead. @ http://localhost:3000/_next/static/chunks/node_modules_next_dist_1e8vcs8._.js:776
[  513626ms] [WARNING] THREE.Clock: This module has been deprecated. Please use THREE.Timer instead. @ http://localhost:3000/_next/static/chunks/node_modules_next_dist_1e8vcs8._.js:776
[  513683ms] [LOG] [Fast Refresh] done in 10ms @ http://localhost:3000/_next/static/chunks/node_modules_next_dist_1e8vcs8._.js:776
[  513733ms] [LOG] [Fast Refresh] done in 10ms @ http://localhost:3000/_next/static/chunks/node_modules_next_dist_1e8vcs8._.js:776
[  513778ms] [LOG] [Fast Refresh] done in 10ms @ http://localhost:3000/_next/static/chunks/node_modules_next_dist_1e8vcs8._.js:776
[  513839ms] [LOG] [Fast Refresh] done in 10ms @ http://localhost:3000/_next/static/chunks/node_modules_next_dist_1e8vcs8._.js:776
[  513902ms] [LOG] [Fast Refresh] done in 10ms @ http://localhost:3000/_next/static/chunks/node_modules_next_dist_1e8vcs8._.js:776
[  513965ms] [LOG] [Fast Refresh] done in 10ms @ http://localhost:3000/_next/static/chunks/node_modules_next_dist_1e8vcs8._.js:776
[  514026ms] [LOG] [Fast Refresh] done in 10ms @ http://localhost:3000/_next/static/chunks/node_modules_next_dist_1e8vcs8._.js:776
[  514087ms] [LOG] [Fast Refresh] done in 10ms @ http://localhost:3000/_next/static/chunks/node_modules_next_dist_1e8vcs8._.js:776
[  514149ms] [LOG] [Fast Refresh] done in 10ms @ http://localhost:3000/_next/static/chunks/node_modules_next_dist_1e8vcs8._.js:776
[  514210ms] [LOG] [Fast Refresh] done in 10ms @ http://localhost:3000/_next/static/chunks/node_modules_next_dist_1e8vcs8._.js:776
[  514273ms] [LOG] [Fast Refresh] done in 10ms @ http://localhost:3000/_next/static/chunks/node_modules_next_dist_1e8vcs8._.js:776
[  514337ms] [LOG] [Fast Refresh] done in 10ms @ http://localhost:3000/_next/static/chunks/node_modules_next_dist_1e8vcs8._.js:776
[  514400ms] [LOG] [Fast Refresh] done in 10ms @ http://localhost:3000/_next/static/chunks/node_modules_next_dist_1e8vcs8._.js:776
[  514462ms] [LOG] [Fast Refresh] done in 10ms @ http://localhost:3000/_next/static/chunks/node_modules_next_dist_1e8vcs8._.js:776
[  514525ms] [LOG] [Fast Refresh] done in 10ms @ http://localhost:3000/_next/static/chunks/node_modules_next_dist_1e8vcs8._.js:776
[  514587ms] [LOG] [Fast Refresh] done in 10ms @ http://localhost:3000/_next/static/chunks/node_modules_next_dist_1e8vcs8._.js:776
[  514648ms] [LOG] [Fast Refresh] done in 10ms @ http://localhost:3000/_next/static/chunks/node_modules_next_dist_1e8vcs8._.js:776
[  514710ms] [LOG] [Fast Refresh] done in 10ms @ http://localhost:3000/_next/static/chunks/node_modules_next_dist_1e8vcs8._.js:776
[  514771ms] [LOG] [Fast Refresh] done in 10ms @ http://localhost:3000/_next/static/chunks/node_modules_next_dist_1e8vcs8._.js:776
[  514833ms] [LOG] [Fast Refresh] done in 10ms @ http://localhost:3000/_next/static/chunks/node_modules_next_dist_1e8vcs8._.js:776
[  514896ms] [LOG] [Fast Refresh] done in 10ms @ http://localhost:3000/_next/static/chunks/node_modules_next_dist_1e8vcs8._.js:776
[  514957ms] [LOG] [Fast Refresh] done in 10ms @ http://localhost:3000/_next/static/chunks/node_modules_next_dist_1e8vcs8._.js:776
[  515018ms] [LOG] [Fast Refresh] done in 10ms @ http://localhost:3000/_next/static/chunks/node_modules_next_dist_1e8vcs8._.js:776
[  515080ms] [LOG] [Fast Refresh] done in 10ms @ http://localhost:3000/_next/static/chunks/node_modules_next_dist_1e8vcs8._.js:776
[  515142ms] [LOG] [Fast Refresh] done in 10ms @ http://localhost:3000/_next/static/chunks/node_modules_next_dist_1e8vcs8._.js:776
[  515205ms] [LOG] [Fast Refresh] done in 10ms @ http://localhost:3000/_next/static/chunks/node_modules_next_dist_1e8vcs8._.js:776
[  515267ms] [LOG] [Fast Refresh] done in 10ms @ http://localhost:3000/_next/static/chunks/node_modules_next_dist_1e8vcs8._.js:776
[  515332ms] [LOG] [Fast Refresh] done in 10ms @ http://localhost:3000/_next/static/chunks/node_modules_next_dist_1e8vcs8._.js:776
[  515393ms] [LOG] [Fast Refresh] done in 10ms @ http://localhost:3000/_next/static/chunks/node_modules_next_dist_1e8vcs8._.js:776
[  515441ms] [LOG] [Fast Refresh] done in 10ms @ http://localhost:3000/_next/static/chunks/node_modules_next_dist_1e8vcs8._.js:776
[  515504ms] [LOG] [Fast Refresh] done in 10ms @ http://localhost:3000/_next/static/chunks/node_modules_next_dist_1e8vcs8._.js:776
[  515567ms] [LOG] [Fast Refresh] done in 10ms @ http://localhost:3000/_next/static/chunks/node_modules_next_dist_1e8vcs8._.js:776
[  515629ms] [LOG] [Fast Refresh] done in 10ms @ http://localhost:3000/_next/static/chunks/node_modules_next_dist_1e8vcs8._.js:776
[  515691ms] [LOG] [Fast Refresh] done in 10ms @ http://localhost:3000/_next/static/chunks/node_modules_next_dist_1e8vcs8._.js:776
[  515754ms] [LOG] [Fast Refresh] done in 10ms @ http://localhost:3000/_next/static/chunks/node_modules_next_dist_1e8vcs8._.js:776
[  515817ms] [LOG] [Fast Refresh] done in 10ms @ http://localhost:3000/_next/static/chunks/node_modules_next_dist_1e8vcs8._.js:776
[  515880ms] [LOG] [Fast Refresh] done in 10ms @ http://localhost:3000/_next/static/chunks/node_modules_next_dist_1e8vcs8._.js:776
[  515941ms] [LOG] [Fast Refresh] done in 10ms @ http://localhost:3000/_next/static/chunks/node_modules_next_dist_1e8vcs8._.js:776
[  516003ms] [LOG] [Fast Refresh] done in 10ms @ http://localhost:3000/_next/static/chunks/node_modules_next_dist_1e8vcs8._.js:776
[  516066ms] [LOG] [Fast Refresh] done in 10ms @ http://localhost:3000/_next/static/chunks/node_modules_next_dist_1e8vcs8._.js:776
[  516126ms] [LOG] [Fast Refresh] done in 10ms @ http://localhost:3000/_next/static/chunks/node_modules_next_dist_1e8vcs8._.js:776
[  516189ms] [LOG] [Fast Refresh] done in 10ms @ http://localhost:3000/_next/static/chunks/node_modules_next_dist_1e8vcs8._.js:776
[  516250ms] [LOG] [Fast Refresh] done in 10ms @ http://localhost:3000/_next/static/chunks/node_modules_next_dist_1e8vcs8._.js:776
[  516312ms] [LOG] [Fast Refresh] done in 10ms @ http://localhost:3000/_next/static/chunks/node_modules_next_dist_1e8vcs8._.js:776
[  516374ms] [LOG] [Fast Refresh] done in 10ms @ http://localhost:3000/_next/static/chunks/node_modules_next_dist_1e8vcs8._.js:776
[  516437ms] [LOG] [Fast Refresh] done in 10ms @ http://localhost:3000/_next/static/chunks/node_modules_next_dist_1e8vcs8._.js:776
[  516484ms] [LOG] [Fast Refresh] done in 10ms @ http://localhost:3000/_next/static/chunks/node_modules_next_dist_1e8vcs8._.js:776
[  516548ms] [LOG] [Fast Refresh] done in 10ms @ http://localhost:3000/_next/static/chunks/node_modules_next_dist_1e8vcs8._.js:776
[  516609ms] [LOG] [Fast Refresh] done in 10ms @ http://localhost:3000/_next/static/chunks/node_modules_next_dist_1e8vcs8._.js:776
[  516671ms] [LOG] [Fast Refresh] done in 10ms @ http://localhost:3000/_next/static/chunks/node_modules_next_dist_1e8vcs8._.js:776
[  516732ms] [LOG] [Fast Refresh] done in 10ms @ http://localhost:3000/_next/static/chunks/node_modules_next_dist_1e8vcs8._.js:776
[  516793ms] [LOG] [Fast Refresh] done in 10ms @ http://localhost:3000/_next/static/chunks/node_modules_next_dist_1e8vcs8._.js:776
[  516854ms] [LOG] [Fast Refresh] done in 10ms @ http://localhost:3000/_next/static/chunks/node_modules_next_dist_1e8vcs8._.js:776
[  516915ms] [LOG] [Fast Refresh] done in 10ms @ http://localhost:3000/_next/static/chunks/node_modules_next_dist_1e8vcs8._.js:776
[  516977ms] [LOG] [Fast Refresh] done in 10ms @ http://localhost:3000/_next/static/chunks/node_modules_next_dist_1e8vcs8._.js:776
[  517038ms] [LOG] [Fast Refresh] done in 10ms @ http://localhost:3000/_next/static/chunks/node_modules_next_dist_1e8vcs8._.js:776
[  517100ms] [LOG] [Fast Refresh] done in 10ms @ http://localhost:3000/_next/static/chunks/node_modules_next_dist_1e8vcs8._.js:776
[  517163ms] [LOG] [Fast Refresh] done in 10ms @ http://localhost:3000/_next/static/chunks/node_modules_next_dist_1e8vcs8._.js:776
[  517227ms] [LOG] [Fast Refresh] done in 10ms @ http://localhost:3000/_next/static/chunks/node_modules_next_dist_1e8vcs8._.js:776
[  517289ms] [LOG] [Fast Refresh] done in 10ms @ http://localhost:3000/_next/static/chunks/node_modules_next_dist_1e8vcs8._.js:776
[  517352ms] [LOG] [Fast Refresh] done in 10ms @ http://localhost:3000/_next/static/chunks/node_modules_next_dist_1e8vcs8._.js:776
[  517414ms] [LOG] [Fast Refresh] done in 10ms @ http://localhost:3000/_next/static/chunks/node_modules_next_dist_1e8vcs8._.js:776
[  517461ms] [LOG] [Fast Refresh] done in 10ms @ http://localhost:3000/_next/static/chunks/node_modules_next_dist_1e8vcs8._.js:776
[  517509ms] [LOG] [Fast Refresh] done in 10ms @ http://localhost:3000/_next/static/chunks/node_modules_next_dist_1e8vcs8._.js:776
[  517572ms] [LOG] [Fast Refresh] done in 10ms @ http://localhost:3000/_next/static/chunks/node_modules_next_dist_1e8vcs8._.js:776
[  517635ms] [LOG] [Fast Refresh] done in 10ms @ http://localhost:3000/_next/static/chunks/node_modules_next_dist_1e8vcs8._.js:776
[  517695ms] [LOG] [Fast Refresh] done in 10ms @ http://localhost:3000/_next/static/chunks/node_modules_next_dist_1e8vcs8._.js:776
[  517758ms] [LOG] [Fast Refresh] done in 10ms @ http://localhost:3000/_next/static/chunks/node_modules_next_dist_1e8vcs8._.js:776
[  517853ms] [LOG] [Fast Refresh] done in 10ms @ http://localhost:3000/_next/static/chunks/node_modules_next_dist_1e8vcs8._.js:776
[  517912ms] [LOG] [Fast Refresh] done in 10ms @ http://localhost:3000/_next/static/chunks/node_modules_next_dist_1e8vcs8._.js:776
[  517976ms] [LOG] [Fast Refresh] done in 10ms @ http://localhost:3000/_next/static/chunks/node_modules_next_dist_1e8vcs8._.js:776
[  518055ms] [LOG] [Fast Refresh] done in 10ms @ http://localhost:3000/_next/static/chunks/node_modules_next_dist_1e8vcs8._.js:776
[  518160ms] [LOG] [Fast Refresh] done in 10ms @ http://localhost:3000/_next/static/chunks/node_modules_next_dist_1e8vcs8._.js:776
[  518223ms] [LOG] [Fast Refresh] done in 10ms @ http://localhost:3000/_next/static/chunks/node_modules_next_dist_1e8vcs8._.js:776
[  518284ms] [LOG] [Fast Refresh] done in 10ms @ http://localhost:3000/_next/static/chunks/node_modules_next_dist_1e8vcs8._.js:776
[  518333ms] [LOG] [Fast Refresh] done in 10ms @ http://localhost:3000/_next/static/chunks/node_modules_next_dist_1e8vcs8._.js:776
[  518394ms] [LOG] [Fast Refresh] done in 10ms @ http://localhost:3000/_next/static/chunks/node_modules_next_dist_1e8vcs8._.js:776
[  518456ms] [LOG] [Fast Refresh] done in 10ms @ http://localhost:3000/_next/static/chunks/node_modules_next_dist_1e8vcs8._.js:776
[  518517ms] [LOG] [Fast Refresh] done in 10ms @ http://localhost:3000/_next/static/chunks/node_modules_next_dist_1e8vcs8._.js:776
[  518579ms] [LOG] [Fast Refresh] done in 10ms @ http://localhost:3000/_next/static/chunks/node_modules_next_dist_1e8vcs8._.js:776
[  518641ms] [LOG] [Fast Refresh] done in 10ms @ http://localhost:3000/_next/static/chunks/node_modules_next_dist_1e8vcs8._.js:776
[  518704ms] [LOG] [Fast Refresh] done in 10ms @ http://localhost:3000/_next/static/chunks/node_modules_next_dist_1e8vcs8._.js:776
[  518767ms] [LOG] [Fast Refresh] done in 10ms @ http://localhost:3000/_next/static/chunks/node_modules_next_dist_1e8vcs8._.js:776
[  518828ms] [LOG] [Fast Refresh] done in 10ms @ http://localhost:3000/_next/static/chunks/node_modules_next_dist_1e8vcs8._.js:776
[  518891ms] [LOG] [Fast Refresh] done in 10ms @ http://localhost:3000/_next/static/chunks/node_modules_next_dist_1e8vcs8._.js:776
[  518953ms] [LOG] [Fast Refresh] done in 10ms @ http://localhost:3000/_next/static/chunks/node_modules_next_dist_1e8vcs8._.js:776
[  519014ms] [LOG] [Fast Refresh] done in 10ms @ http://localhost:3000/_next/static/chunks/node_modules_next_dist_1e8vcs8._.js:776
[  519076ms] [LOG] [Fast Refresh] done in 10ms @ http://localhost:3000/_next/static/chunks/node_modules_next_dist_1e8vcs8._.js:776
[  519138ms] [LOG] [Fast Refresh] done in 10ms @ http://localhost:3000/_next/static/chunks/node_modules_next_dist_1e8vcs8._.js:776
[  519200ms] [LOG] [Fast Refresh] done in 10ms @ http://localhost:3000/_next/static/chunks/node_modules_next_dist_1e8vcs8._.js:776
[  519262ms] [LOG] [Fast Refresh] done in 10ms @ http://localhost:3000/_next/static/chunks/node_modules_next_dist_1e8vcs8._.js:776
[  519323ms] [LOG] [Fast Refresh] done in 10ms @ http://localhost:3000/_next/static/chunks/node_modules_next_dist_1e8vcs8._.js:776
[  519384ms] [LOG] [Fast Refresh] done in 10ms @ http://localhost:3000/_next/static/chunks/node_modules_next_dist_1e8vcs8._.js:776
[  519447ms] [LOG] [Fast Refresh] done in 10ms @ http://localhost:3000/_next/static/chunks/node_modules_next_dist_1e8vcs8._.js:776
[  519509ms] [LOG] [Fast Refresh] done in 10ms @ http://localhost:3000/_next/static/chunks/node_modules_next_dist_1e8vcs8._.js:776
[  519570ms] [LOG] [Fast Refresh] done in 10ms @ http://localhost:3000/_next/static/chunks/node_modules_next_dist_1e8vcs8._.js:776
[  519632ms] [LOG] [Fast Refresh] done in 10ms @ http://localhost:3000/_next/static/chunks/node_modules_next_dist_1e8vcs8._.js:776
[  519693ms] [LOG] [Fast Refresh] done in 10ms @ http://localhost:3000/_next/static/chunks/node_modules_next_dist_1e8vcs8._.js:776
[  519754ms] [LOG] [Fast Refresh] done in 10ms @ http://localhost:3000/_next/static/chunks/node_modules_next_dist_1e8vcs8._.js:776
[  519813ms] [LOG] [Fast Refresh] done in 10ms @ http://localhost:3000/_next/static/chunks/node_modules_next_dist_1e8vcs8._.js:776
[  519875ms] [LOG] [Fast Refresh] done in 10ms @ http://localhost:3000/_next/static/chunks/node_modules_next_dist_1e8vcs8._.js:776
[  519938ms] [LOG] [Fast Refresh] done in 10ms @ http://localhost:3000/_next/static/chunks/node_modules_next_dist_1e8vcs8._.js:776
[  519999ms] [LOG] [Fast Refresh] done in 10ms @ http://localhost:3000/_next/static/chunks/node_modules_next_dist_1e8vcs8._.js:776
[  520060ms] [LOG] [Fast Refresh] done in 10ms @ http://localhost:3000/_next/static/chunks/node_modules_next_dist_1e8vcs8._.js:776
[  520122ms] [LOG] [Fast Refresh] done in 10ms @ http://localhost:3000/_next/static/chunks/node_modules_next_dist_1e8vcs8._.js:776
[  520185ms] [LOG] [Fast Refresh] done in 10ms @ http://localhost:3000/_next/static/chunks/node_modules_next_dist_1e8vcs8._.js:776
[  520249ms] [LOG] [Fast Refresh] done in 10ms @ http://localhost:3000/_next/static/chunks/node_modules_next_dist_1e8vcs8._.js:776
[  520310ms] [LOG] [Fast Refresh] done in 10ms @ http://localhost:3000/_next/static/chunks/node_modules_next_dist_1e8vcs8._.js:776
[  520371ms] [LOG] [Fast Refresh] done in 10ms @ http://localhost:3000/_next/static/chunks/node_modules_next_dist_1e8vcs8._.js:776
[  520433ms] [LOG] [Fast Refresh] done in 10ms @ http://localhost:3000/_next/static/chunks/node_modules_next_dist_1e8vcs8._.js:776
[  520496ms] [LOG] [Fast Refresh] done in 10ms @ http://localhost:3000/_next/static/chunks/node_modules_next_dist_1e8vcs8._.js:776
[  520559ms] [LOG] [Fast Refresh] done in 10ms @ http://localhost:3000/_next/static/chunks/node_modules_next_dist_1e8vcs8._.js:776
[  520621ms] [LOG] [Fast Refresh] done in 10ms @ http://localhost:3000/_next/static/chunks/node_modules_next_dist_1e8vcs8._.js:776
[  520682ms] [LOG] [Fast Refresh] done in 10ms @ http://localhost:3000/_next/static/chunks/node_modules_next_dist_1e8vcs8._.js:776
[  520744ms] [LOG] [Fast Refresh] done in 10ms @ http://localhost:3000/_next/static/chunks/node_modules_next_dist_1e8vcs8._.js:776
[  520804ms] [LOG] [Fast Refresh] done in 10ms @ http://localhost:3000/_next/static/chunks/node_modules_next_dist_1e8vcs8._.js:776
[  520865ms] [LOG] [Fast Refresh] done in 10ms @ http://localhost:3000/_next/static/chunks/node_modules_next_dist_1e8vcs8._.js:776
[  520925ms] [LOG] [Fast Refresh] done in 10ms @ http://localhost:3000/_next/static/chunks/node_modules_next_dist_1e8vcs8._.js:776
[  520987ms] [LOG] [Fast Refresh] done in 10ms @ http://localhost:3000/_next/static/chunks/node_modules_next_dist_1e8vcs8._.js:776
[  521050ms] [LOG] [Fast Refresh] done in 10ms @ http://localhost:3000/_next/static/chunks/node_modules_next_dist_1e8vcs8._.js:776
[  521112ms] [LOG] [Fast Refresh] done in 10ms @ http://localhost:3000/_next/static/chunks/node_modules_next_dist_1e8vcs8._.js:776
[  521174ms] [LOG] [Fast Refresh] done in 10ms @ http://localhost:3000/_next/static/chunks/node_modules_next_dist_1e8vcs8._.js:776
[  521237ms] [LOG] [Fast Refresh] done in 10ms @ http://localhost:3000/_next/static/chunks/node_modules_next_dist_1e8vcs8._.js:776
[  521282ms] [LOG] [Fast Refresh] done in 10ms @ http://localhost:3000/_next/static/chunks/node_modules_next_dist_1e8vcs8._.js:776
[  521348ms] [LOG] [Fast Refresh] done in 10ms @ http://localhost:3000/_next/static/chunks/node_modules_next_dist_1e8vcs8._.js:776
[  521410ms] [LOG] [Fast Refresh] done in 10ms @ http://localhost:3000/_next/static/chunks/node_modules_next_dist_1e8vcs8._.js:776
[  521471ms] [LOG] [Fast Refresh] done in 10ms @ http://localhost:3000/_next/static/chunks/node_modules_next_dist_1e8vcs8._.js:776
[  521532ms] [LOG] [Fast Refresh] done in 10ms @ http://localhost:3000/_next/static/chunks/node_modules_next_dist_1e8vcs8._.js:776
[  521578ms] [LOG] [Fast Refresh] done in 10ms @ http://localhost:3000/_next/static/chunks/node_modules_next_dist_1e8vcs8._.js:776
[  521640ms] [LOG] [Fast Refresh] done in 10ms @ http://localhost:3000/_next/static/chunks/node_modules_next_dist_1e8vcs8._.js:776
[  521702ms] [LOG] [Fast Refresh] done in 10ms @ http://localhost:3000/_next/static/chunks/node_modules_next_dist_1e8vcs8._.js:776
[  521765ms] [LOG] [Fast Refresh] done in 10ms @ http://localhost:3000/_next/static/chunks/node_modules_next_dist_1e8vcs8._.js:776
[  521826ms] [LOG] [Fast Refresh] done in 10ms @ http://localhost:3000/_next/static/chunks/node_modules_next_dist_1e8vcs8._.js:776
[  521889ms] [LOG] [Fast Refresh] done in 10ms @ http://localhost:3000/_next/static/chunks/node_modules_next_dist_1e8vcs8._.js:776
[  521937ms] [LOG] [Fast Refresh] done in 10ms @ http://localhost:3000/_next/static/chunks/node_modules_next_dist_1e8vcs8._.js:776
[  521998ms] [LOG] [Fast Refresh] done in 10ms @ http://localhost:3000/_next/static/chunks/node_modules_next_dist_1e8vcs8._.js:776
[  522105ms] [LOG] [Fast Refresh] done in 10ms @ http://localhost:3000/_next/static/chunks/node_modules_next_dist_1e8vcs8._.js:776
[  522165ms] [LOG] [Fast Refresh] done in 10ms @ http://localhost:3000/_next/static/chunks/node_modules_next_dist_1e8vcs8._.js:776
[  522226ms] [LOG] [Fast Refresh] done in 10ms @ http://localhost:3000/_next/static/chunks/node_modules_next_dist_1e8vcs8._.js:776
[  522288ms] [LOG] [Fast Refresh] done in 10ms @ http://localhost:3000/_next/static/chunks/node_modules_next_dist_1e8vcs8._.js:776
[  522371ms] [LOG] [Fast Refresh] done in 10ms @ http://localhost:3000/_next/static/chunks/node_modules_next_dist_1e8vcs8._.js:776
[  522472ms] [LOG] [Fast Refresh] done in 10ms @ http://localhost:3000/_next/static/chunks/node_modules_next_dist_1e8vcs8._.js:776
[  522533ms] [LOG] [Fast Refresh] done in 10ms @ http://localhost:3000/_next/static/chunks/node_modules_next_dist_1e8vcs8._.js:776
[  522593ms] [LOG] [Fast Refresh] done in 10ms @ http://localhost:3000/_next/static/chunks/node_modules_next_dist_1e8vcs8._.js:776
[  522655ms] [LOG] [Fast Refresh] done in 10ms @ http://localhost:3000/_next/static/chunks/node_modules_next_dist_1e8vcs8._.js:776
[  522717ms] [LOG] [Fast Refresh] done in 10ms @ http://localhost:3000/_next/static/chunks/node_modules_next_dist_1e8vcs8._.js:776
[  522778ms] [LOG] [Fast Refresh] done in 10ms @ http://localhost:3000/_next/static/chunks/node_modules_next_dist_1e8vcs8._.js:776
[  522838ms] [LOG] [Fast Refresh] done in 10ms @ http://localhost:3000/_next/static/chunks/node_modules_next_dist_1e8vcs8._.js:776
[  522900ms] [LOG] [Fast Refresh] done in 10ms @ http://localhost:3000/_next/static/chunks/node_modules_next_dist_1e8vcs8._.js:776
[  522962ms] [LOG] [Fast Refresh] done in 10ms @ http://localhost:3000/_next/static/chunks/node_modules_next_dist_1e8vcs8._.js:776
[  523010ms] [LOG] [Fast Refresh] done in 10ms @ http://localhost:3000/_next/static/chunks/node_modules_next_dist_1e8vcs8._.js:776
[  523072ms] [LOG] [Fast Refresh] done in 10ms @ http://localhost:3000/_next/static/chunks/node_modules_next_dist_1e8vcs8._.js:776
[  523134ms] [LOG] [Fast Refresh] done in 10ms @ http://localhost:3000/_next/static/chunks/node_modules_next_dist_1e8vcs8._.js:776
[  523182ms] [LOG] [Fast Refresh] done in 10ms @ http://localhost:3000/_next/static/chunks/node_modules_next_dist_1e8vcs8._.js:776
[  523244ms] [LOG] [Fast Refresh] done in 10ms @ http://localhost:3000/_next/static/chunks/node_modules_next_dist_1e8vcs8._.js:776
[  523307ms] [LOG] [Fast Refresh] done in 10ms @ http://localhost:3000/_next/static/chunks/node_modules_next_dist_1e8vcs8._.js:776
[  523370ms] [LOG] [Fast Refresh] done in 10ms @ http://localhost:3000/_next/static/chunks/node_modules_next_dist_1e8vcs8._.js:776
[  523432ms] [LOG] [Fast Refresh] done in 10ms @ http://localhost:3000/_next/static/chunks/node_modules_next_dist_1e8vcs8._.js:776
[  523493ms] [LOG] [Fast Refresh] done in 10ms @ http://localhost:3000/_next/static/chunks/node_modules_next_dist_1e8vcs8._.js:776
[  523555ms] [LOG] [Fast Refresh] done in 10ms @ http://localhost:3000/_next/static/chunks/node_modules_next_dist_1e8vcs8._.js:776
[  523618ms] [LOG] [Fast Refresh] done in 10ms @ http://localhost:3000/_next/static/chunks/node_modules_next_dist_1e8vcs8._.js:776
[  523679ms] [LOG] [Fast Refresh] done in 10ms @ http://localhost:3000/_next/static/chunks/node_modules_next_dist_1e8vcs8._.js:776
[  523726ms] [LOG] [Fast Refresh] done in 10ms @ http://localhost:3000/_next/static/chunks/node_modules_next_dist_1e8vcs8._.js:776
[  523787ms] [LOG] [Fast Refresh] done in 10ms @ http://localhost:3000/_next/static/chunks/node_modules_next_dist_1e8vcs8._.js:776
[  523851ms] [LOG] [Fast Refresh] done in 10ms @ http://localhost:3000/_next/static/chunks/node_modules_next_dist_1e8vcs8._.js:776
[  523899ms] [LOG] [Fast Refresh] done in 10ms @ http://localhost:3000/_next/static/chunks/node_modules_next_dist_1e8vcs8._.js:776
[  523961ms] [LOG] [Fast Refresh] done in 10ms @ http://localhost:3000/_next/static/chunks/node_modules_next_dist_1e8vcs8._.js:776
[  524009ms] [LOG] [Fast Refresh] done in 10ms @ http://localhost:3000/_next/static/chunks/node_modules_next_dist_1e8vcs8._.js:776
[  524071ms] [LOG] [Fast Refresh] done in 10ms @ http://localhost:3000/_next/static/chunks/node_modules_next_dist_1e8vcs8._.js:776
[  524131ms] [LOG] [Fast Refresh] done in 10ms @ http://localhost:3000/_next/static/chunks/node_modules_next_dist_1e8vcs8._.js:776
[  524194ms] [LOG] [Fast Refresh] done in 10ms @ http://localhost:3000/_next/static/chunks/node_modules_next_dist_1e8vcs8._.js:776
[  524256ms] [LOG] [Fast Refresh] done in 10ms @ http://localhost:3000/_next/static/chunks/node_modules_next_dist_1e8vcs8._.js:776
[  524305ms] [LOG] [Fast Refresh] done in 10ms @ http://localhost:3000/_next/static/chunks/node_modules_next_dist_1e8vcs8._.js:776
[  524366ms] [LOG] [Fast Refresh] done in 10ms @ http://localhost:3000/_next/static/chunks/node_modules_next_dist_1e8vcs8._.js:776
[  524430ms] [LOG] [Fast Refresh] done in 10ms @ http://localhost:3000/_next/static/chunks/node_modules_next_dist_1e8vcs8._.js:776
[  524492ms] [LOG] [Fast Refresh] done in 10ms @ http://localhost:3000/_next/static/chunks/node_modules_next_dist_1e8vcs8._.js:776
[  524555ms] [LOG] [Fast Refresh] done in 10ms @ http://localhost:3000/_next/static/chunks/node_modules_next_dist_1e8vcs8._.js:776
[  524615ms] [LOG] [Fast Refresh] done in 10ms @ http://localhost:3000/_next/static/chunks/node_modules_next_dist_1e8vcs8._.js:776
[  524677ms] [LOG] [Fast Refresh] done in 10ms @ http://localhost:3000/_next/static/chunks/node_modules_next_dist_1e8vcs8._.js:776
[  524739ms] [LOG] [Fast Refresh] done in 10ms @ http://localhost:3000/_next/static/chunks/node_modules_next_dist_1e8vcs8._.js:776
[  524801ms] [LOG] [Fast Refresh] done in 10ms @ http://localhost:3000/_next/static/chunks/node_modules_next_dist_1e8vcs8._.js:776
[  524865ms] [LOG] [Fast Refresh] done in 10ms @ http://localhost:3000/_next/static/chunks/node_modules_next_dist_1e8vcs8._.js:776
[  524926ms] [LOG] [Fast Refresh] done in 10ms @ http://localhost:3000/_next/static/chunks/node_modules_next_dist_1e8vcs8._.js:776
[  524987ms] [LOG] [Fast Refresh] done in 10ms @ http://localhost:3000/_next/static/chunks/node_modules_next_dist_1e8vcs8._.js:776
[  525048ms] [LOG] [Fast Refresh] done in 10ms @ http://localhost:3000/_next/static/chunks/node_modules_next_dist_1e8vcs8._.js:776
[  525095ms] [LOG] [Fast Refresh] done in 10ms @ http://localhost:3000/_next/static/chunks/node_modules_next_dist_1e8vcs8._.js:776
[  525155ms] [LOG] [Fast Refresh] done in 10ms @ http://localhost:3000/_next/static/chunks/node_modules_next_dist_1e8vcs8._.js:776
[  525218ms] [LOG] [Fast Refresh] done in 10ms @ http://localhost:3000/_next/static/chunks/node_modules_next_dist_1e8vcs8._.js:776
[  525282ms] [LOG] [Fast Refresh] done in 10ms @ http://localhost:3000/_next/static/chunks/node_modules_next_dist_1e8vcs8._.js:776
[  525344ms] [LOG] [Fast Refresh] done in 10ms @ http://localhost:3000/_next/static/chunks/node_modules_next_dist_1e8vcs8._.js:776
[  525407ms] [LOG] [Fast Refresh] done in 10ms @ http://localhost:3000/_next/static/chunks/node_modules_next_dist_1e8vcs8._.js:776
[  525470ms] [LOG] [Fast Refresh] done in 10ms @ http://localhost:3000/_next/static/chunks/node_modules_next_dist_1e8vcs8._.js:776
[  525531ms] [LOG] [Fast Refresh] done in 10ms @ http://localhost:3000/_next/static/chunks/node_modules_next_dist_1e8vcs8._.js:776
[  525593ms] [LOG] [Fast Refresh] done in 10ms @ http://localhost:3000/_next/static/chunks/node_modules_next_dist_1e8vcs8._.js:776
[  525656ms] [LOG] [Fast Refresh] done in 10ms @ http://localhost:3000/_next/static/chunks/node_modules_next_dist_1e8vcs8._.js:776
[  525718ms] [LOG] [Fast Refresh] done in 10ms @ http://localhost:3000/_next/static/chunks/node_modules_next_dist_1e8vcs8._.js:776
[  525779ms] [LOG] [Fast Refresh] done in 10ms @ http://localhost:3000/_next/static/chunks/node_modules_next_dist_1e8vcs8._.js:776
[  525841ms] [LOG] [Fast Refresh] done in 10ms @ http://localhost:3000/_next/static/chunks/node_modules_next_dist_1e8vcs8._.js:776
[  525903ms] [LOG] [Fast Refresh] done in 10ms @ http://localhost:3000/_next/static/chunks/node_modules_next_dist_1e8vcs8._.js:776
[  525965ms] [LOG] [Fast Refresh] done in 10ms @ http://localhost:3000/_next/static/chunks/node_modules_next_dist_1e8vcs8._.js:776
[  526028ms] [LOG] [Fast Refresh] done in 10ms @ http://localhost:3000/_next/static/chunks/node_modules_next_dist_1e8vcs8._.js:776
[  526090ms] [LOG] [Fast Refresh] done in 10ms @ http://localhost:3000/_next/static/chunks/node_modules_next_dist_1e8vcs8._.js:776
[  526153ms] [LOG] [Fast Refresh] done in 10ms @ http://localhost:3000/_next/static/chunks/node_modules_next_dist_1e8vcs8._.js:776
[  526215ms] [LOG] [Fast Refresh] done in 10ms @ http://localhost:3000/_next/static/chunks/node_modules_next_dist_1e8vcs8._.js:776
[  526278ms] [LOG] [Fast Refresh] done in 10ms @ http://localhost:3000/_next/static/chunks/node_modules_next_dist_1e8vcs8._.js:776
[  526340ms] [LOG] [Fast Refresh] done in 10ms @ http://localhost:3000/_next/static/chunks/node_modules_next_dist_1e8vcs8._.js:776
[  526404ms] [LOG] [Fast Refresh] done in 10ms @ http://localhost:3000/_next/static/chunks/node_modules_next_dist_1e8vcs8._.js:776
[  526465ms] [LOG] [Fast Refresh] done in 10ms @ http://localhost:3000/_next/static/chunks/node_modules_next_dist_1e8vcs8._.js:776
[  526528ms] [LOG] [Fast Refresh] done in 10ms @ http://localhost:3000/_next/static/chunks/node_modules_next_dist_1e8vcs8._.js:776
[  526576ms] [LOG] [Fast Refresh] done in 10ms @ http://localhost:3000/_next/static/chunks/node_modules_next_dist_1e8vcs8._.js:776
[  526636ms] [LOG] [Fast Refresh] done in 10ms @ http://localhost:3000/_next/static/chunks/node_modules_next_dist_1e8vcs8._.js:776
[  526699ms] [LOG] [Fast Refresh] done in 10ms @ http://localhost:3000/_next/static/chunks/node_modules_next_dist_1e8vcs8._.js:776
[  526760ms] [LOG] [Fast Refresh] done in 10ms @ http://localhost:3000/_next/static/chunks/node_modules_next_dist_1e8vcs8._.js:776
[  526821ms] [LOG] [Fast Refresh] done in 10ms @ http://localhost:3000/_next/static/chunks/node_modules_next_dist_1e8vcs8._.js:776
[  526866ms] [LOG] [Fast Refresh] done in 10ms @ http://localhost:3000/_next/static/chunks/node_modules_next_dist_1e8vcs8._.js:776
[  526929ms] [LOG] [Fast Refresh] done in 10ms @ http://localhost:3000/_next/static/chunks/node_modules_next_dist_1e8vcs8._.js:776
[  526990ms] [LOG] [Fast Refresh] done in 10ms @ http://localhost:3000/_next/static/chunks/node_modules_next_dist_1e8vcs8._.js:776
[  527038ms] [LOG] [Fast Refresh] done in 10ms @ http://localhost:3000/_next/static/chunks/node_modules_next_dist_1e8vcs8._.js:776
[  527102ms] [LOG] [Fast Refresh] done in 10ms @ http://localhost:3000/_next/static/chunks/node_modules_next_dist_1e8vcs8._.js:776
[  527163ms] [LOG] [Fast Refresh] done in 10ms @ http://localhost:3000/_next/static/chunks/node_modules_next_dist_1e8vcs8._.js:776
[  527226ms] [LOG] [Fast Refresh] done in 10ms @ http://localhost:3000/_next/static/chunks/node_modules_next_dist_1e8vcs8._.js:776
[  527289ms] [LOG] [Fast Refresh] done in 10ms @ http://localhost:3000/_next/static/chunks/node_modules_next_dist_1e8vcs8._.js:776
[  527351ms] [LOG] [Fast Refresh] done in 10ms @ http://localhost:3000/_next/static/chunks/node_modules_next_dist_1e8vcs8._.js:776
[  527413ms] [LOG] [Fast Refresh] done in 10ms @ http://localhost:3000/_next/static/chunks/node_modules_next_dist_1e8vcs8._.js:776
[  527476ms] [LOG] [Fast Refresh] done in 10ms @ http://localhost:3000/_next/static/chunks/node_modules_next_dist_1e8vcs8._.js:776
[  527537ms] [LOG] [Fast Refresh] done in 10ms @ http://localhost:3000/_next/static/chunks/node_modules_next_dist_1e8vcs8._.js:776
[  527599ms] [LOG] [Fast Refresh] done in 10ms @ http://localhost:3000/_next/static/chunks/node_modules_next_dist_1e8vcs8._.js:776
[  527662ms] [LOG] [Fast Refresh] done in 10ms @ http://localhost:3000/_next/static/chunks/node_modules_next_dist_1e8vcs8._.js:776
[  527726ms] [LOG] [Fast Refresh] done in 10ms @ http://localhost:3000/_next/static/chunks/node_modules_next_dist_1e8vcs8._.js:776
[  527787ms] [LOG] [Fast Refresh] done in 10ms @ http://localhost:3000/_next/static/chunks/node_modules_next_dist_1e8vcs8._.js:776
[  527834ms] [LOG] [Fast Refresh] done in 10ms @ http://localhost:3000/_next/static/chunks/node_modules_next_dist_1e8vcs8._.js:776
[  527895ms] [LOG] [Fast Refresh] done in 10ms @ http://localhost:3000/_next/static/chunks/node_modules_next_dist_1e8vcs8._.js:776
[  527956ms] [LOG] [Fast Refresh] done in 10ms @ http://localhost:3000/_next/static/chunks/node_modules_next_dist_1e8vcs8._.js:776
[  528017ms] [LOG] [Fast Refresh] done in 10ms @ http://localhost:3000/_next/static/chunks/node_modules_next_dist_1e8vcs8._.js:776
[  528076ms] [LOG] [Fast Refresh] done in 10ms @ http://localhost:3000/_next/static/chunks/node_modules_next_dist_1e8vcs8._.js:776
[  528139ms] [LOG] [Fast Refresh] done in 10ms @ http://localhost:3000/_next/static/chunks/node_modules_next_dist_1e8vcs8._.js:776
[  528200ms] [LOG] [Fast Refresh] done in 10ms @ http://localhost:3000/_next/static/chunks/node_modules_next_dist_1e8vcs8._.js:776
[  528262ms] [LOG] [Fast Refresh] done in 10ms @ http://localhost:3000/_next/static/chunks/node_modules_next_dist_1e8vcs8._.js:776
[  528309ms] [LOG] [Fast Refresh] done in 10ms @ http://localhost:3000/_next/static/chunks/node_modules_next_dist_1e8vcs8._.js:776
[  528371ms] [LOG] [Fast Refresh] done in 10ms @ http://localhost:3000/_next/static/chunks/node_modules_next_dist_1e8vcs8._.js:776
[  528434ms] [LOG] [Fast Refresh] done in 10ms @ http://localhost:3000/_next/static/chunks/node_modules_next_dist_1e8vcs8._.js:776
[  528496ms] [LOG] [Fast Refresh] done in 10ms @ http://localhost:3000/_next/static/chunks/node_modules_next_dist_1e8vcs8._.js:776
[  528558ms] [LOG] [Fast Refresh] done in 10ms @ http://localhost:3000/_next/static/chunks/node_modules_next_dist_1e8vcs8._.js:776
[  528618ms] [LOG] [Fast Refresh] done in 10ms @ http://localhost:3000/_next/static/chunks/node_modules_next_dist_1e8vcs8._.js:776
[  528681ms] [LOG] [Fast Refresh] done in 10ms @ http://localhost:3000/_next/static/chunks/node_modules_next_dist_1e8vcs8._.js:776
[  528742ms] [LOG] [Fast Refresh] done in 10ms @ http://localhost:3000/_next/static/chunks/node_modules_next_dist_1e8vcs8._.js:776
[  528804ms] [LOG] [Fast Refresh] done in 10ms @ http://localhost:3000/_next/static/chunks/node_modules_next_dist_1e8vcs8._.js:776
[  528865ms] [LOG] [Fast Refresh] done in 10ms @ http://localhost:3000/_next/static/chunks/node_modules_next_dist_1e8vcs8._.js:776
[  528926ms] [LOG] [Fast Refresh] done in 10ms @ http://localhost:3000/_next/static/chunks/node_modules_next_dist_1e8vcs8._.js:776
[  528990ms] [LOG] [Fast Refresh] done in 10ms @ http://localhost:3000/_next/static/chunks/node_modules_next_dist_1e8vcs8._.js:776
[  529052ms] [LOG] [Fast Refresh] done in 10ms @ http://localhost:3000/_next/static/chunks/node_modules_next_dist_1e8vcs8._.js:776
[  529100ms] [LOG] [Fast Refresh] done in 10ms @ http://localhost:3000/_next/static/chunks/node_modules_next_dist_1e8vcs8._.js:776
[  529163ms] [LOG] [Fast Refresh] done in 10ms @ http://localhost:3000/_next/static/chunks/node_modules_next_dist_1e8vcs8._.js:776
[  529225ms] [LOG] [Fast Refresh] done in 10ms @ http://localhost:3000/_next/static/chunks/node_modules_next_dist_1e8vcs8._.js:776
[  529272ms] [LOG] [Fast Refresh] done in 10ms @ http://localhost:3000/_next/static/chunks/node_modules_next_dist_1e8vcs8._.js:776
[  529334ms] [LOG] [Fast Refresh] done in 10ms @ http://localhost:3000/_next/static/chunks/node_modules_next_dist_1e8vcs8._.js:776
[  529397ms] [LOG] [Fast Refresh] done in 10ms @ http://localhost:3000/_next/static/chunks/node_modules_next_dist_1e8vcs8._.js:776
[  529459ms] [LOG] [Fast Refresh] done in 10ms @ http://localhost:3000/_next/static/chunks/node_modules_next_dist_1e8vcs8._.js:776
[  529522ms] [LOG] [Fast Refresh] done in 10ms @ http://localhost:3000/_next/static/chunks/node_modules_next_dist_1e8vcs8._.js:776
[  529584ms] [LOG] [Fast Refresh] done in 10ms @ http://localhost:3000/_next/static/chunks/node_modules_next_dist_1e8vcs8._.js:776
[  529645ms] [LOG] [Fast Refresh] done in 10ms @ http://localhost:3000/_next/static/chunks/node_modules_next_dist_1e8vcs8._.js:776
[  529709ms] [LOG] [Fast Refresh] done in 10ms @ http://localhost:3000/_next/static/chunks/node_modules_next_dist_1e8vcs8._.js:776
[  529770ms] [LOG] [Fast Refresh] done in 10ms @ http://localhost:3000/_next/static/chunks/node_modules_next_dist_1e8vcs8._.js:776
[  529832ms] [LOG] [Fast Refresh] done in 10ms @ http://localhost:3000/_next/static/chunks/node_modules_next_dist_1e8vcs8._.js:776
[  529893ms] [LOG] [Fast Refresh] done in 10ms @ http://localhost:3000/_next/static/chunks/node_modules_next_dist_1e8vcs8._.js:776
[  529956ms] [LOG] [Fast Refresh] done in 10ms @ http://localhost:3000/_next/static/chunks/node_modules_next_dist_1e8vcs8._.js:776
[  530018ms] [LOG] [Fast Refresh] done in 10ms @ http://localhost:3000/_next/static/chunks/node_modules_next_dist_1e8vcs8._.js:776
[  530066ms] [LOG] [Fast Refresh] done in 10ms @ http://localhost:3000/_next/static/chunks/node_modules_next_dist_1e8vcs8._.js:776
[  530128ms] [LOG] [Fast Refresh] done in 10ms @ http://localhost:3000/_next/static/chunks/node_modules_next_dist_1e8vcs8._.js:776
[  530190ms] [LOG] [Fast Refresh] done in 10ms @ http://localhost:3000/_next/static/chunks/node_modules_next_dist_1e8vcs8._.js:776
[  530253ms] [LOG] [Fast Refresh] done in 10ms @ http://localhost:3000/_next/static/chunks/node_modules_next_dist_1e8vcs8._.js:776
[  530316ms] [LOG] [Fast Refresh] done in 10ms @ http://localhost:3000/_next/static/chunks/node_modules_next_dist_1e8vcs8._.js:776
[  530378ms] [LOG] [Fast Refresh] done in 10ms @ http://localhost:3000/_next/static/chunks/node_modules_next_dist_1e8vcs8._.js:776
[  530440ms] [LOG] [Fast Refresh] done in 10ms @ http://localhost:3000/_next/static/chunks/node_modules_next_dist_1e8vcs8._.js:776
[  530502ms] [LOG] [Fast Refresh] done in 10ms @ http://localhost:3000/_next/static/chunks/node_modules_next_dist_1e8vcs8._.js:776
[  530550ms] [LOG] [Fast Refresh] done in 10ms @ http://localhost:3000/_next/static/chunks/node_modules_next_dist_1e8vcs8._.js:776
[  530611ms] [LOG] [Fast Refresh] done in 10ms @ http://localhost:3000/_next/static/chunks/node_modules_next_dist_1e8vcs8._.js:776
[  530673ms] [LOG] [Fast Refresh] done in 10ms @ http://localhost:3000/_next/static/chunks/node_modules_next_dist_1e8vcs8._.js:776
[  530736ms] [LOG] [Fast Refresh] done in 10ms @ http://localhost:3000/_next/static/chunks/node_modules_next_dist_1e8vcs8._.js:776
[  530798ms] [LOG] [Fast Refresh] done in 10ms @ http://localhost:3000/_next/static/chunks/node_modules_next_dist_1e8vcs8._.js:776
[  530859ms] [LOG] [Fast Refresh] done in 10ms @ http://localhost:3000/_next/static/chunks/node_modules_next_dist_1e8vcs8._.js:776
[  530921ms] [LOG] [Fast Refresh] done in 10ms @ http://localhost:3000/_next/static/chunks/node_modules_next_dist_1e8vcs8._.js:776
[  530982ms] [LOG] [Fast Refresh] done in 10ms @ http://localhost:3000/_next/static/chunks/node_modules_next_dist_1e8vcs8._.js:776
[  531044ms] [LOG] [Fast Refresh] done in 10ms @ http://localhost:3000/_next/static/chunks/node_modules_next_dist_1e8vcs8._.js:776
[  531107ms] [LOG] [Fast Refresh] done in 10ms @ http://localhost:3000/_next/static/chunks/node_modules_next_dist_1e8vcs8._.js:776
[  531170ms] [LOG] [Fast Refresh] done in 10ms @ http://localhost:3000/_next/static/chunks/node_modules_next_dist_1e8vcs8._.js:776
[  531231ms] [LOG] [Fast Refresh] done in 10ms @ http://localhost:3000/_next/static/chunks/node_modules_next_dist_1e8vcs8._.js:776
[  531292ms] [LOG] [Fast Refresh] done in 10ms @ http://localhost:3000/_next/static/chunks/node_modules_next_dist_1e8vcs8._.js:776
[  531354ms] [LOG] [Fast Refresh] done in 10ms @ http://localhost:3000/_next/static/chunks/node_modules_next_dist_1e8vcs8._.js:776
[  531416ms] [LOG] [Fast Refresh] done in 10ms @ http://localhost:3000/_next/static/chunks/node_modules_next_dist_1e8vcs8._.js:776
[  531479ms] [LOG] [Fast Refresh] done in 10ms @ http://localhost:3000/_next/static/chunks/node_modules_next_dist_1e8vcs8._.js:776
[  531540ms] [LOG] [Fast Refresh] done in 10ms @ http://localhost:3000/_next/static/chunks/node_modules_next_dist_1e8vcs8._.js:776
[  531602ms] [LOG] [Fast Refresh] done in 10ms @ http://localhost:3000/_next/static/chunks/node_modules_next_dist_1e8vcs8._.js:776
[  531665ms] [LOG] [Fast Refresh] done in 10ms @ http://localhost:3000/_next/static/chunks/node_modules_next_dist_1e8vcs8._.js:776
[  531725ms] [LOG] [Fast Refresh] done in 10ms @ http://localhost:3000/_next/static/chunks/node_modules_next_dist_1e8vcs8._.js:776
[  531785ms] [LOG] [Fast Refresh] done in 10ms @ http://localhost:3000/_next/static/chunks/node_modules_next_dist_1e8vcs8._.js:776
[  531832ms] [LOG] [Fast Refresh] done in 10ms @ http://localhost:3000/_next/static/chunks/node_modules_next_dist_1e8vcs8._.js:776
[  531892ms] [LOG] [Fast Refresh] done in 10ms @ http://localhost:3000/_next/static/chunks/node_modules_next_dist_1e8vcs8._.js:776
[  531953ms] [LOG] [Fast Refresh] done in 10ms @ http://localhost:3000/_next/static/chunks/node_modules_next_dist_1e8vcs8._.js:776
[  532017ms] [LOG] [Fast Refresh] done in 10ms @ http://localhost:3000/_next/static/chunks/node_modules_next_dist_1e8vcs8._.js:776
[  532077ms] [LOG] [Fast Refresh] done in 10ms @ http://localhost:3000/_next/static/chunks/node_modules_next_dist_1e8vcs8._.js:776
[  532139ms] [LOG] [Fast Refresh] done in 10ms @ http://localhost:3000/_next/static/chunks/node_modules_next_dist_1e8vcs8._.js:776
[  532187ms] [LOG] [Fast Refresh] done in 10ms @ http://localhost:3000/_next/static/chunks/node_modules_next_dist_1e8vcs8._.js:776
[  532249ms] [LOG] [Fast Refresh] done in 10ms @ http://localhost:3000/_next/static/chunks/node_modules_next_dist_1e8vcs8._.js:776
[  532312ms] [LOG] [Fast Refresh] done in 10ms @ http://localhost:3000/_next/static/chunks/node_modules_next_dist_1e8vcs8._.js:776
[  532359ms] [LOG] [Fast Refresh] done in 10ms @ http://localhost:3000/_next/static/chunks/node_modules_next_dist_1e8vcs8._.js:776
[  532420ms] [LOG] [Fast Refresh] done in 10ms @ http://localhost:3000/_next/static/chunks/node_modules_next_dist_1e8vcs8._.js:776
[  532481ms] [LOG] [Fast Refresh] done in 10ms @ http://localhost:3000/_next/static/chunks/node_modules_next_dist_1e8vcs8._.js:776
[  532542ms] [LOG] [Fast Refresh] done in 10ms @ http://localhost:3000/_next/static/chunks/node_modules_next_dist_1e8vcs8._.js:776
[  532605ms] [LOG] [Fast Refresh] done in 10ms @ http://localhost:3000/_next/static/chunks/node_modules_next_dist_1e8vcs8._.js:776
[  532667ms] [LOG] [Fast Refresh] done in 10ms @ http://localhost:3000/_next/static/chunks/node_modules_next_dist_1e8vcs8._.js:776
[  532729ms] [LOG] [Fast Refresh] done in 10ms @ http://localhost:3000/_next/static/chunks/node_modules_next_dist_1e8vcs8._.js:776
[  532776ms] [LOG] [Fast Refresh] done in 10ms @ http://localhost:3000/_next/static/chunks/node_modules_next_dist_1e8vcs8._.js:776
[  532838ms] [LOG] [Fast Refresh] done in 10ms @ http://localhost:3000/_next/static/chunks/node_modules_next_dist_1e8vcs8._.js:776
[  532900ms] [LOG] [Fast Refresh] done in 10ms @ http://localhost:3000/_next/static/chunks/node_modules_next_dist_1e8vcs8._.js:776
[  532962ms] [LOG] [Fast Refresh] done in 10ms @ http://localhost:3000/_next/static/chunks/node_modules_next_dist_1e8vcs8._.js:776
[  533026ms] [LOG] [Fast Refresh] done in 10ms @ http://localhost:3000/_next/static/chunks/node_modules_next_dist_1e8vcs8._.js:776
[  533087ms] [LOG] [Fast Refresh] done in 10ms @ http://localhost:3000/_next/static/chunks/node_modules_next_dist_1e8vcs8._.js:776
[  533135ms] [LOG] [Fast Refresh] done in 10ms @ http://localhost:3000/_next/static/chunks/node_modules_next_dist_1e8vcs8._.js:776
[  533198ms] [LOG] [Fast Refresh] done in 10ms @ http://localhost:3000/_next/static/chunks/node_modules_next_dist_1e8vcs8._.js:776
[  533259ms] [LOG] [Fast Refresh] done in 10ms @ http://localhost:3000/_next/static/chunks/node_modules_next_dist_1e8vcs8._.js:776
[  533320ms] [LOG] [Fast Refresh] done in 10ms @ http://localhost:3000/_next/static/chunks/node_modules_next_dist_1e8vcs8._.js:776
[  533384ms] [LOG] [Fast Refresh] done in 10ms @ http://localhost:3000/_next/static/chunks/node_modules_next_dist_1e8vcs8._.js:776
[  533448ms] [LOG] [Fast Refresh] done in 10ms @ http://localhost:3000/_next/static/chunks/node_modules_next_dist_1e8vcs8._.js:776
[  533509ms] [LOG] [Fast Refresh] done in 10ms @ http://localhost:3000/_next/static/chunks/node_modules_next_dist_1e8vcs8._.js:776
[  533571ms] [LOG] [Fast Refresh] done in 10ms @ http://localhost:3000/_next/static/chunks/node_modules_next_dist_1e8vcs8._.js:776
[  533632ms] [LOG] [Fast Refresh] done in 10ms @ http://localhost:3000/_next/static/chunks/node_modules_next_dist_1e8vcs8._.js:776
[  533692ms] [LOG] [Fast Refresh] done in 10ms @ http://localhost:3000/_next/static/chunks/node_modules_next_dist_1e8vcs8._.js:776
[  533753ms] [LOG] [Fast Refresh] done in 10ms @ http://localhost:3000/_next/static/chunks/node_modules_next_dist_1e8vcs8._.js:776
[  533816ms] [LOG] [Fast Refresh] done in 10ms @ http://localhost:3000/_next/static/chunks/node_modules_next_dist_1e8vcs8._.js:776
[  533878ms] [LOG] [Fast Refresh] done in 10ms @ http://localhost:3000/_next/static/chunks/node_modules_next_dist_1e8vcs8._.js:776
[  533940ms] [LOG] [Fast Refresh] done in 10ms @ http://localhost:3000/_next/static/chunks/node_modules_next_dist_1e8vcs8._.js:776
[  534003ms] [LOG] [Fast Refresh] done in 10ms @ http://localhost:3000/_next/static/chunks/node_modules_next_dist_1e8vcs8._.js:776
[  534064ms] [LOG] [Fast Refresh] done in 10ms @ http://localhost:3000/_next/static/chunks/node_modules_next_dist_1e8vcs8._.js:776
[  534126ms] [LOG] [Fast Refresh] done in 10ms @ http://localhost:3000/_next/static/chunks/node_modules_next_dist_1e8vcs8._.js:776
[  534189ms] [LOG] [Fast Refresh] done in 10ms @ http://localhost:3000/_next/static/chunks/node_modules_next_dist_1e8vcs8._.js:776
[  534237ms] [LOG] [Fast Refresh] done in 10ms @ http://localhost:3000/_next/static/chunks/node_modules_next_dist_1e8vcs8._.js:776
[  534298ms] [LOG] [Fast Refresh] done in 10ms @ http://localhost:3000/_next/static/chunks/node_modules_next_dist_1e8vcs8._.js:776
[  534361ms] [LOG] [Fast Refresh] done in 10ms @ http://localhost:3000/_next/static/chunks/node_modules_next_dist_1e8vcs8._.js:776
[  534424ms] [LOG] [Fast Refresh] done in 10ms @ http://localhost:3000/_next/static/chunks/node_modules_next_dist_1e8vcs8._.js:776
[  534485ms] [LOG] [Fast Refresh] done in 10ms @ http://localhost:3000/_next/static/chunks/node_modules_next_dist_1e8vcs8._.js:776
[  534532ms] [LOG] [Fast Refresh] done in 10ms @ http://localhost:3000/_next/static/chunks/node_modules_next_dist_1e8vcs8._.js:776
[  534579ms] [LOG] [Fast Refresh] done in 10ms @ http://localhost:3000/_next/static/chunks/node_modules_next_dist_1e8vcs8._.js:776
[  534626ms] [LOG] [Fast Refresh] done in 10ms @ http://localhost:3000/_next/static/chunks/node_modules_next_dist_1e8vcs8._.js:776
[  534687ms] [LOG] [Fast Refresh] done in 10ms @ http://localhost:3000/_next/static/chunks/node_modules_next_dist_1e8vcs8._.js:776
[  534749ms] [LOG] [Fast Refresh] done in 10ms @ http://localhost:3000/_next/static/chunks/node_modules_next_dist_1e8vcs8._.js:776
[  534810ms] [LOG] [Fast Refresh] done in 10ms @ http://localhost:3000/_next/static/chunks/node_modules_next_dist_1e8vcs8._.js:776
[  534871ms] [LOG] [Fast Refresh] done in 10ms @ http://localhost:3000/_next/static/chunks/node_modules_next_dist_1e8vcs8._.js:776
[  534934ms] [LOG] [Fast Refresh] done in 10ms @ http://localhost:3000/_next/static/chunks/node_modules_next_dist_1e8vcs8._.js:776
[  534996ms] [LOG] [Fast Refresh] done in 10ms @ http://localhost:3000/_next/static/chunks/node_modules_next_dist_1e8vcs8._.js:776
[  535058ms] [LOG] [Fast Refresh] done in 10ms @ http://localhost:3000/_next/static/chunks/node_modules_next_dist_1e8vcs8._.js:776
[  535118ms] [LOG] [Fast Refresh] done in 10ms @ http://localhost:3000/_next/static/chunks/node_modules_next_dist_1e8vcs8._.js:776
[  535180ms] [LOG] [Fast Refresh] done in 10ms @ http://localhost:3000/_next/static/chunks/node_modules_next_dist_1e8vcs8._.js:776
[  535226ms] [LOG] [Fast Refresh] done in 10ms @ http://localhost:3000/_next/static/chunks/node_modules_next_dist_1e8vcs8._.js:776
[  535287ms] [LOG] [Fast Refresh] done in 10ms @ http://localhost:3000/_next/static/chunks/node_modules_next_dist_1e8vcs8._.js:776
[  535350ms] [LOG] [Fast Refresh] done in 10ms @ http://localhost:3000/_next/static/chunks/node_modules_next_dist_1e8vcs8._.js:776
[  535413ms] [LOG] [Fast Refresh] done in 10ms @ http://localhost:3000/_next/static/chunks/node_modules_next_dist_1e8vcs8._.js:776
[  535460ms] [LOG] [Fast Refresh] done in 10ms @ http://localhost:3000/_next/static/chunks/node_modules_next_dist_1e8vcs8._.js:776
[  535523ms] [LOG] [Fast Refresh] done in 10ms @ http://localhost:3000/_next/static/chunks/node_modules_next_dist_1e8vcs8._.js:776
[  535583ms] [LOG] [Fast Refresh] done in 10ms @ http://localhost:3000/_next/static/chunks/node_modules_next_dist_1e8vcs8._.js:776
[  535644ms] [LOG] [Fast Refresh] done in 10ms @ http://localhost:3000/_next/static/chunks/node_modules_next_dist_1e8vcs8._.js:776
[  535706ms] [LOG] [Fast Refresh] done in 10ms @ http://localhost:3000/_next/static/chunks/node_modules_next_dist_1e8vcs8._.js:776
[  535766ms] [LOG] [Fast Refresh] done in 10ms @ http://localhost:3000/_next/static/chunks/node_modules_next_dist_1e8vcs8._.js:776
[  535828ms] [LOG] [Fast Refresh] done in 10ms @ http://localhost:3000/_next/static/chunks/node_modules_next_dist_1e8vcs8._.js:776
[  535889ms] [LOG] [Fast Refresh] done in 10ms @ http://localhost:3000/_next/static/chunks/node_modules_next_dist_1e8vcs8._.js:776
[  535951ms] [LOG] [Fast Refresh] done in 10ms @ http://localhost:3000/_next/static/chunks/node_modules_next_dist_1e8vcs8._.js:776
[  536012ms] [LOG] [Fast Refresh] done in 10ms @ http://localhost:3000/_next/static/chunks/node_modules_next_dist_1e8vcs8._.js:776
[  536074ms] [LOG] [Fast Refresh] done in 10ms @ http://localhost:3000/_next/static/chunks/node_modules_next_dist_1e8vcs8._.js:776
[  536137ms] [LOG] [Fast Refresh] done in 10ms @ http://localhost:3000/_next/static/chunks/node_modules_next_dist_1e8vcs8._.js:776
[  536197ms] [LOG] [Fast Refresh] done in 10ms @ http://localhost:3000/_next/static/chunks/node_modules_next_dist_1e8vcs8._.js:776
[  536259ms] [LOG] [Fast Refresh] done in 10ms @ http://localhost:3000/_next/static/chunks/node_modules_next_dist_1e8vcs8._.js:776
[  536320ms] [LOG] [Fast Refresh] done in 10ms @ http://localhost:3000/_next/static/chunks/node_modules_next_dist_1e8vcs8._.js:776
[  536382ms] [LOG] [Fast Refresh] done in 10ms @ http://localhost:3000/_next/static/chunks/node_modules_next_dist_1e8vcs8._.js:776
[  536445ms] [LOG] [Fast Refresh] done in 10ms @ http://localhost:3000/_next/static/chunks/node_modules_next_dist_1e8vcs8._.js:776
[  536492ms] [LOG] [Fast Refresh] done in 10ms @ http://localhost:3000/_next/static/chunks/node_modules_next_dist_1e8vcs8._.js:776
[  536553ms] [LOG] [Fast Refresh] done in 10ms @ http://localhost:3000/_next/static/chunks/node_modules_next_dist_1e8vcs8._.js:776
[  536614ms] [LOG] [Fast Refresh] done in 10ms @ http://localhost:3000/_next/static/chunks/node_modules_next_dist_1e8vcs8._.js:776
[  536673ms] [LOG] [Fast Refresh] done in 10ms @ http://localhost:3000/_next/static/chunks/node_modules_next_dist_1e8vcs8._.js:776
[  536734ms] [LOG] [Fast Refresh] done in 10ms @ http://localhost:3000/_next/static/chunks/node_modules_next_dist_1e8vcs8._.js:776
[  536795ms] [LOG] [Fast Refresh] done in 10ms @ http://localhost:3000/_next/static/chunks/node_modules_next_dist_1e8vcs8._.js:776
[  536856ms] [LOG] [Fast Refresh] done in 10ms @ http://localhost:3000/_next/static/chunks/node_modules_next_dist_1e8vcs8._.js:776
[  536918ms] [LOG] [Fast Refresh] done in 10ms @ http://localhost:3000/_next/static/chunks/node_modules_next_dist_1e8vcs8._.js:776
[  536980ms] [LOG] [Fast Refresh] done in 10ms @ http://localhost:3000/_next/static/chunks/node_modules_next_dist_1e8vcs8._.js:776
[  537042ms] [LOG] [Fast Refresh] done in 10ms @ http://localhost:3000/_next/static/chunks/node_modules_next_dist_1e8vcs8._.js:776
[  537089ms] [LOG] [Fast Refresh] done in 10ms @ http://localhost:3000/_next/static/chunks/node_modules_next_dist_1e8vcs8._.js:776
[  537150ms] [LOG] [Fast Refresh] done in 10ms @ http://localhost:3000/_next/static/chunks/node_modules_next_dist_1e8vcs8._.js:776
[  537212ms] [LOG] [Fast Refresh] done in 10ms @ http://localhost:3000/_next/static/chunks/node_modules_next_dist_1e8vcs8._.js:776
[  537258ms] [LOG] [Fast Refresh] done in 10ms @ http://localhost:3000/_next/static/chunks/node_modules_next_dist_1e8vcs8._.js:776
[  537320ms] [LOG] [Fast Refresh] done in 10ms @ http://localhost:3000/_next/static/chunks/node_modules_next_dist_1e8vcs8._.js:776
[  537382ms] [LOG] [Fast Refresh] done in 10ms @ http://localhost:3000/_next/static/chunks/node_modules_next_dist_1e8vcs8._.js:776
[  537429ms] [LOG] [Fast Refresh] done in 10ms @ http://localhost:3000/_next/static/chunks/node_modules_next_dist_1e8vcs8._.js:776
[  537490ms] [LOG] [Fast Refresh] done in 10ms @ http://localhost:3000/_next/static/chunks/node_modules_next_dist_1e8vcs8._.js:776
[  537552ms] [LOG] [Fast Refresh] done in 10ms @ http://localhost:3000/_next/static/chunks/node_modules_next_dist_1e8vcs8._.js:776
[  537612ms] [LOG] [Fast Refresh] done in 10ms @ http://localhost:3000/_next/static/chunks/node_modules_next_dist_1e8vcs8._.js:776
[  537673ms] [LOG] [Fast Refresh] done in 10ms @ http://localhost:3000/_next/static/chunks/node_modules_next_dist_1e8vcs8._.js:776
[  537737ms] [LOG] [Fast Refresh] done in 10ms @ http://localhost:3000/_next/static/chunks/node_modules_next_dist_1e8vcs8._.js:776
[  537797ms] [LOG] [Fast Refresh] done in 10ms @ http://localhost:3000/_next/static/chunks/node_modules_next_dist_1e8vcs8._.js:776
[  537858ms] [LOG] [Fast Refresh] done in 10ms @ http://localhost:3000/_next/static/chunks/node_modules_next_dist_1e8vcs8._.js:776
[  537921ms] [LOG] [Fast Refresh] done in 10ms @ http://localhost:3000/_next/static/chunks/node_modules_next_dist_1e8vcs8._.js:776
[  537982ms] [LOG] [Fast Refresh] done in 10ms @ http://localhost:3000/_next/static/chunks/node_modules_next_dist_1e8vcs8._.js:776
[  538030ms] [LOG] [Fast Refresh] done in 10ms @ http://localhost:3000/_next/static/chunks/node_modules_next_dist_1e8vcs8._.js:776
[  538093ms] [LOG] [Fast Refresh] done in 10ms @ http://localhost:3000/_next/static/chunks/node_modules_next_dist_1e8vcs8._.js:776
[  538154ms] [LOG] [Fast Refresh] done in 10ms @ http://localhost:3000/_next/static/chunks/node_modules_next_dist_1e8vcs8._.js:776
[  538216ms] [LOG] [Fast Refresh] done in 10ms @ http://localhost:3000/_next/static/chunks/node_modules_next_dist_1e8vcs8._.js:776
[  538278ms] [LOG] [Fast Refresh] done in 10ms @ http://localhost:3000/_next/static/chunks/node_modules_next_dist_1e8vcs8._.js:776
[  538326ms] [LOG] [Fast Refresh] done in 10ms @ http://localhost:3000/_next/static/chunks/node_modules_next_dist_1e8vcs8._.js:776
[  538388ms] [LOG] [Fast Refresh] done in 10ms @ http://localhost:3000/_next/static/chunks/node_modules_next_dist_1e8vcs8._.js:776
[  538450ms] [LOG] [Fast Refresh] done in 10ms @ http://localhost:3000/_next/static/chunks/node_modules_next_dist_1e8vcs8._.js:776
[  538513ms] [LOG] [Fast Refresh] done in 10ms @ http://localhost:3000/_next/static/chunks/node_modules_next_dist_1e8vcs8._.js:776
[  538575ms] [LOG] [Fast Refresh] done in 10ms @ http://localhost:3000/_next/static/chunks/node_modules_next_dist_1e8vcs8._.js:776
[  538637ms] [LOG] [Fast Refresh] done in 10ms @ http://localhost:3000/_next/static/chunks/node_modules_next_dist_1e8vcs8._.js:776
[  538696ms] [LOG] [Fast Refresh] done in 10ms @ http://localhost:3000/_next/static/chunks/node_modules_next_dist_1e8vcs8._.js:776
[  538759ms] [LOG] [Fast Refresh] done in 10ms @ http://localhost:3000/_next/static/chunks/node_modules_next_dist_1e8vcs8._.js:776
[  538821ms] [LOG] [Fast Refresh] done in 10ms @ http://localhost:3000/_next/static/chunks/node_modules_next_dist_1e8vcs8._.js:776
[  538884ms] [LOG] [Fast Refresh] done in 10ms @ http://localhost:3000/_next/static/chunks/node_modules_next_dist_1e8vcs8._.js:776
[  538945ms] [LOG] [Fast Refresh] done in 10ms @ http://localhost:3000/_next/static/chunks/node_modules_next_dist_1e8vcs8._.js:776
[  539008ms] [LOG] [Fast Refresh] done in 10ms @ http://localhost:3000/_next/static/chunks/node_modules_next_dist_1e8vcs8._.js:776
[  539070ms] [LOG] [Fast Refresh] done in 10ms @ http://localhost:3000/_next/static/chunks/node_modules_next_dist_1e8vcs8._.js:776
[  539132ms] [LOG] [Fast Refresh] done in 10ms @ http://localhost:3000/_next/static/chunks/node_modules_next_dist_1e8vcs8._.js:776
[  539195ms] [LOG] [Fast Refresh] done in 10ms @ http://localhost:3000/_next/static/chunks/node_modules_next_dist_1e8vcs8._.js:776
[  539259ms] [LOG] [Fast Refresh] done in 10ms @ http://localhost:3000/_next/static/chunks/node_modules_next_dist_1e8vcs8._.js:776
[  539321ms] [LOG] [Fast Refresh] done in 10ms @ http://localhost:3000/_next/static/chunks/node_modules_next_dist_1e8vcs8._.js:776
[  539382ms] [LOG] [Fast Refresh] done in 10ms @ http://localhost:3000/_next/static/chunks/node_modules_next_dist_1e8vcs8._.js:776
[  539444ms] [LOG] [Fast Refresh] done in 10ms @ http://localhost:3000/_next/static/chunks/node_modules_next_dist_1e8vcs8._.js:776
[  539507ms] [LOG] [Fast Refresh] done in 10ms @ http://localhost:3000/_next/static/chunks/node_modules_next_dist_1e8vcs8._.js:776
[  539568ms] [LOG] [Fast Refresh] done in 10ms @ http://localhost:3000/_next/static/chunks/node_modules_next_dist_1e8vcs8._.js:776
[  539630ms] [LOG] [Fast Refresh] done in 10ms @ http://localhost:3000/_next/static/chunks/node_modules_next_dist_1e8vcs8._.js:776
[  539692ms] [LOG] [Fast Refresh] done in 10ms @ http://localhost:3000/_next/static/chunks/node_modules_next_dist_1e8vcs8._.js:776
[  539753ms] [LOG] [Fast Refresh] done in 10ms @ http://localhost:3000/_next/static/chunks/node_modules_next_dist_1e8vcs8._.js:776
[  539814ms] [LOG] [Fast Refresh] done in 10ms @ http://localhost:3000/_next/static/chunks/node_modules_next_dist_1e8vcs8._.js:776
[  539876ms] [LOG] [Fast Refresh] done in 10ms @ http://localhost:3000/_next/static/chunks/node_modules_next_dist_1e8vcs8._.js:776
[  539938ms] [LOG] [Fast Refresh] done in 10ms @ http://localhost:3000/_next/static/chunks/node_modules_next_dist_1e8vcs8._.js:776
[  540000ms] [LOG] [Fast Refresh] done in 10ms @ http://localhost:3000/_next/static/chunks/node_modules_next_dist_1e8vcs8._.js:776
[  540061ms] [LOG] [Fast Refresh] done in 10ms @ http://localhost:3000/_next/static/chunks/node_modules_next_dist_1e8vcs8._.js:776
[  540122ms] [LOG] [Fast Refresh] done in 10ms @ http://localhost:3000/_next/static/chunks/node_modules_next_dist_1e8vcs8._.js:776
[  540182ms] [LOG] [Fast Refresh] done in 10ms @ http://localhost:3000/_next/static/chunks/node_modules_next_dist_1e8vcs8._.js:776
[  540244ms] [LOG] [Fast Refresh] done in 10ms @ http://localhost:3000/_next/static/chunks/node_modules_next_dist_1e8vcs8._.js:776
[  540292ms] [LOG] [Fast Refresh] done in 10ms @ http://localhost:3000/_next/static/chunks/node_modules_next_dist_1e8vcs8._.js:776
[  540353ms] [LOG] [Fast Refresh] done in 10ms @ http://localhost:3000/_next/static/chunks/node_modules_next_dist_1e8vcs8._.js:776
[  540414ms] [LOG] [Fast Refresh] done in 10ms @ http://localhost:3000/_next/static/chunks/node_modules_next_dist_1e8vcs8._.js:776
[  540460ms] [LOG] [Fast Refresh] done in 10ms @ http://localhost:3000/_next/static/chunks/node_modules_next_dist_1e8vcs8._.js:776
[  540523ms] [LOG] [Fast Refresh] done in 10ms @ http://localhost:3000/_next/static/chunks/node_modules_next_dist_1e8vcs8._.js:776
[  540585ms] [LOG] [Fast Refresh] done in 10ms @ http://localhost:3000/_next/static/chunks/node_modules_next_dist_1e8vcs8._.js:776
[  540645ms] [LOG] [Fast Refresh] done in 10ms @ http://localhost:3000/_next/static/chunks/node_modules_next_dist_1e8vcs8._.js:776
[  540705ms] [LOG] [Fast Refresh] done in 10ms @ http://localhost:3000/_next/static/chunks/node_modules_next_dist_1e8vcs8._.js:776
[  540766ms] [LOG] [Fast Refresh] done in 10ms @ http://localhost:3000/_next/static/chunks/node_modules_next_dist_1e8vcs8._.js:776
[  540826ms] [LOG] [Fast Refresh] done in 10ms @ http://localhost:3000/_next/static/chunks/node_modules_next_dist_1e8vcs8._.js:776
[  540888ms] [LOG] [Fast Refresh] done in 10ms @ http://localhost:3000/_next/static/chunks/node_modules_next_dist_1e8vcs8._.js:776
[  540935ms] [LOG] [Fast Refresh] done in 10ms @ http://localhost:3000/_next/static/chunks/node_modules_next_dist_1e8vcs8._.js:776
[  540997ms] [LOG] [Fast Refresh] done in 10ms @ http://localhost:3000/_next/static/chunks/node_modules_next_dist_1e8vcs8._.js:776
[  541059ms] [LOG] [Fast Refresh] done in 10ms @ http://localhost:3000/_next/static/chunks/node_modules_next_dist_1e8vcs8._.js:776
[  541121ms] [LOG] [Fast Refresh] done in 10ms @ http://localhost:3000/_next/static/chunks/node_modules_next_dist_1e8vcs8._.js:776
[  541184ms] [LOG] [Fast Refresh] done in 10ms @ http://localhost:3000/_next/static/chunks/node_modules_next_dist_1e8vcs8._.js:776
[  541246ms] [LOG] [Fast Refresh] done in 10ms @ http://localhost:3000/_next/static/chunks/node_modules_next_dist_1e8vcs8._.js:776
[  541307ms] [LOG] [Fast Refresh] done in 10ms @ http://localhost:3000/_next/static/chunks/node_modules_next_dist_1e8vcs8._.js:776
[  541370ms] [LOG] [Fast Refresh] done in 10ms @ http://localhost:3000/_next/static/chunks/node_modules_next_dist_1e8vcs8._.js:776
[  541431ms] [LOG] [Fast Refresh] done in 10ms @ http://localhost:3000/_next/static/chunks/node_modules_next_dist_1e8vcs8._.js:776
[  541493ms] [LOG] [Fast Refresh] done in 10ms @ http://localhost:3000/_next/static/chunks/node_modules_next_dist_1e8vcs8._.js:776
[  541555ms] [LOG] [Fast Refresh] done in 10ms @ http://localhost:3000/_next/static/chunks/node_modules_next_dist_1e8vcs8._.js:776
[  541618ms] [LOG] [Fast Refresh] done in 10ms @ http://localhost:3000/_next/static/chunks/node_modules_next_dist_1e8vcs8._.js:776
[  541680ms] [LOG] [Fast Refresh] done in 10ms @ http://localhost:3000/_next/static/chunks/node_modules_next_dist_1e8vcs8._.js:776
[  541742ms] [LOG] [Fast Refresh] done in 10ms @ http://localhost:3000/_next/static/chunks/node_modules_next_dist_1e8vcs8._.js:776
[  541805ms] [LOG] [Fast Refresh] done in 10ms @ http://localhost:3000/_next/static/chunks/node_modules_next_dist_1e8vcs8._.js:776
[  541866ms] [LOG] [Fast Refresh] done in 10ms @ http://localhost:3000/_next/static/chunks/node_modules_next_dist_1e8vcs8._.js:776
[  541926ms] [LOG] [Fast Refresh] done in 10ms @ http://localhost:3000/_next/static/chunks/node_modules_next_dist_1e8vcs8._.js:776
[  541988ms] [LOG] [Fast Refresh] done in 10ms @ http://localhost:3000/_next/static/chunks/node_modules_next_dist_1e8vcs8._.js:776
[  542048ms] [LOG] [Fast Refresh] done in 10ms @ http://localhost:3000/_next/static/chunks/node_modules_next_dist_1e8vcs8._.js:776
[  542109ms] [LOG] [Fast Refresh] done in 10ms @ http://localhost:3000/_next/static/chunks/node_modules_next_dist_1e8vcs8._.js:776
[  542171ms] [LOG] [Fast Refresh] done in 10ms @ http://localhost:3000/_next/static/chunks/node_modules_next_dist_1e8vcs8._.js:776
[  542218ms] [LOG] [Fast Refresh] done in 10ms @ http://localhost:3000/_next/static/chunks/node_modules_next_dist_1e8vcs8._.js:776
[  542266ms] [LOG] [Fast Refresh] done in 10ms @ http://localhost:3000/_next/static/chunks/node_modules_next_dist_1e8vcs8._.js:776
[  542328ms] [LOG] [Fast Refresh] done in 10ms @ http://localhost:3000/_next/static/chunks/node_modules_next_dist_1e8vcs8._.js:776
[  542392ms] [LOG] [Fast Refresh] done in 10ms @ http://localhost:3000/_next/static/chunks/node_modules_next_dist_1e8vcs8._.js:776
[  542453ms] [LOG] [Fast Refresh] done in 10ms @ http://localhost:3000/_next/static/chunks/node_modules_next_dist_1e8vcs8._.js:776
[  542514ms] [LOG] [Fast Refresh] done in 10ms @ http://localhost:3000/_next/static/chunks/node_modules_next_dist_1e8vcs8._.js:776
[  542575ms] [LOG] [Fast Refresh] done in 10ms @ http://localhost:3000/_next/static/chunks/node_modules_next_dist_1e8vcs8._.js:776
[  542636ms] [LOG] [Fast Refresh] done in 10ms @ http://localhost:3000/_next/static/chunks/node_modules_next_dist_1e8vcs8._.js:776
[  542699ms] [LOG] [Fast Refresh] done in 10ms @ http://localhost:3000/_next/static/chunks/node_modules_next_dist_1e8vcs8._.js:776
[  542761ms] [LOG] [Fast Refresh] done in 10ms @ http://localhost:3000/_next/static/chunks/node_modules_next_dist_1e8vcs8._.js:776
[  542822ms] [LOG] [Fast Refresh] done in 10ms @ http://localhost:3000/_next/static/chunks/node_modules_next_dist_1e8vcs8._.js:776
[  542883ms] [LOG] [Fast Refresh] done in 10ms @ http://localhost:3000/_next/static/chunks/node_modules_next_dist_1e8vcs8._.js:776
[  542945ms] [LOG] [Fast Refresh] done in 10ms @ http://localhost:3000/_next/static/chunks/node_modules_next_dist_1e8vcs8._.js:776
[  543008ms] [LOG] [Fast Refresh] done in 10ms @ http://localhost:3000/_next/static/chunks/node_modules_next_dist_1e8vcs8._.js:776
[  543070ms] [LOG] [Fast Refresh] done in 10ms @ http://localhost:3000/_next/static/chunks/node_modules_next_dist_1e8vcs8._.js:776
[  543131ms] [LOG] [Fast Refresh] done in 10ms @ http://localhost:3000/_next/static/chunks/node_modules_next_dist_1e8vcs8._.js:776
[  543193ms] [LOG] [Fast Refresh] done in 10ms @ http://localhost:3000/_next/static/chunks/node_modules_next_dist_1e8vcs8._.js:776
[  543257ms] [LOG] [Fast Refresh] done in 10ms @ http://localhost:3000/_next/static/chunks/node_modules_next_dist_1e8vcs8._.js:776
[  543320ms] [LOG] [Fast Refresh] done in 10ms @ http://localhost:3000/_next/static/chunks/node_modules_next_dist_1e8vcs8._.js:776
[  543380ms] [LOG] [Fast Refresh] done in 10ms @ http://localhost:3000/_next/static/chunks/node_modules_next_dist_1e8vcs8._.js:776
[  543443ms] [LOG] [Fast Refresh] done in 10ms @ http://localhost:3000/_next/static/chunks/node_modules_next_dist_1e8vcs8._.js:776
[  543504ms] [LOG] [Fast Refresh] done in 10ms @ http://localhost:3000/_next/static/chunks/node_modules_next_dist_1e8vcs8._.js:776
[  543567ms] [LOG] [Fast Refresh] done in 10ms @ http://localhost:3000/_next/static/chunks/node_modules_next_dist_1e8vcs8._.js:776
[  543630ms] [LOG] [Fast Refresh] done in 10ms @ http://localhost:3000/_next/static/chunks/node_modules_next_dist_1e8vcs8._.js:776
[  543692ms] [LOG] [Fast Refresh] done in 10ms @ http://localhost:3000/_next/static/chunks/node_modules_next_dist_1e8vcs8._.js:776
[  543738ms] [LOG] [Fast Refresh] done in 10ms @ http://localhost:3000/_next/static/chunks/node_modules_next_dist_1e8vcs8._.js:776
[  543802ms] [LOG] [Fast Refresh] done in 10ms @ http://localhost:3000/_next/static/chunks/node_modules_next_dist_1e8vcs8._.js:776
[  543848ms] [LOG] [Fast Refresh] done in 10ms @ http://localhost:3000/_next/static/chunks/node_modules_next_dist_1e8vcs8._.js:776
[  543909ms] [LOG] [Fast Refresh] done in 10ms @ http://localhost:3000/_next/static/chunks/node_modules_next_dist_1e8vcs8._.js:776
[  543972ms] [LOG] [Fast Refresh] done in 10ms @ http://localhost:3000/_next/static/chunks/node_modules_next_dist_1e8vcs8._.js:776
[  544034ms] [LOG] [Fast Refresh] done in 10ms @ http://localhost:3000/_next/static/chunks/node_modules_next_dist_1e8vcs8._.js:776
[  544098ms] [LOG] [Fast Refresh] done in 10ms @ http://localhost:3000/_next/static/chunks/node_modules_next_dist_1e8vcs8._.js:776
[  544160ms] [LOG] [Fast Refresh] done in 10ms @ http://localhost:3000/_next/static/chunks/node_modules_next_dist_1e8vcs8._.js:776
[  544221ms] [LOG] [Fast Refresh] done in 10ms @ http://localhost:3000/_next/static/chunks/node_modules_next_dist_1e8vcs8._.js:776
[  544284ms] [LOG] [Fast Refresh] done in 10ms @ http://localhost:3000/_next/static/chunks/node_modules_next_dist_1e8vcs8._.js:776
[  544331ms] [LOG] [Fast Refresh] done in 10ms @ http://localhost:3000/_next/static/chunks/node_modules_next_dist_1e8vcs8._.js:776
[  544395ms] [LOG] [Fast Refresh] done in 10ms @ http://localhost:3000/_next/static/chunks/node_modules_next_dist_1e8vcs8._.js:776
[  544456ms] [LOG] [Fast Refresh] done in 10ms @ http://localhost:3000/_next/static/chunks/node_modules_next_dist_1e8vcs8._.js:776
[  544517ms] [LOG] [Fast Refresh] done in 10ms @ http://localhost:3000/_next/static/chunks/node_modules_next_dist_1e8vcs8._.js:776
[  544581ms] [LOG] [Fast Refresh] done in 10ms @ http://localhost:3000/_next/static/chunks/node_modules_next_dist_1e8vcs8._.js:776
[  544642ms] [LOG] [Fast Refresh] done in 10ms @ http://localhost:3000/_next/static/chunks/node_modules_next_dist_1e8vcs8._.js:776
[  544703ms] [LOG] [Fast Refresh] done in 10ms @ http://localhost:3000/_next/static/chunks/node_modules_next_dist_1e8vcs8._.js:776
[  544766ms] [LOG] [Fast Refresh] done in 10ms @ http://localhost:3000/_next/static/chunks/node_modules_next_dist_1e8vcs8._.js:776
[  544828ms] [LOG] [Fast Refresh] done in 10ms @ http://localhost:3000/_next/static/chunks/node_modules_next_dist_1e8vcs8._.js:776
[  544890ms] [LOG] [Fast Refresh] done in 10ms @ http://localhost:3000/_next/static/chunks/node_modules_next_dist_1e8vcs8._.js:776
[  544951ms] [LOG] [Fast Refresh] done in 10ms @ http://localhost:3000/_next/static/chunks/node_modules_next_dist_1e8vcs8._.js:776
[  545014ms] [LOG] [Fast Refresh] done in 10ms @ http://localhost:3000/_next/static/chunks/node_modules_next_dist_1e8vcs8._.js:776
[  545075ms] [LOG] [Fast Refresh] done in 10ms @ http://localhost:3000/_next/static/chunks/node_modules_next_dist_1e8vcs8._.js:776
[  545138ms] [LOG] [Fast Refresh] done in 10ms @ http://localhost:3000/_next/static/chunks/node_modules_next_dist_1e8vcs8._.js:776
[  545199ms] [LOG] [Fast Refresh] done in 10ms @ http://localhost:3000/_next/static/chunks/node_modules_next_dist_1e8vcs8._.js:776
[  545261ms] [LOG] [Fast Refresh] done in 10ms @ http://localhost:3000/_next/static/chunks/node_modules_next_dist_1e8vcs8._.js:776
[  545309ms] [LOG] [Fast Refresh] done in 10ms @ http://localhost:3000/_next/static/chunks/node_modules_next_dist_1e8vcs8._.js:776
[  545370ms] [LOG] [Fast Refresh] done in 10ms @ http://localhost:3000/_next/static/chunks/node_modules_next_dist_1e8vcs8._.js:776
[  545432ms] [LOG] [Fast Refresh] done in 10ms @ http://localhost:3000/_next/static/chunks/node_modules_next_dist_1e8vcs8._.js:776
[  545494ms] [LOG] [Fast Refresh] done in 10ms @ http://localhost:3000/_next/static/chunks/node_modules_next_dist_1e8vcs8._.js:776
[  545555ms] [LOG] [Fast Refresh] done in 10ms @ http://localhost:3000/_next/static/chunks/node_modules_next_dist_1e8vcs8._.js:776
[  545616ms] [LOG] [Fast Refresh] done in 10ms @ http://localhost:3000/_next/static/chunks/node_modules_next_dist_1e8vcs8._.js:776
[  545678ms] [LOG] [Fast Refresh] done in 10ms @ http://localhost:3000/_next/static/chunks/node_modules_next_dist_1e8vcs8._.js:776
[  545740ms] [LOG] [Fast Refresh] done in 10ms @ http://localhost:3000/_next/static/chunks/node_modules_next_dist_1e8vcs8._.js:776
[  545788ms] [LOG] [Fast Refresh] done in 10ms @ http://localhost:3000/_next/static/chunks/node_modules_next_dist_1e8vcs8._.js:776
[  545850ms] [LOG] [Fast Refresh] done in 10ms @ http://localhost:3000/_next/static/chunks/node_modules_next_dist_1e8vcs8._.js:776
[  545914ms] [LOG] [Fast Refresh] done in 10ms @ http://localhost:3000/_next/static/chunks/node_modules_next_dist_1e8vcs8._.js:776
[  545975ms] [LOG] [Fast Refresh] done in 10ms @ http://localhost:3000/_next/static/chunks/node_modules_next_dist_1e8vcs8._.js:776
[  546036ms] [LOG] [Fast Refresh] done in 10ms @ http://localhost:3000/_next/static/chunks/node_modules_next_dist_1e8vcs8._.js:776
[  546098ms] [LOG] [Fast Refresh] done in 10ms @ http://localhost:3000/_next/static/chunks/node_modules_next_dist_1e8vcs8._.js:776
[  546160ms] [LOG] [Fast Refresh] done in 10ms @ http://localhost:3000/_next/static/chunks/node_modules_next_dist_1e8vcs8._.js:776
[  546222ms] [LOG] [Fast Refresh] done in 10ms @ http://localhost:3000/_next/static/chunks/node_modules_next_dist_1e8vcs8._.js:776
[  546284ms] [LOG] [Fast Refresh] done in 10ms @ http://localhost:3000/_next/static/chunks/node_modules_next_dist_1e8vcs8._.js:776
[  546347ms] [LOG] [Fast Refresh] done in 10ms @ http://localhost:3000/_next/static/chunks/node_modules_next_dist_1e8vcs8._.js:776
[  546409ms] [LOG] [Fast Refresh] done in 10ms @ http://localhost:3000/_next/static/chunks/node_modules_next_dist_1e8vcs8._.js:776
[  546472ms] [LOG] [Fast Refresh] done in 10ms @ http://localhost:3000/_next/static/chunks/node_modules_next_dist_1e8vcs8._.js:776
[  546534ms] [LOG] [Fast Refresh] done in 10ms @ http://localhost:3000/_next/static/chunks/node_modules_next_dist_1e8vcs8._.js:776
[  546595ms] [LOG] [Fast Refresh] done in 10ms @ http://localhost:3000/_next/static/chunks/node_modules_next_dist_1e8vcs8._.js:776
[  546655ms] [LOG] [Fast Refresh] done in 10ms @ http://localhost:3000/_next/static/chunks/node_modules_next_dist_1e8vcs8._.js:776
[  546717ms] [LOG] [Fast Refresh] done in 10ms @ http://localhost:3000/_next/static/chunks/node_modules_next_dist_1e8vcs8._.js:776
[  546780ms] [LOG] [Fast Refresh] done in 10ms @ http://localhost:3000/_next/static/chunks/node_modules_next_dist_1e8vcs8._.js:776
[  546842ms] [LOG] [Fast Refresh] done in 10ms @ http://localhost:3000/_next/static/chunks/node_modules_next_dist_1e8vcs8._.js:776
[  546905ms] [LOG] [Fast Refresh] done in 10ms @ http://localhost:3000/_next/static/chunks/node_modules_next_dist_1e8vcs8._.js:776
[  546966ms] [LOG] [Fast Refresh] done in 10ms @ http://localhost:3000/_next/static/chunks/node_modules_next_dist_1e8vcs8._.js:776
[  547027ms] [LOG] [Fast Refresh] done in 10ms @ http://localhost:3000/_next/static/chunks/node_modules_next_dist_1e8vcs8._.js:776
[  547089ms] [LOG] [Fast Refresh] done in 10ms @ http://localhost:3000/_next/static/chunks/node_modules_next_dist_1e8vcs8._.js:776
[  547151ms] [LOG] [Fast Refresh] done in 10ms @ http://localhost:3000/_next/static/chunks/node_modules_next_dist_1e8vcs8._.js:776
[  547212ms] [LOG] [Fast Refresh] done in 10ms @ http://localhost:3000/_next/static/chunks/node_modules_next_dist_1e8vcs8._.js:776
[  547261ms] [LOG] [Fast Refresh] done in 10ms @ http://localhost:3000/_next/static/chunks/node_modules_next_dist_1e8vcs8._.js:776
[  547323ms] [LOG] [Fast Refresh] done in 10ms @ http://localhost:3000/_next/static/chunks/node_modules_next_dist_1e8vcs8._.js:776
[  547385ms] [LOG] [Fast Refresh] done in 10ms @ http://localhost:3000/_next/static/chunks/node_modules_next_dist_1e8vcs8._.js:776
[  547449ms] [LOG] [Fast Refresh] done in 10ms @ http://localhost:3000/_next/static/chunks/node_modules_next_dist_1e8vcs8._.js:776
[  547512ms] [LOG] [Fast Refresh] done in 10ms @ http://localhost:3000/_next/static/chunks/node_modules_next_dist_1e8vcs8._.js:776
[  547575ms] [LOG] [Fast Refresh] done in 10ms @ http://localhost:3000/_next/static/chunks/node_modules_next_dist_1e8vcs8._.js:776
[  547636ms] [LOG] [Fast Refresh] done in 10ms @ http://localhost:3000/_next/static/chunks/node_modules_next_dist_1e8vcs8._.js:776
[  547700ms] [LOG] [Fast Refresh] done in 10ms @ http://localhost:3000/_next/static/chunks/node_modules_next_dist_1e8vcs8._.js:776
[  547762ms] [LOG] [Fast Refresh] done in 10ms @ http://localhost:3000/_next/static/chunks/node_modules_next_dist_1e8vcs8._.js:776
[  547824ms] [LOG] [Fast Refresh] done in 10ms @ http://localhost:3000/_next/static/chunks/node_modules_next_dist_1e8vcs8._.js:776
[  547886ms] [LOG] [Fast Refresh] done in 10ms @ http://localhost:3000/_next/static/chunks/node_modules_next_dist_1e8vcs8._.js:776
[  547933ms] [LOG] [Fast Refresh] done in 10ms @ http://localhost:3000/_next/static/chunks/node_modules_next_dist_1e8vcs8._.js:776
[  547995ms] [LOG] [Fast Refresh] done in 10ms @ http://localhost:3000/_next/static/chunks/node_modules_next_dist_1e8vcs8._.js:776
[  548056ms] [LOG] [Fast Refresh] done in 10ms @ http://localhost:3000/_next/static/chunks/node_modules_next_dist_1e8vcs8._.js:776
[  548105ms] [LOG] [Fast Refresh] done in 10ms @ http://localhost:3000/_next/static/chunks/node_modules_next_dist_1e8vcs8._.js:776
[  548166ms] [LOG] [Fast Refresh] done in 10ms @ http://localhost:3000/_next/static/chunks/node_modules_next_dist_1e8vcs8._.js:776
[  548229ms] [LOG] [Fast Refresh] done in 10ms @ http://localhost:3000/_next/static/chunks/node_modules_next_dist_1e8vcs8._.js:776
[  548292ms] [LOG] [Fast Refresh] done in 10ms @ http://localhost:3000/_next/static/chunks/node_modules_next_dist_1e8vcs8._.js:776
[  548354ms] [LOG] [Fast Refresh] done in 10ms @ http://localhost:3000/_next/static/chunks/node_modules_next_dist_1e8vcs8._.js:776
[  548414ms] [LOG] [Fast Refresh] done in 10ms @ http://localhost:3000/_next/static/chunks/node_modules_next_dist_1e8vcs8._.js:776
[  548477ms] [LOG] [Fast Refresh] done in 10ms @ http://localhost:3000/_next/static/chunks/node_modules_next_dist_1e8vcs8._.js:776
[  548539ms] [LOG] [Fast Refresh] done in 10ms @ http://localhost:3000/_next/static/chunks/node_modules_next_dist_1e8vcs8._.js:776
[  548600ms] [LOG] [Fast Refresh] done in 10ms @ http://localhost:3000/_next/static/chunks/node_modules_next_dist_1e8vcs8._.js:776
[  548662ms] [LOG] [Fast Refresh] done in 10ms @ http://localhost:3000/_next/static/chunks/node_modules_next_dist_1e8vcs8._.js:776
[  548725ms] [LOG] [Fast Refresh] done in 10ms @ http://localhost:3000/_next/static/chunks/node_modules_next_dist_1e8vcs8._.js:776
[  548787ms] [LOG] [Fast Refresh] done in 10ms @ http://localhost:3000/_next/static/chunks/node_modules_next_dist_1e8vcs8._.js:776
[  548848ms] [LOG] [Fast Refresh] done in 10ms @ http://localhost:3000/_next/static/chunks/node_modules_next_dist_1e8vcs8._.js:776
[  548911ms] [LOG] [Fast Refresh] done in 10ms @ http://localhost:3000/_next/static/chunks/node_modules_next_dist_1e8vcs8._.js:776
[  548972ms] [LOG] [Fast Refresh] done in 10ms @ http://localhost:3000/_next/static/chunks/node_modules_next_dist_1e8vcs8._.js:776
[  549036ms] [LOG] [Fast Refresh] done in 10ms @ http://localhost:3000/_next/static/chunks/node_modules_next_dist_1e8vcs8._.js:776
[  549099ms] [LOG] [Fast Refresh] done in 10ms @ http://localhost:3000/_next/static/chunks/node_modules_next_dist_1e8vcs8._.js:776
[  549160ms] [LOG] [Fast Refresh] done in 10ms @ http://localhost:3000/_next/static/chunks/node_modules_next_dist_1e8vcs8._.js:776
[  549222ms] [LOG] [Fast Refresh] done in 10ms @ http://localhost:3000/_next/static/chunks/node_modules_next_dist_1e8vcs8._.js:776
[  549283ms] [LOG] [Fast Refresh] done in 10ms @ http://localhost:3000/_next/static/chunks/node_modules_next_dist_1e8vcs8._.js:776
[  549345ms] [LOG] [Fast Refresh] done in 10ms @ http://localhost:3000/_next/static/chunks/node_modules_next_dist_1e8vcs8._.js:776
[  549409ms] [LOG] [Fast Refresh] done in 10ms @ http://localhost:3000/_next/static/chunks/node_modules_next_dist_1e8vcs8._.js:776
[  549470ms] [LOG] [Fast Refresh] done in 10ms @ http://localhost:3000/_next/static/chunks/node_modules_next_dist_1e8vcs8._.js:776
[  549533ms] [LOG] [Fast Refresh] done in 10ms @ http://localhost:3000/_next/static/chunks/node_modules_next_dist_1e8vcs8._.js:776
[  549596ms] [LOG] [Fast Refresh] done in 10ms @ http://localhost:3000/_next/static/chunks/node_modules_next_dist_1e8vcs8._.js:776
[  549644ms] [LOG] [Fast Refresh] done in 10ms @ http://localhost:3000/_next/static/chunks/node_modules_next_dist_1e8vcs8._.js:776
[  549705ms] [LOG] [Fast Refresh] done in 10ms @ http://localhost:3000/_next/static/chunks/node_modules_next_dist_1e8vcs8._.js:776
[  549766ms] [LOG] [Fast Refresh] done in 10ms @ http://localhost:3000/_next/static/chunks/node_modules_next_dist_1e8vcs8._.js:776
[  549829ms] [LOG] [Fast Refresh] done in 10ms @ http://localhost:3000/_next/static/chunks/node_modules_next_dist_1e8vcs8._.js:776
[  549890ms] [LOG] [Fast Refresh] done in 10ms @ http://localhost:3000/_next/static/chunks/node_modules_next_dist_1e8vcs8._.js:776
[  549953ms] [LOG] [Fast Refresh] done in 10ms @ http://localhost:3000/_next/static/chunks/node_modules_next_dist_1e8vcs8._.js:776
[  550014ms] [LOG] [Fast Refresh] done in 10ms @ http://localhost:3000/_next/static/chunks/node_modules_next_dist_1e8vcs8._.js:776
[  550075ms] [LOG] [Fast Refresh] done in 10ms @ http://localhost:3000/_next/static/chunks/node_modules_next_dist_1e8vcs8._.js:776
[  550138ms] [LOG] [Fast Refresh] done in 10ms @ http://localhost:3000/_next/static/chunks/node_modules_next_dist_1e8vcs8._.js:776
[  550201ms] [LOG] [Fast Refresh] done in 10ms @ http://localhost:3000/_next/static/chunks/node_modules_next_dist_1e8vcs8._.js:776
[  550263ms] [LOG] [Fast Refresh] done in 10ms @ http://localhost:3000/_next/static/chunks/node_modules_next_dist_1e8vcs8._.js:776
[  550325ms] [LOG] [Fast Refresh] done in 10ms @ http://localhost:3000/_next/static/chunks/node_modules_next_dist_1e8vcs8._.js:776
[  550387ms] [LOG] [Fast Refresh] done in 10ms @ http://localhost:3000/_next/static/chunks/node_modules_next_dist_1e8vcs8._.js:776
[  550449ms] [LOG] [Fast Refresh] done in 10ms @ http://localhost:3000/_next/static/chunks/node_modules_next_dist_1e8vcs8._.js:776
[  550512ms] [LOG] [Fast Refresh] done in 10ms @ http://localhost:3000/_next/static/chunks/node_modules_next_dist_1e8vcs8._.js:776
[  550573ms] [LOG] [Fast Refresh] done in 10ms @ http://localhost:3000/_next/static/chunks/node_modules_next_dist_1e8vcs8._.js:776
[  550635ms] [LOG] [Fast Refresh] done in 10ms @ http://localhost:3000/_next/static/chunks/node_modules_next_dist_1e8vcs8._.js:776
[  550696ms] [LOG] [Fast Refresh] done in 10ms @ http://localhost:3000/_next/static/chunks/node_modules_next_dist_1e8vcs8._.js:776
[  550758ms] [LOG] [Fast Refresh] done in 10ms @ http://localhost:3000/_next/static/chunks/node_modules_next_dist_1e8vcs8._.js:776
[  550820ms] [LOG] [Fast Refresh] done in 10ms @ http://localhost:3000/_next/static/chunks/node_modules_next_dist_1e8vcs8._.js:776
[  550883ms] [LOG] [Fast Refresh] done in 10ms @ http://localhost:3000/_next/static/chunks/node_modules_next_dist_1e8vcs8._.js:776
[  550944ms] [LOG] [Fast Refresh] done in 10ms @ http://localhost:3000/_next/static/chunks/node_modules_next_dist_1e8vcs8._.js:776
[  551006ms] [LOG] [Fast Refresh] done in 10ms @ http://localhost:3000/_next/static/chunks/node_modules_next_dist_1e8vcs8._.js:776
[  551067ms] [LOG] [Fast Refresh] done in 10ms @ http://localhost:3000/_next/static/chunks/node_modules_next_dist_1e8vcs8._.js:776
[  551130ms] [LOG] [Fast Refresh] done in 10ms @ http://localhost:3000/_next/static/chunks/node_modules_next_dist_1e8vcs8._.js:776
[  551190ms] [LOG] [Fast Refresh] done in 10ms @ http://localhost:3000/_next/static/chunks/node_modules_next_dist_1e8vcs8._.js:776
[  551251ms] [LOG] [Fast Refresh] done in 10ms @ http://localhost:3000/_next/static/chunks/node_modules_next_dist_1e8vcs8._.js:776
[  551298ms] [LOG] [Fast Refresh] done in 10ms @ http://localhost:3000/_next/static/chunks/node_modules_next_dist_1e8vcs8._.js:776
[  551344ms] [LOG] [Fast Refresh] done in 10ms @ http://localhost:3000/_next/static/chunks/node_modules_next_dist_1e8vcs8._.js:776
[  551406ms] [LOG] [Fast Refresh] done in 10ms @ http://localhost:3000/_next/static/chunks/node_modules_next_dist_1e8vcs8._.js:776
[  551455ms] [LOG] [Fast Refresh] done in 10ms @ http://localhost:3000/_next/static/chunks/node_modules_next_dist_1e8vcs8._.js:776
[  551517ms] [LOG] [Fast Refresh] done in 10ms @ http://localhost:3000/_next/static/chunks/node_modules_next_dist_1e8vcs8._.js:776
[  551578ms] [LOG] [Fast Refresh] done in 10ms @ http://localhost:3000/_next/static/chunks/node_modules_next_dist_1e8vcs8._.js:776
[  551640ms] [LOG] [Fast Refresh] done in 10ms @ http://localhost:3000/_next/static/chunks/node_modules_next_dist_1e8vcs8._.js:776
[  551700ms] [LOG] [Fast Refresh] done in 10ms @ http://localhost:3000/_next/static/chunks/node_modules_next_dist_1e8vcs8._.js:776
[  551761ms] [LOG] [Fast Refresh] done in 10ms @ http://localhost:3000/_next/static/chunks/node_modules_next_dist_1e8vcs8._.js:776
[  551823ms] [LOG] [Fast Refresh] done in 10ms @ http://localhost:3000/_next/static/chunks/node_modules_next_dist_1e8vcs8._.js:776
[  551884ms] [LOG] [Fast Refresh] done in 10ms @ http://localhost:3000/_next/static/chunks/node_modules_next_dist_1e8vcs8._.js:776
[  551947ms] [LOG] [Fast Refresh] done in 10ms @ http://localhost:3000/_next/static/chunks/node_modules_next_dist_1e8vcs8._.js:776
[  552009ms] [LOG] [Fast Refresh] done in 10ms @ http://localhost:3000/_next/static/chunks/node_modules_next_dist_1e8vcs8._.js:776
[  552071ms] [LOG] [Fast Refresh] done in 10ms @ http://localhost:3000/_next/static/chunks/node_modules_next_dist_1e8vcs8._.js:776
[  552133ms] [LOG] [Fast Refresh] done in 10ms @ http://localhost:3000/_next/static/chunks/node_modules_next_dist_1e8vcs8._.js:776
[  552195ms] [LOG] [Fast Refresh] done in 10ms @ http://localhost:3000/_next/static/chunks/node_modules_next_dist_1e8vcs8._.js:776
[  552259ms] [LOG] [Fast Refresh] done in 10ms @ http://localhost:3000/_next/static/chunks/node_modules_next_dist_1e8vcs8._.js:776
[  552320ms] [LOG] [Fast Refresh] done in 10ms @ http://localhost:3000/_next/static/chunks/node_modules_next_dist_1e8vcs8._.js:776
[  552383ms] [LOG] [Fast Refresh] done in 10ms @ http://localhost:3000/_next/static/chunks/node_modules_next_dist_1e8vcs8._.js:776
[  552445ms] [LOG] [Fast Refresh] done in 10ms @ http://localhost:3000/_next/static/chunks/node_modules_next_dist_1e8vcs8._.js:776
[  552506ms] [LOG] [Fast Refresh] done in 10ms @ http://localhost:3000/_next/static/chunks/node_modules_next_dist_1e8vcs8._.js:776
[  552568ms] [LOG] [Fast Refresh] done in 10ms @ http://localhost:3000/_next/static/chunks/node_modules_next_dist_1e8vcs8._.js:776
[  552616ms] [LOG] [Fast Refresh] done in 10ms @ http://localhost:3000/_next/static/chunks/node_modules_next_dist_1e8vcs8._.js:776
[  552678ms] [LOG] [Fast Refresh] done in 10ms @ http://localhost:3000/_next/static/chunks/node_modules_next_dist_1e8vcs8._.js:776
[  552740ms] [LOG] [Fast Refresh] done in 10ms @ http://localhost:3000/_next/static/chunks/node_modules_next_dist_1e8vcs8._.js:776
[  552801ms] [LOG] [Fast Refresh] done in 10ms @ http://localhost:3000/_next/static/chunks/node_modules_next_dist_1e8vcs8._.js:776
[  552863ms] [LOG] [Fast Refresh] done in 10ms @ http://localhost:3000/_next/static/chunks/node_modules_next_dist_1e8vcs8._.js:776
[  552924ms] [LOG] [Fast Refresh] done in 10ms @ http://localhost:3000/_next/static/chunks/node_modules_next_dist_1e8vcs8._.js:776
[  552984ms] [LOG] [Fast Refresh] done in 10ms @ http://localhost:3000/_next/static/chunks/node_modules_next_dist_1e8vcs8._.js:776
[  553047ms] [LOG] [Fast Refresh] done in 10ms @ http://localhost:3000/_next/static/chunks/node_modules_next_dist_1e8vcs8._.js:776
[  553094ms] [LOG] [Fast Refresh] done in 10ms @ http://localhost:3000/_next/static/chunks/node_modules_next_dist_1e8vcs8._.js:776
[  553156ms] [LOG] [Fast Refresh] done in 10ms @ http://localhost:3000/_next/static/chunks/node_modules_next_dist_1e8vcs8._.js:776
[  553217ms] [LOG] [Fast Refresh] done in 10ms @ http://localhost:3000/_next/static/chunks/node_modules_next_dist_1e8vcs8._.js:776
[  553279ms] [LOG] [Fast Refresh] done in 10ms @ http://localhost:3000/_next/static/chunks/node_modules_next_dist_1e8vcs8._.js:776
[  553342ms] [LOG] [Fast Refresh] done in 10ms @ http://localhost:3000/_next/static/chunks/node_modules_next_dist_1e8vcs8._.js:776
[  553404ms] [LOG] [Fast Refresh] done in 10ms @ http://localhost:3000/_next/static/chunks/node_modules_next_dist_1e8vcs8._.js:776
[  553467ms] [LOG] [Fast Refresh] done in 10ms @ http://localhost:3000/_next/static/chunks/node_modules_next_dist_1e8vcs8._.js:776
[  553529ms] [LOG] [Fast Refresh] done in 10ms @ http://localhost:3000/_next/static/chunks/node_modules_next_dist_1e8vcs8._.js:776
[  553589ms] [LOG] [Fast Refresh] done in 10ms @ http://localhost:3000/_next/static/chunks/node_modules_next_dist_1e8vcs8._.js:776
[  553650ms] [LOG] [Fast Refresh] done in 10ms @ http://localhost:3000/_next/static/chunks/node_modules_next_dist_1e8vcs8._.js:776
[  553712ms] [LOG] [Fast Refresh] done in 10ms @ http://localhost:3000/_next/static/chunks/node_modules_next_dist_1e8vcs8._.js:776
[  553774ms] [LOG] [Fast Refresh] done in 10ms @ http://localhost:3000/_next/static/chunks/node_modules_next_dist_1e8vcs8._.js:776
[  553835ms] [LOG] [Fast Refresh] done in 10ms @ http://localhost:3000/_next/static/chunks/node_modules_next_dist_1e8vcs8._.js:776
[  553882ms] [LOG] [Fast Refresh] done in 10ms @ http://localhost:3000/_next/static/chunks/node_modules_next_dist_1e8vcs8._.js:776
[  553961ms] [LOG] [Fast Refresh] done in 10ms @ http://localhost:3000/_next/static/chunks/node_modules_next_dist_1e8vcs8._.js:776
[  554024ms] [LOG] [Fast Refresh] done in 10ms @ http://localhost:3000/_next/static/chunks/node_modules_next_dist_1e8vcs8._.js:776
[  554085ms] [LOG] [Fast Refresh] done in 10ms @ http://localhost:3000/_next/static/chunks/node_modules_next_dist_1e8vcs8._.js:776
[  554148ms] [LOG] [Fast Refresh] done in 10ms @ http://localhost:3000/_next/static/chunks/node_modules_next_dist_1e8vcs8._.js:776
[  554210ms] [LOG] [Fast Refresh] done in 10ms @ http://localhost:3000/_next/static/chunks/node_modules_next_dist_1e8vcs8._.js:776
[  554272ms] [LOG] [Fast Refresh] done in 10ms @ http://localhost:3000/_next/static/chunks/node_modules_next_dist_1e8vcs8._.js:776
[  554337ms] [LOG] [Fast Refresh] done in 10ms @ http://localhost:3000/_next/static/chunks/node_modules_next_dist_1e8vcs8._.js:776
[  554398ms] [LOG] [Fast Refresh] done in 10ms @ http://localhost:3000/_next/static/chunks/node_modules_next_dist_1e8vcs8._.js:776
[  554460ms] [LOG] [Fast Refresh] done in 10ms @ http://localhost:3000/_next/static/chunks/node_modules_next_dist_1e8vcs8._.js:776
[  554522ms] [LOG] [Fast Refresh] done in 10ms @ http://localhost:3000/_next/static/chunks/node_modules_next_dist_1e8vcs8._.js:776
[  554585ms] [LOG] [Fast Refresh] done in 10ms @ http://localhost:3000/_next/static/chunks/node_modules_next_dist_1e8vcs8._.js:776
[  554647ms] [LOG] [Fast Refresh] done in 10ms @ http://localhost:3000/_next/static/chunks/node_modules_next_dist_1e8vcs8._.js:776
[  554710ms] [LOG] [Fast Refresh] done in 10ms @ http://localhost:3000/_next/static/chunks/node_modules_next_dist_1e8vcs8._.js:776
[  554773ms] [LOG] [Fast Refresh] done in 10ms @ http://localhost:3000/_next/static/chunks/node_modules_next_dist_1e8vcs8._.js:776
[  554834ms] [LOG] [Fast Refresh] done in 10ms @ http://localhost:3000/_next/static/chunks/node_modules_next_dist_1e8vcs8._.js:776
[  554882ms] [LOG] [Fast Refresh] done in 10ms @ http://localhost:3000/_next/static/chunks/node_modules_next_dist_1e8vcs8._.js:776
[  554945ms] [LOG] [Fast Refresh] done in 10ms @ http://localhost:3000/_next/static/chunks/node_modules_next_dist_1e8vcs8._.js:776
[  555007ms] [LOG] [Fast Refresh] done in 10ms @ http://localhost:3000/_next/static/chunks/node_modules_next_dist_1e8vcs8._.js:776
[  555068ms] [LOG] [Fast Refresh] done in 10ms @ http://localhost:3000/_next/static/chunks/node_modules_next_dist_1e8vcs8._.js:776
[  555130ms] [LOG] [Fast Refresh] done in 10ms @ http://localhost:3000/_next/static/chunks/node_modules_next_dist_1e8vcs8._.js:776
[  555191ms] [LOG] [Fast Refresh] done in 10ms @ http://localhost:3000/_next/static/chunks/node_modules_next_dist_1e8vcs8._.js:776
[  555253ms] [LOG] [Fast Refresh] done in 10ms @ http://localhost:3000/_next/static/chunks/node_modules_next_dist_1e8vcs8._.js:776
[  555315ms] [LOG] [Fast Refresh] done in 10ms @ http://localhost:3000/_next/static/chunks/node_modules_next_dist_1e8vcs8._.js:776
[  555377ms] [LOG] [Fast Refresh] done in 10ms @ http://localhost:3000/_next/static/chunks/node_modules_next_dist_1e8vcs8._.js:776
[  555439ms] [LOG] [Fast Refresh] done in 10ms @ http://localhost:3000/_next/static/chunks/node_modules_next_dist_1e8vcs8._.js:776
[  555501ms] [LOG] [Fast Refresh] done in 10ms @ http://localhost:3000/_next/static/chunks/node_modules_next_dist_1e8vcs8._.js:776
[  555562ms] [LOG] [Fast Refresh] done in 10ms @ http://localhost:3000/_next/static/chunks/node_modules_next_dist_1e8vcs8._.js:776
[  555626ms] [LOG] [Fast Refresh] done in 10ms @ http://localhost:3000/_next/static/chunks/node_modules_next_dist_1e8vcs8._.js:776
[  555687ms] [LOG] [Fast Refresh] done in 10ms @ http://localhost:3000/_next/static/chunks/node_modules_next_dist_1e8vcs8._.js:776
[  555735ms] [LOG] [Fast Refresh] done in 10ms @ http://localhost:3000/_next/static/chunks/node_modules_next_dist_1e8vcs8._.js:776
[  555798ms] [LOG] [Fast Refresh] done in 10ms @ http://localhost:3000/_next/static/chunks/node_modules_next_dist_1e8vcs8._.js:776
[  555845ms] [LOG] [Fast Refresh] done in 10ms @ http://localhost:3000/_next/static/chunks/node_modules_next_dist_1e8vcs8._.js:776
[  555907ms] [LOG] [Fast Refresh] done in 10ms @ http://localhost:3000/_next/static/chunks/node_modules_next_dist_1e8vcs8._.js:776
[  555970ms] [LOG] [Fast Refresh] done in 10ms @ http://localhost:3000/_next/static/chunks/node_modules_next_dist_1e8vcs8._.js:776
[  556032ms] [LOG] [Fast Refresh] done in 10ms @ http://localhost:3000/_next/static/chunks/node_modules_next_dist_1e8vcs8._.js:776
[  556093ms] [LOG] [Fast Refresh] done in 10ms @ http://localhost:3000/_next/static/chunks/node_modules_next_dist_1e8vcs8._.js:776
[  556156ms] [LOG] [Fast Refresh] done in 10ms @ http://localhost:3000/_next/static/chunks/node_modules_next_dist_1e8vcs8._.js:776
[  556217ms] [LOG] [Fast Refresh] done in 10ms @ http://localhost:3000/_next/static/chunks/node_modules_next_dist_1e8vcs8._.js:776
[  556279ms] [LOG] [Fast Refresh] done in 10ms @ http://localhost:3000/_next/static/chunks/node_modules_next_dist_1e8vcs8._.js:776
[  556341ms] [LOG] [Fast Refresh] done in 10ms @ http://localhost:3000/_next/static/chunks/node_modules_next_dist_1e8vcs8._.js:776
[  556403ms] [LOG] [Fast Refresh] done in 10ms @ http://localhost:3000/_next/static/chunks/node_modules_next_dist_1e8vcs8._.js:776
[  556464ms] [LOG] [Fast Refresh] done in 10ms @ http://localhost:3000/_next/static/chunks/node_modules_next_dist_1e8vcs8._.js:776
[  556510ms] [LOG] [Fast Refresh] done in 10ms @ http://localhost:3000/_next/static/chunks/node_modules_next_dist_1e8vcs8._.js:776
[  556571ms] [LOG] [Fast Refresh] done in 10ms @ http://localhost:3000/_next/static/chunks/node_modules_next_dist_1e8vcs8._.js:776
[  556631ms] [LOG] [Fast Refresh] done in 10ms @ http://localhost:3000/_next/static/chunks/node_modules_next_dist_1e8vcs8._.js:776
[  556692ms] [LOG] [Fast Refresh] done in 10ms @ http://localhost:3000/_next/static/chunks/node_modules_next_dist_1e8vcs8._.js:776
[  556753ms] [LOG] [Fast Refresh] done in 10ms @ http://localhost:3000/_next/static/chunks/node_modules_next_dist_1e8vcs8._.js:776
[  556817ms] [LOG] [Fast Refresh] done in 10ms @ http://localhost:3000/_next/static/chunks/node_modules_next_dist_1e8vcs8._.js:776
[  556865ms] [LOG] [Fast Refresh] done in 10ms @ http://localhost:3000/_next/static/chunks/node_modules_next_dist_1e8vcs8._.js:776
[  556926ms] [LOG] [Fast Refresh] done in 10ms @ http://localhost:3000/_next/static/chunks/node_modules_next_dist_1e8vcs8._.js:776
[  556989ms] [LOG] [Fast Refresh] done in 10ms @ http://localhost:3000/_next/static/chunks/node_modules_next_dist_1e8vcs8._.js:776
[  557050ms] [LOG] [Fast Refresh] done in 10ms @ http://localhost:3000/_next/static/chunks/node_modules_next_dist_1e8vcs8._.js:776
[  557112ms] [LOG] [Fast Refresh] done in 10ms @ http://localhost:3000/_next/static/chunks/node_modules_next_dist_1e8vcs8._.js:776
[  557176ms] [LOG] [Fast Refresh] done in 10ms @ http://localhost:3000/_next/static/chunks/node_modules_next_dist_1e8vcs8._.js:776
[  557234ms] [LOG] [Fast Refresh] done in 10ms @ http://localhost:3000/_next/static/chunks/node_modules_next_dist_1e8vcs8._.js:776
[  557282ms] [LOG] [Fast Refresh] done in 10ms @ http://localhost:3000/_next/static/chunks/node_modules_next_dist_1e8vcs8._.js:776
[  557345ms] [LOG] [Fast Refresh] done in 10ms @ http://localhost:3000/_next/static/chunks/node_modules_next_dist_1e8vcs8._.js:776
[  557409ms] [LOG] [Fast Refresh] done in 10ms @ http://localhost:3000/_next/static/chunks/node_modules_next_dist_1e8vcs8._.js:776
[  557470ms] [LOG] [Fast Refresh] done in 10ms @ http://localhost:3000/_next/static/chunks/node_modules_next_dist_1e8vcs8._.js:776
[  557531ms] [LOG] [Fast Refresh] done in 10ms @ http://localhost:3000/_next/static/chunks/node_modules_next_dist_1e8vcs8._.js:776
[  557578ms] [LOG] [Fast Refresh] done in 10ms @ http://localhost:3000/_next/static/chunks/node_modules_next_dist_1e8vcs8._.js:776
[  557639ms] [LOG] [Fast Refresh] done in 10ms @ http://localhost:3000/_next/static/chunks/node_modules_next_dist_1e8vcs8._.js:776
[  557700ms] [LOG] [Fast Refresh] done in 10ms @ http://localhost:3000/_next/static/chunks/node_modules_next_dist_1e8vcs8._.js:776
[  557761ms] [LOG] [Fast Refresh] done in 10ms @ http://localhost:3000/_next/static/chunks/node_modules_next_dist_1e8vcs8._.js:776
[  557822ms] [LOG] [Fast Refresh] done in 10ms @ http://localhost:3000/_next/static/chunks/node_modules_next_dist_1e8vcs8._.js:776
[  557883ms] [LOG] [Fast Refresh] done in 10ms @ http://localhost:3000/_next/static/chunks/node_modules_next_dist_1e8vcs8._.js:776
[  557945ms] [LOG] [Fast Refresh] done in 10ms @ http://localhost:3000/_next/static/chunks/node_modules_next_dist_1e8vcs8._.js:776
[  558009ms] [LOG] [Fast Refresh] done in 10ms @ http://localhost:3000/_next/static/chunks/node_modules_next_dist_1e8vcs8._.js:776
[  558070ms] [LOG] [Fast Refresh] done in 10ms @ http://localhost:3000/_next/static/chunks/node_modules_next_dist_1e8vcs8._.js:776
[  558131ms] [LOG] [Fast Refresh] done in 10ms @ http://localhost:3000/_next/static/chunks/node_modules_next_dist_1e8vcs8._.js:776
[  558195ms] [LOG] [Fast Refresh] done in 10ms @ http://localhost:3000/_next/static/chunks/node_modules_next_dist_1e8vcs8._.js:776
[  558258ms] [LOG] [Fast Refresh] done in 10ms @ http://localhost:3000/_next/static/chunks/node_modules_next_dist_1e8vcs8._.js:776
[  558306ms] [LOG] [Fast Refresh] done in 10ms @ http://localhost:3000/_next/static/chunks/node_modules_next_dist_1e8vcs8._.js:776
[  558368ms] [LOG] [Fast Refresh] done in 10ms @ http://localhost:3000/_next/static/chunks/node_modules_next_dist_1e8vcs8._.js:776
[  558431ms] [LOG] [Fast Refresh] done in 10ms @ http://localhost:3000/_next/static/chunks/node_modules_next_dist_1e8vcs8._.js:776
[  558493ms] [LOG] [Fast Refresh] done in 10ms @ http://localhost:3000/_next/static/chunks/node_modules_next_dist_1e8vcs8._.js:776
[  558555ms] [LOG] [Fast Refresh] done in 10ms @ http://localhost:3000/_next/static/chunks/node_modules_next_dist_1e8vcs8._.js:776
[  558616ms] [LOG] [Fast Refresh] done in 10ms @ http://localhost:3000/_next/static/chunks/node_modules_next_dist_1e8vcs8._.js:776
[  558677ms] [LOG] [Fast Refresh] done in 10ms @ http://localhost:3000/_next/static/chunks/node_modules_next_dist_1e8vcs8._.js:776
[  558737ms] [LOG] [Fast Refresh] done in 10ms @ http://localhost:3000/_next/static/chunks/node_modules_next_dist_1e8vcs8._.js:776
[  558799ms] [LOG] [Fast Refresh] done in 10ms @ http://localhost:3000/_next/static/chunks/node_modules_next_dist_1e8vcs8._.js:776
[  558859ms] [LOG] [Fast Refresh] done in 10ms @ http://localhost:3000/_next/static/chunks/node_modules_next_dist_1e8vcs8._.js:776
[  558920ms] [LOG] [Fast Refresh] done in 10ms @ http://localhost:3000/_next/static/chunks/node_modules_next_dist_1e8vcs8._.js:776
[  558982ms] [LOG] [Fast Refresh] done in 10ms @ http://localhost:3000/_next/static/chunks/node_modules_next_dist_1e8vcs8._.js:776
[  559044ms] [LOG] [Fast Refresh] done in 10ms @ http://localhost:3000/_next/static/chunks/node_modules_next_dist_1e8vcs8._.js:776
[  559106ms] [LOG] [Fast Refresh] done in 10ms @ http://localhost:3000/_next/static/chunks/node_modules_next_dist_1e8vcs8._.js:776
[  559155ms] [LOG] [Fast Refresh] done in 10ms @ http://localhost:3000/_next/static/chunks/node_modules_next_dist_1e8vcs8._.js:776
[  559217ms] [LOG] [Fast Refresh] done in 10ms @ http://localhost:3000/_next/static/chunks/node_modules_next_dist_1e8vcs8._.js:776
[  559281ms] [LOG] [Fast Refresh] done in 10ms @ http://localhost:3000/_next/static/chunks/node_modules_next_dist_1e8vcs8._.js:776
[  559342ms] [LOG] [Fast Refresh] done in 10ms @ http://localhost:3000/_next/static/chunks/node_modules_next_dist_1e8vcs8._.js:776
[  559405ms] [LOG] [Fast Refresh] done in 10ms @ http://localhost:3000/_next/static/chunks/node_modules_next_dist_1e8vcs8._.js:776
[  559466ms] [LOG] [Fast Refresh] done in 10ms @ http://localhost:3000/_next/static/chunks/node_modules_next_dist_1e8vcs8._.js:776
[  559529ms] [LOG] [Fast Refresh] done in 10ms @ http://localhost:3000/_next/static/chunks/node_modules_next_dist_1e8vcs8._.js:776
[  559590ms] [LOG] [Fast Refresh] done in 10ms @ http://localhost:3000/_next/static/chunks/node_modules_next_dist_1e8vcs8._.js:776
[  559653ms] [LOG] [Fast Refresh] done in 10ms @ http://localhost:3000/_next/static/chunks/node_modules_next_dist_1e8vcs8._.js:776
[  559717ms] [LOG] [Fast Refresh] done in 10ms @ http://localhost:3000/_next/static/chunks/node_modules_next_dist_1e8vcs8._.js:776
[  559780ms] [LOG] [Fast Refresh] done in 10ms @ http://localhost:3000/_next/static/chunks/node_modules_next_dist_1e8vcs8._.js:776
[  559843ms] [LOG] [Fast Refresh] done in 10ms @ http://localhost:3000/_next/static/chunks/node_modules_next_dist_1e8vcs8._.js:776
[  559903ms] [LOG] [Fast Refresh] done in 10ms @ http://localhost:3000/_next/static/chunks/node_modules_next_dist_1e8vcs8._.js:776
[  559966ms] [LOG] [Fast Refresh] done in 10ms @ http://localhost:3000/_next/static/chunks/node_modules_next_dist_1e8vcs8._.js:776
[  560027ms] [LOG] [Fast Refresh] done in 10ms @ http://localhost:3000/_next/static/chunks/node_modules_next_dist_1e8vcs8._.js:776
[  560090ms] [LOG] [Fast Refresh] done in 10ms @ http://localhost:3000/_next/static/chunks/node_modules_next_dist_1e8vcs8._.js:776
[  560151ms] [LOG] [Fast Refresh] done in 10ms @ http://localhost:3000/_next/static/chunks/node_modules_next_dist_1e8vcs8._.js:776
[  560216ms] [LOG] [Fast Refresh] done in 10ms @ http://localhost:3000/_next/static/chunks/node_modules_next_dist_1e8vcs8._.js:776
[  560277ms] [LOG] [Fast Refresh] done in 10ms @ http://localhost:3000/_next/static/chunks/node_modules_next_dist_1e8vcs8._.js:776
[  560324ms] [LOG] [Fast Refresh] done in 10ms @ http://localhost:3000/_next/static/chunks/node_modules_next_dist_1e8vcs8._.js:776
[  560371ms] [LOG] [Fast Refresh] done in 10ms @ http://localhost:3000/_next/static/chunks/node_modules_next_dist_1e8vcs8._.js:776
[  560431ms] [LOG] [Fast Refresh] done in 10ms @ http://localhost:3000/_next/static/chunks/node_modules_next_dist_1e8vcs8._.js:776
[  560492ms] [LOG] [Fast Refresh] done in 10ms @ http://localhost:3000/_next/static/chunks/node_modules_next_dist_1e8vcs8._.js:776
[  560555ms] [LOG] [Fast Refresh] done in 10ms @ http://localhost:3000/_next/static/chunks/node_modules_next_dist_1e8vcs8._.js:776
[  560616ms] [LOG] [Fast Refresh] done in 10ms @ http://localhost:3000/_next/static/chunks/node_modules_next_dist_1e8vcs8._.js:776
[  560677ms] [LOG] [Fast Refresh] done in 10ms @ http://localhost:3000/_next/static/chunks/node_modules_next_dist_1e8vcs8._.js:776
[  560740ms] [LOG] [Fast Refresh] done in 10ms @ http://localhost:3000/_next/static/chunks/node_modules_next_dist_1e8vcs8._.js:776
[  560803ms] [LOG] [Fast Refresh] done in 10ms @ http://localhost:3000/_next/static/chunks/node_modules_next_dist_1e8vcs8._.js:776
[  560867ms] [LOG] [Fast Refresh] done in 10ms @ http://localhost:3000/_next/static/chunks/node_modules_next_dist_1e8vcs8._.js:776
[  560929ms] [LOG] [Fast Refresh] done in 10ms @ http://localhost:3000/_next/static/chunks/node_modules_next_dist_1e8vcs8._.js:776
[  560992ms] [LOG] [Fast Refresh] done in 10ms @ http://localhost:3000/_next/static/chunks/node_modules_next_dist_1e8vcs8._.js:776
[  561054ms] [LOG] [Fast Refresh] done in 10ms @ http://localhost:3000/_next/static/chunks/node_modules_next_dist_1e8vcs8._.js:776
[  561117ms] [LOG] [Fast Refresh] done in 10ms @ http://localhost:3000/_next/static/chunks/node_modules_next_dist_1e8vcs8._.js:776
[  561181ms] [LOG] [Fast Refresh] done in 10ms @ http://localhost:3000/_next/static/chunks/node_modules_next_dist_1e8vcs8._.js:776
[  561245ms] [LOG] [Fast Refresh] done in 10ms @ http://localhost:3000/_next/static/chunks/node_modules_next_dist_1e8vcs8._.js:776
[  561307ms] [LOG] [Fast Refresh] done in 10ms @ http://localhost:3000/_next/static/chunks/node_modules_next_dist_1e8vcs8._.js:776
[  561369ms] [LOG] [Fast Refresh] done in 10ms @ http://localhost:3000/_next/static/chunks/node_modules_next_dist_1e8vcs8._.js:776
[  561432ms] [LOG] [Fast Refresh] done in 10ms @ http://localhost:3000/_next/static/chunks/node_modules_next_dist_1e8vcs8._.js:776
[  561494ms] [LOG] [Fast Refresh] done in 10ms @ http://localhost:3000/_next/static/chunks/node_modules_next_dist_1e8vcs8._.js:776
[  561555ms] [LOG] [Fast Refresh] done in 10ms @ http://localhost:3000/_next/static/chunks/node_modules_next_dist_1e8vcs8._.js:776
[  561615ms] [LOG] [Fast Refresh] done in 10ms @ http://localhost:3000/_next/static/chunks/node_modules_next_dist_1e8vcs8._.js:776
[  561678ms] [LOG] [Fast Refresh] done in 10ms @ http://localhost:3000/_next/static/chunks/node_modules_next_dist_1e8vcs8._.js:776
[  561740ms] [LOG] [Fast Refresh] done in 10ms @ http://localhost:3000/_next/static/chunks/node_modules_next_dist_1e8vcs8._.js:776
[  561802ms] [LOG] [Fast Refresh] done in 10ms @ http://localhost:3000/_next/static/chunks/node_modules_next_dist_1e8vcs8._.js:776
[  561865ms] [LOG] [Fast Refresh] done in 10ms @ http://localhost:3000/_next/static/chunks/node_modules_next_dist_1e8vcs8._.js:776
[  561926ms] [LOG] [Fast Refresh] done in 10ms @ http://localhost:3000/_next/static/chunks/node_modules_next_dist_1e8vcs8._.js:776
[  561988ms] [LOG] [Fast Refresh] done in 10ms @ http://localhost:3000/_next/static/chunks/node_modules_next_dist_1e8vcs8._.js:776
[  562050ms] [LOG] [Fast Refresh] done in 10ms @ http://localhost:3000/_next/static/chunks/node_modules_next_dist_1e8vcs8._.js:776
[  562111ms] [LOG] [Fast Refresh] done in 10ms @ http://localhost:3000/_next/static/chunks/node_modules_next_dist_1e8vcs8._.js:776
[  562175ms] [LOG] [Fast Refresh] done in 10ms @ http://localhost:3000/_next/static/chunks/node_modules_next_dist_1e8vcs8._.js:776
[  562237ms] [LOG] [Fast Refresh] done in 10ms @ http://localhost:3000/_next/static/chunks/node_modules_next_dist_1e8vcs8._.js:776
[  562301ms] [LOG] [Fast Refresh] done in 10ms @ http://localhost:3000/_next/static/chunks/node_modules_next_dist_1e8vcs8._.js:776
[  562364ms] [LOG] [Fast Refresh] done in 10ms @ http://localhost:3000/_next/static/chunks/node_modules_next_dist_1e8vcs8._.js:776
[  562427ms] [LOG] [Fast Refresh] done in 10ms @ http://localhost:3000/_next/static/chunks/node_modules_next_dist_1e8vcs8._.js:776
[  562488ms] [LOG] [Fast Refresh] done in 10ms @ http://localhost:3000/_next/static/chunks/node_modules_next_dist_1e8vcs8._.js:776
[  562551ms] [LOG] [Fast Refresh] done in 10ms @ http://localhost:3000/_next/static/chunks/node_modules_next_dist_1e8vcs8._.js:776
[  562612ms] [LOG] [Fast Refresh] done in 10ms @ http://localhost:3000/_next/static/chunks/node_modules_next_dist_1e8vcs8._.js:776
[  562673ms] [LOG] [Fast Refresh] done in 10ms @ http://localhost:3000/_next/static/chunks/node_modules_next_dist_1e8vcs8._.js:776
[  562736ms] [LOG] [Fast Refresh] done in 10ms @ http://localhost:3000/_next/static/chunks/node_modules_next_dist_1e8vcs8._.js:776
[  562798ms] [LOG] [Fast Refresh] done in 10ms @ http://localhost:3000/_next/static/chunks/node_modules_next_dist_1e8vcs8._.js:776
[  562859ms] [LOG] [Fast Refresh] done in 10ms @ http://localhost:3000/_next/static/chunks/node_modules_next_dist_1e8vcs8._.js:776
[  562921ms] [LOG] [Fast Refresh] done in 10ms @ http://localhost:3000/_next/static/chunks/node_modules_next_dist_1e8vcs8._.js:776
[  562983ms] [LOG] [Fast Refresh] done in 10ms @ http://localhost:3000/_next/static/chunks/node_modules_next_dist_1e8vcs8._.js:776
[  563047ms] [LOG] [Fast Refresh] done in 10ms @ http://localhost:3000/_next/static/chunks/node_modules_next_dist_1e8vcs8._.js:776
[  563109ms] [LOG] [Fast Refresh] done in 10ms @ http://localhost:3000/_next/static/chunks/node_modules_next_dist_1e8vcs8._.js:776
[  563171ms] [LOG] [Fast Refresh] done in 10ms @ http://localhost:3000/_next/static/chunks/node_modules_next_dist_1e8vcs8._.js:776
[  563234ms] [LOG] [Fast Refresh] done in 10ms @ http://localhost:3000/_next/static/chunks/node_modules_next_dist_1e8vcs8._.js:776
[  563296ms] [LOG] [Fast Refresh] done in 10ms @ http://localhost:3000/_next/static/chunks/node_modules_next_dist_1e8vcs8._.js:776
[  563358ms] [LOG] [Fast Refresh] done in 10ms @ http://localhost:3000/_next/static/chunks/node_modules_next_dist_1e8vcs8._.js:776
[  563420ms] [LOG] [Fast Refresh] done in 10ms @ http://localhost:3000/_next/static/chunks/node_modules_next_dist_1e8vcs8._.js:776
[  563483ms] [LOG] [Fast Refresh] done in 10ms @ http://localhost:3000/_next/static/chunks/node_modules_next_dist_1e8vcs8._.js:776
[  563544ms] [LOG] [Fast Refresh] done in 10ms @ http://localhost:3000/_next/static/chunks/node_modules_next_dist_1e8vcs8._.js:776
[  563605ms] [LOG] [Fast Refresh] done in 10ms @ http://localhost:3000/_next/static/chunks/node_modules_next_dist_1e8vcs8._.js:776
[  563667ms] [LOG] [Fast Refresh] done in 10ms @ http://localhost:3000/_next/static/chunks/node_modules_next_dist_1e8vcs8._.js:776
[  563729ms] [LOG] [Fast Refresh] done in 10ms @ http://localhost:3000/_next/static/chunks/node_modules_next_dist_1e8vcs8._.js:776
[  563793ms] [LOG] [Fast Refresh] done in 10ms @ http://localhost:3000/_next/static/chunks/node_modules_next_dist_1e8vcs8._.js:776
[  563854ms] [LOG] [Fast Refresh] done in 10ms @ http://localhost:3000/_next/static/chunks/node_modules_next_dist_1e8vcs8._.js:776
[  563915ms] [LOG] [Fast Refresh] done in 10ms @ http://localhost:3000/_next/static/chunks/node_modules_next_dist_1e8vcs8._.js:776
[  563977ms] [LOG] [Fast Refresh] done in 10ms @ http://localhost:3000/_next/static/chunks/node_modules_next_dist_1e8vcs8._.js:776
[  564038ms] [LOG] [Fast Refresh] done in 10ms @ http://localhost:3000/_next/static/chunks/node_modules_next_dist_1e8vcs8._.js:776
[  564100ms] [LOG] [Fast Refresh] done in 10ms @ http://localhost:3000/_next/static/chunks/node_modules_next_dist_1e8vcs8._.js:776
[  564148ms] [LOG] [Fast Refresh] done in 10ms @ http://localhost:3000/_next/static/chunks/node_modules_next_dist_1e8vcs8._.js:776
[  564212ms] [LOG] [Fast Refresh] done in 10ms @ http://localhost:3000/_next/static/chunks/node_modules_next_dist_1e8vcs8._.js:776
[  564273ms] [LOG] [Fast Refresh] done in 10ms @ http://localhost:3000/_next/static/chunks/node_modules_next_dist_1e8vcs8._.js:776
[  564337ms] [LOG] [Fast Refresh] done in 10ms @ http://localhost:3000/_next/static/chunks/node_modules_next_dist_1e8vcs8._.js:776
[  564396ms] [LOG] [Fast Refresh] done in 10ms @ http://localhost:3000/_next/static/chunks/node_modules_next_dist_1e8vcs8._.js:776
[  564460ms] [LOG] [Fast Refresh] done in 10ms @ http://localhost:3000/_next/static/chunks/node_modules_next_dist_1e8vcs8._.js:776
[  564523ms] [LOG] [Fast Refresh] done in 10ms @ http://localhost:3000/_next/static/chunks/node_modules_next_dist_1e8vcs8._.js:776
[  564583ms] [LOG] [Fast Refresh] done in 10ms @ http://localhost:3000/_next/static/chunks/node_modules_next_dist_1e8vcs8._.js:776
[  564644ms] [LOG] [Fast Refresh] done in 10ms @ http://localhost:3000/_next/static/chunks/node_modules_next_dist_1e8vcs8._.js:776
[  564706ms] [LOG] [Fast Refresh] done in 10ms @ http://localhost:3000/_next/static/chunks/node_modules_next_dist_1e8vcs8._.js:776
[  564754ms] [LOG] [Fast Refresh] done in 10ms @ http://localhost:3000/_next/static/chunks/node_modules_next_dist_1e8vcs8._.js:776
[  564815ms] [LOG] [Fast Refresh] done in 10ms @ http://localhost:3000/_next/static/chunks/node_modules_next_dist_1e8vcs8._.js:776
[  564878ms] [LOG] [Fast Refresh] done in 10ms @ http://localhost:3000/_next/static/chunks/node_modules_next_dist_1e8vcs8._.js:776
[  564939ms] [LOG] [Fast Refresh] done in 10ms @ http://localhost:3000/_next/static/chunks/node_modules_next_dist_1e8vcs8._.js:776
[  565002ms] [LOG] [Fast Refresh] done in 10ms @ http://localhost:3000/_next/static/chunks/node_modules_next_dist_1e8vcs8._.js:776
[  565050ms] [LOG] [Fast Refresh] done in 10ms @ http://localhost:3000/_next/static/chunks/node_modules_next_dist_1e8vcs8._.js:776
[  565112ms] [LOG] [Fast Refresh] done in 10ms @ http://localhost:3000/_next/static/chunks/node_modules_next_dist_1e8vcs8._.js:776
[  565173ms] [LOG] [Fast Refresh] done in 10ms @ http://localhost:3000/_next/static/chunks/node_modules_next_dist_1e8vcs8._.js:776
[  565237ms] [LOG] [Fast Refresh] done in 10ms @ http://localhost:3000/_next/static/chunks/node_modules_next_dist_1e8vcs8._.js:776
[  565282ms] [LOG] [Fast Refresh] done in 10ms @ http://localhost:3000/_next/static/chunks/node_modules_next_dist_1e8vcs8._.js:776
[  565345ms] [LOG] [Fast Refresh] done in 10ms @ http://localhost:3000/_next/static/chunks/node_modules_next_dist_1e8vcs8._.js:776
[  565409ms] [LOG] [Fast Refresh] done in 10ms @ http://localhost:3000/_next/static/chunks/node_modules_next_dist_1e8vcs8._.js:776
[  565470ms] [LOG] [Fast Refresh] done in 10ms @ http://localhost:3000/_next/static/chunks/node_modules_next_dist_1e8vcs8._.js:776
[  565531ms] [LOG] [Fast Refresh] done in 10ms @ http://localhost:3000/_next/static/chunks/node_modules_next_dist_1e8vcs8._.js:776
[  565593ms] [LOG] [Fast Refresh] done in 10ms @ http://localhost:3000/_next/static/chunks/node_modules_next_dist_1e8vcs8._.js:776
[  565655ms] [LOG] [Fast Refresh] done in 10ms @ http://localhost:3000/_next/static/chunks/node_modules_next_dist_1e8vcs8._.js:776
[  565716ms] [LOG] [Fast Refresh] done in 10ms @ http://localhost:3000/_next/static/chunks/node_modules_next_dist_1e8vcs8._.js:776
[  565779ms] [LOG] [Fast Refresh] done in 10ms @ http://localhost:3000/_next/static/chunks/node_modules_next_dist_1e8vcs8._.js:776
[  565842ms] [LOG] [Fast Refresh] done in 10ms @ http://localhost:3000/_next/static/chunks/node_modules_next_dist_1e8vcs8._.js:776
[  565903ms] [LOG] [Fast Refresh] done in 10ms @ http://localhost:3000/_next/static/chunks/node_modules_next_dist_1e8vcs8._.js:776
[  565953ms] [LOG] [Fast Refresh] done in 10ms @ http://localhost:3000/_next/static/chunks/node_modules_next_dist_1e8vcs8._.js:776
[  566000ms] [LOG] [Fast Refresh] done in 10ms @ http://localhost:3000/_next/static/chunks/node_modules_next_dist_1e8vcs8._.js:776
[  566063ms] [LOG] [Fast Refresh] done in 10ms @ http://localhost:3000/_next/static/chunks/node_modules_next_dist_1e8vcs8._.js:776
[  566125ms] [LOG] [Fast Refresh] done in 10ms @ http://localhost:3000/_next/static/chunks/node_modules_next_dist_1e8vcs8._.js:776
[  566187ms] [LOG] [Fast Refresh] done in 10ms @ http://localhost:3000/_next/static/chunks/node_modules_next_dist_1e8vcs8._.js:776
[  566248ms] [LOG] [Fast Refresh] done in 10ms @ http://localhost:3000/_next/static/chunks/node_modules_next_dist_1e8vcs8._.js:776
[  566309ms] [LOG] [Fast Refresh] done in 10ms @ http://localhost:3000/_next/static/chunks/node_modules_next_dist_1e8vcs8._.js:776
[  566371ms] [LOG] [Fast Refresh] done in 10ms @ http://localhost:3000/_next/static/chunks/node_modules_next_dist_1e8vcs8._.js:776
[  566434ms] [LOG] [Fast Refresh] done in 10ms @ http://localhost:3000/_next/static/chunks/node_modules_next_dist_1e8vcs8._.js:776
[  566497ms] [LOG] [Fast Refresh] done in 10ms @ http://localhost:3000/_next/static/chunks/node_modules_next_dist_1e8vcs8._.js:776
[  566559ms] [LOG] [Fast Refresh] done in 10ms @ http://localhost:3000/_next/static/chunks/node_modules_next_dist_1e8vcs8._.js:776
[  566607ms] [LOG] [Fast Refresh] done in 10ms @ http://localhost:3000/_next/static/chunks/node_modules_next_dist_1e8vcs8._.js:776
[  566670ms] [LOG] [Fast Refresh] done in 10ms @ http://localhost:3000/_next/static/chunks/node_modules_next_dist_1e8vcs8._.js:776
[  566731ms] [LOG] [Fast Refresh] done in 10ms @ http://localhost:3000/_next/static/chunks/node_modules_next_dist_1e8vcs8._.js:776
[  566791ms] [LOG] [Fast Refresh] done in 10ms @ http://localhost:3000/_next/static/chunks/node_modules_next_dist_1e8vcs8._.js:776
[  566852ms] [LOG] [Fast Refresh] done in 10ms @ http://localhost:3000/_next/static/chunks/node_modules_next_dist_1e8vcs8._.js:776
[  566914ms] [LOG] [Fast Refresh] done in 10ms @ http://localhost:3000/_next/static/chunks/node_modules_next_dist_1e8vcs8._.js:776
[  566977ms] [LOG] [Fast Refresh] done in 10ms @ http://localhost:3000/_next/static/chunks/node_modules_next_dist_1e8vcs8._.js:776
[  567039ms] [LOG] [Fast Refresh] done in 10ms @ http://localhost:3000/_next/static/chunks/node_modules_next_dist_1e8vcs8._.js:776
[  567101ms] [LOG] [Fast Refresh] done in 10ms @ http://localhost:3000/_next/static/chunks/node_modules_next_dist_1e8vcs8._.js:776
[  567162ms] [LOG] [Fast Refresh] done in 10ms @ http://localhost:3000/_next/static/chunks/node_modules_next_dist_1e8vcs8._.js:776
[  567223ms] [LOG] [Fast Refresh] done in 10ms @ http://localhost:3000/_next/static/chunks/node_modules_next_dist_1e8vcs8._.js:776
[  567287ms] [LOG] [Fast Refresh] done in 10ms @ http://localhost:3000/_next/static/chunks/node_modules_next_dist_1e8vcs8._.js:776
[  567348ms] [LOG] [Fast Refresh] done in 10ms @ http://localhost:3000/_next/static/chunks/node_modules_next_dist_1e8vcs8._.js:776
[  567409ms] [LOG] [Fast Refresh] done in 10ms @ http://localhost:3000/_next/static/chunks/node_modules_next_dist_1e8vcs8._.js:776
[  567471ms] [LOG] [Fast Refresh] done in 10ms @ http://localhost:3000/_next/static/chunks/node_modules_next_dist_1e8vcs8._.js:776
[  567533ms] [LOG] [Fast Refresh] done in 10ms @ http://localhost:3000/_next/static/chunks/node_modules_next_dist_1e8vcs8._.js:776
[  567593ms] [LOG] [Fast Refresh] done in 10ms @ http://localhost:3000/_next/static/chunks/node_modules_next_dist_1e8vcs8._.js:776
[  567653ms] [LOG] [Fast Refresh] done in 10ms @ http://localhost:3000/_next/static/chunks/node_modules_next_dist_1e8vcs8._.js:776
[  567715ms] [LOG] [Fast Refresh] done in 10ms @ http://localhost:3000/_next/static/chunks/node_modules_next_dist_1e8vcs8._.js:776
[  567777ms] [LOG] [Fast Refresh] done in 10ms @ http://localhost:3000/_next/static/chunks/node_modules_next_dist_1e8vcs8._.js:776
[  567838ms] [LOG] [Fast Refresh] done in 10ms @ http://localhost:3000/_next/static/chunks/node_modules_next_dist_1e8vcs8._.js:776
[  567899ms] [LOG] [Fast Refresh] done in 10ms @ http://localhost:3000/_next/static/chunks/node_modules_next_dist_1e8vcs8._.js:776
[  567961ms] [LOG] [Fast Refresh] done in 10ms @ http://localhost:3000/_next/static/chunks/node_modules_next_dist_1e8vcs8._.js:776
[  568023ms] [LOG] [Fast Refresh] done in 10ms @ http://localhost:3000/_next/static/chunks/node_modules_next_dist_1e8vcs8._.js:776
[  568071ms] [LOG] [Fast Refresh] done in 10ms @ http://localhost:3000/_next/static/chunks/node_modules_next_dist_1e8vcs8._.js:776
[  568134ms] [LOG] [Fast Refresh] done in 10ms @ http://localhost:3000/_next/static/chunks/node_modules_next_dist_1e8vcs8._.js:776
[  568197ms] [LOG] [Fast Refresh] done in 10ms @ http://localhost:3000/_next/static/chunks/node_modules_next_dist_1e8vcs8._.js:776
[  568259ms] [LOG] [Fast Refresh] done in 10ms @ http://localhost:3000/_next/static/chunks/node_modules_next_dist_1e8vcs8._.js:776
[  568320ms] [LOG] [Fast Refresh] done in 10ms @ http://localhost:3000/_next/static/chunks/node_modules_next_dist_1e8vcs8._.js:776
[  568382ms] [LOG] [Fast Refresh] done in 10ms @ http://localhost:3000/_next/static/chunks/node_modules_next_dist_1e8vcs8._.js:776
[  568444ms] [LOG] [Fast Refresh] done in 10ms @ http://localhost:3000/_next/static/chunks/node_modules_next_dist_1e8vcs8._.js:776
[  568505ms] [LOG] [Fast Refresh] done in 10ms @ http://localhost:3000/_next/static/chunks/node_modules_next_dist_1e8vcs8._.js:776
[  568567ms] [LOG] [Fast Refresh] done in 10ms @ http://localhost:3000/_next/static/chunks/node_modules_next_dist_1e8vcs8._.js:776
[  568626ms] [LOG] [Fast Refresh] done in 10ms @ http://localhost:3000/_next/static/chunks/node_modules_next_dist_1e8vcs8._.js:776
[  568687ms] [LOG] [Fast Refresh] done in 10ms @ http://localhost:3000/_next/static/chunks/node_modules_next_dist_1e8vcs8._.js:776
[  568750ms] [LOG] [Fast Refresh] done in 10ms @ http://localhost:3000/_next/static/chunks/node_modules_next_dist_1e8vcs8._.js:776
[  568811ms] [LOG] [Fast Refresh] done in 10ms @ http://localhost:3000/_next/static/chunks/node_modules_next_dist_1e8vcs8._.js:776
[  568873ms] [LOG] [Fast Refresh] done in 10ms @ http://localhost:3000/_next/static/chunks/node_modules_next_dist_1e8vcs8._.js:776
[  568935ms] [LOG] [Fast Refresh] done in 10ms @ http://localhost:3000/_next/static/chunks/node_modules_next_dist_1e8vcs8._.js:776
[  568998ms] [LOG] [Fast Refresh] done in 10ms @ http://localhost:3000/_next/static/chunks/node_modules_next_dist_1e8vcs8._.js:776
[  569057ms] [LOG] [Fast Refresh] done in 10ms @ http://localhost:3000/_next/static/chunks/node_modules_next_dist_1e8vcs8._.js:776
[  569117ms] [LOG] [Fast Refresh] done in 10ms @ http://localhost:3000/_next/static/chunks/node_modules_next_dist_1e8vcs8._.js:776
[  569164ms] [LOG] [Fast Refresh] done in 10ms @ http://localhost:3000/_next/static/chunks/node_modules_next_dist_1e8vcs8._.js:776
[  569226ms] [LOG] [Fast Refresh] done in 10ms @ http://localhost:3000/_next/static/chunks/node_modules_next_dist_1e8vcs8._.js:776
[  569287ms] [LOG] [Fast Refresh] done in 10ms @ http://localhost:3000/_next/static/chunks/node_modules_next_dist_1e8vcs8._.js:776
[  569348ms] [LOG] [Fast Refresh] done in 10ms @ http://localhost:3000/_next/static/chunks/node_modules_next_dist_1e8vcs8._.js:776
[  569409ms] [LOG] [Fast Refresh] done in 10ms @ http://localhost:3000/_next/static/chunks/node_modules_next_dist_1e8vcs8._.js:776
[  569471ms] [LOG] [Fast Refresh] done in 10ms @ http://localhost:3000/_next/static/chunks/node_modules_next_dist_1e8vcs8._.js:776
[  569531ms] [LOG] [Fast Refresh] done in 10ms @ http://localhost:3000/_next/static/chunks/node_modules_next_dist_1e8vcs8._.js:776
[  569592ms] [LOG] [Fast Refresh] done in 10ms @ http://localhost:3000/_next/static/chunks/node_modules_next_dist_1e8vcs8._.js:776
[  569654ms] [LOG] [Fast Refresh] done in 10ms @ http://localhost:3000/_next/static/chunks/node_modules_next_dist_1e8vcs8._.js:776
[  569717ms] [LOG] [Fast Refresh] done in 10ms @ http://localhost:3000/_next/static/chunks/node_modules_next_dist_1e8vcs8._.js:776
[  569781ms] [LOG] [Fast Refresh] done in 10ms @ http://localhost:3000/_next/static/chunks/node_modules_next_dist_1e8vcs8._.js:776
[  569842ms] [LOG] [Fast Refresh] done in 10ms @ http://localhost:3000/_next/static/chunks/node_modules_next_dist_1e8vcs8._.js:776
[  569904ms] [LOG] [Fast Refresh] done in 10ms @ http://localhost:3000/_next/static/chunks/node_modules_next_dist_1e8vcs8._.js:776
[  569964ms] [LOG] [Fast Refresh] done in 10ms @ http://localhost:3000/_next/static/chunks/node_modules_next_dist_1e8vcs8._.js:776
[  570026ms] [LOG] [Fast Refresh] done in 10ms @ http://localhost:3000/_next/static/chunks/node_modules_next_dist_1e8vcs8._.js:776
[  570088ms] [LOG] [Fast Refresh] done in 10ms @ http://localhost:3000/_next/static/chunks/node_modules_next_dist_1e8vcs8._.js:776
[  570150ms] [LOG] [Fast Refresh] done in 10ms @ http://localhost:3000/_next/static/chunks/node_modules_next_dist_1e8vcs8._.js:776
[  570212ms] [LOG] [Fast Refresh] done in 10ms @ http://localhost:3000/_next/static/chunks/node_modules_next_dist_1e8vcs8._.js:776
[  570275ms] [LOG] [Fast Refresh] done in 10ms @ http://localhost:3000/_next/static/chunks/node_modules_next_dist_1e8vcs8._.js:776
[  570336ms] [LOG] [Fast Refresh] done in 10ms @ http://localhost:3000/_next/static/chunks/node_modules_next_dist_1e8vcs8._.js:776
[  570396ms] [LOG] [Fast Refresh] done in 10ms @ http://localhost:3000/_next/static/chunks/node_modules_next_dist_1e8vcs8._.js:776
[  570458ms] [LOG] [Fast Refresh] done in 10ms @ http://localhost:3000/_next/static/chunks/node_modules_next_dist_1e8vcs8._.js:776
[  570520ms] [LOG] [Fast Refresh] done in 10ms @ http://localhost:3000/_next/static/chunks/node_modules_next_dist_1e8vcs8._.js:776
[  570581ms] [LOG] [Fast Refresh] done in 10ms @ http://localhost:3000/_next/static/chunks/node_modules_next_dist_1e8vcs8._.js:776
[  570644ms] [LOG] [Fast Refresh] done in 10ms @ http://localhost:3000/_next/static/chunks/node_modules_next_dist_1e8vcs8._.js:776
[  570706ms] [LOG] [Fast Refresh] done in 10ms @ http://localhost:3000/_next/static/chunks/node_modules_next_dist_1e8vcs8._.js:776
[  570770ms] [LOG] [Fast Refresh] done in 10ms @ http://localhost:3000/_next/static/chunks/node_modules_next_dist_1e8vcs8._.js:776
[  570831ms] [LOG] [Fast Refresh] done in 10ms @ http://localhost:3000/_next/static/chunks/node_modules_next_dist_1e8vcs8._.js:776
[  570891ms] [LOG] [Fast Refresh] done in 10ms @ http://localhost:3000/_next/static/chunks/node_modules_next_dist_1e8vcs8._.js:776
[  570938ms] [LOG] [Fast Refresh] done in 10ms @ http://localhost:3000/_next/static/chunks/node_modules_next_dist_1e8vcs8._.js:776
[  571000ms] [LOG] [Fast Refresh] done in 10ms @ http://localhost:3000/_next/static/chunks/node_modules_next_dist_1e8vcs8._.js:776
[  571060ms] [LOG] [Fast Refresh] done in 10ms @ http://localhost:3000/_next/static/chunks/node_modules_next_dist_1e8vcs8._.js:776
[  571120ms] [LOG] [Fast Refresh] done in 10ms @ http://localhost:3000/_next/static/chunks/node_modules_next_dist_1e8vcs8._.js:776
[  571183ms] [LOG] [Fast Refresh] done in 10ms @ http://localhost:3000/_next/static/chunks/node_modules_next_dist_1e8vcs8._.js:776
[  571243ms] [LOG] [Fast Refresh] done in 10ms @ http://localhost:3000/_next/static/chunks/node_modules_next_dist_1e8vcs8._.js:776
[  571306ms] [LOG] [Fast Refresh] done in 10ms @ http://localhost:3000/_next/static/chunks/node_modules_next_dist_1e8vcs8._.js:776
[  571370ms] [LOG] [Fast Refresh] done in 10ms @ http://localhost:3000/_next/static/chunks/node_modules_next_dist_1e8vcs8._.js:776
[  571431ms] [LOG] [Fast Refresh] done in 10ms @ http://localhost:3000/_next/static/chunks/node_modules_next_dist_1e8vcs8._.js:776
[  571493ms] [LOG] [Fast Refresh] done in 10ms @ http://localhost:3000/_next/static/chunks/node_modules_next_dist_1e8vcs8._.js:776
[  571554ms] [LOG] [Fast Refresh] done in 10ms @ http://localhost:3000/_next/static/chunks/node_modules_next_dist_1e8vcs8._.js:776
[  571615ms] [LOG] [Fast Refresh] done in 10ms @ http://localhost:3000/_next/static/chunks/node_modules_next_dist_1e8vcs8._.js:776
[  571676ms] [LOG] [Fast Refresh] done in 10ms @ http://localhost:3000/_next/static/chunks/node_modules_next_dist_1e8vcs8._.js:776
[  571738ms] [LOG] [Fast Refresh] done in 10ms @ http://localhost:3000/_next/static/chunks/node_modules_next_dist_1e8vcs8._.js:776
[  571801ms] [LOG] [Fast Refresh] done in 10ms @ http://localhost:3000/_next/static/chunks/node_modules_next_dist_1e8vcs8._.js:776
[  571849ms] [LOG] [Fast Refresh] done in 10ms @ http://localhost:3000/_next/static/chunks/node_modules_next_dist_1e8vcs8._.js:776
[  571911ms] [LOG] [Fast Refresh] done in 10ms @ http://localhost:3000/_next/static/chunks/node_modules_next_dist_1e8vcs8._.js:776
[  571959ms] [LOG] [Fast Refresh] done in 10ms @ http://localhost:3000/_next/static/chunks/node_modules_next_dist_1e8vcs8._.js:776
[  572021ms] [LOG] [Fast Refresh] done in 10ms @ http://localhost:3000/_next/static/chunks/node_modules_next_dist_1e8vcs8._.js:776
[  572083ms] [LOG] [Fast Refresh] done in 10ms @ http://localhost:3000/_next/static/chunks/node_modules_next_dist_1e8vcs8._.js:776
[  572144ms] [LOG] [Fast Refresh] done in 10ms @ http://localhost:3000/_next/static/chunks/node_modules_next_dist_1e8vcs8._.js:776
[  572209ms] [LOG] [Fast Refresh] done in 10ms @ http://localhost:3000/_next/static/chunks/node_modules_next_dist_1e8vcs8._.js:776
[  572272ms] [LOG] [Fast Refresh] done in 10ms @ http://localhost:3000/_next/static/chunks/node_modules_next_dist_1e8vcs8._.js:776
[  572334ms] [LOG] [Fast Refresh] done in 10ms @ http://localhost:3000/_next/static/chunks/node_modules_next_dist_1e8vcs8._.js:776
[  572397ms] [LOG] [Fast Refresh] done in 10ms @ http://localhost:3000/_next/static/chunks/node_modules_next_dist_1e8vcs8._.js:776
[  572459ms] [LOG] [Fast Refresh] done in 10ms @ http://localhost:3000/_next/static/chunks/node_modules_next_dist_1e8vcs8._.js:776
[  572519ms] [LOG] [Fast Refresh] done in 10ms @ http://localhost:3000/_next/static/chunks/node_modules_next_dist_1e8vcs8._.js:776
[  572581ms] [LOG] [Fast Refresh] done in 10ms @ http://localhost:3000/_next/static/chunks/node_modules_next_dist_1e8vcs8._.js:776
[  572643ms] [LOG] [Fast Refresh] done in 10ms @ http://localhost:3000/_next/static/chunks/node_modules_next_dist_1e8vcs8._.js:776
[  572704ms] [LOG] [Fast Refresh] done in 10ms @ http://localhost:3000/_next/static/chunks/node_modules_next_dist_1e8vcs8._.js:776
[  572764ms] [LOG] [Fast Refresh] done in 10ms @ http://localhost:3000/_next/static/chunks/node_modules_next_dist_1e8vcs8._.js:776
[  572824ms] [LOG] [Fast Refresh] done in 10ms @ http://localhost:3000/_next/static/chunks/node_modules_next_dist_1e8vcs8._.js:776
[  572885ms] [LOG] [Fast Refresh] done in 10ms @ http://localhost:3000/_next/static/chunks/node_modules_next_dist_1e8vcs8._.js:776
[  572947ms] [LOG] [Fast Refresh] done in 10ms @ http://localhost:3000/_next/static/chunks/node_modules_next_dist_1e8vcs8._.js:776
[  572993ms] [LOG] [Fast Refresh] done in 10ms @ http://localhost:3000/_next/static/chunks/node_modules_next_dist_1e8vcs8._.js:776
[  573055ms] [LOG] [Fast Refresh] done in 10ms @ http://localhost:3000/_next/static/chunks/node_modules_next_dist_1e8vcs8._.js:776
[  573117ms] [LOG] [Fast Refresh] done in 10ms @ http://localhost:3000/_next/static/chunks/node_modules_next_dist_1e8vcs8._.js:776
[  573181ms] [LOG] [Fast Refresh] done in 10ms @ http://localhost:3000/_next/static/chunks/node_modules_next_dist_1e8vcs8._.js:776
[  573228ms] [LOG] [Fast Refresh] done in 10ms @ http://localhost:3000/_next/static/chunks/node_modules_next_dist_1e8vcs8._.js:776
[  573277ms] [LOG] [Fast Refresh] done in 10ms @ http://localhost:3000/_next/static/chunks/node_modules_next_dist_1e8vcs8._.js:776
[  573340ms] [LOG] [Fast Refresh] done in 10ms @ http://localhost:3000/_next/static/chunks/node_modules_next_dist_1e8vcs8._.js:776
[  573389ms] [LOG] [Fast Refresh] done in 10ms @ http://localhost:3000/_next/static/chunks/node_modules_next_dist_1e8vcs8._.js:776
[  573450ms] [LOG] [Fast Refresh] done in 10ms @ http://localhost:3000/_next/static/chunks/node_modules_next_dist_1e8vcs8._.js:776
[  573514ms] [LOG] [Fast Refresh] done in 10ms @ http://localhost:3000/_next/static/chunks/node_modules_next_dist_1e8vcs8._.js:776
[  573576ms] [LOG] [Fast Refresh] done in 10ms @ http://localhost:3000/_next/static/chunks/node_modules_next_dist_1e8vcs8._.js:776
[  573639ms] [LOG] [Fast Refresh] done in 10ms @ http://localhost:3000/_next/static/chunks/node_modules_next_dist_1e8vcs8._.js:776
[  573701ms] [LOG] [Fast Refresh] done in 10ms @ http://localhost:3000/_next/static/chunks/node_modules_next_dist_1e8vcs8._.js:776
[  573761ms] [LOG] [Fast Refresh] done in 10ms @ http://localhost:3000/_next/static/chunks/node_modules_next_dist_1e8vcs8._.js:776
[  573822ms] [LOG] [Fast Refresh] done in 10ms @ http://localhost:3000/_next/static/chunks/node_modules_next_dist_1e8vcs8._.js:776
[  573884ms] [LOG] [Fast Refresh] done in 10ms @ http://localhost:3000/_next/static/chunks/node_modules_next_dist_1e8vcs8._.js:776
[  573947ms] [LOG] [Fast Refresh] done in 10ms @ http://localhost:3000/_next/static/chunks/node_modules_next_dist_1e8vcs8._.js:776
[  574008ms] [LOG] [Fast Refresh] done in 10ms @ http://localhost:3000/_next/static/chunks/node_modules_next_dist_1e8vcs8._.js:776
[  574070ms] [LOG] [Fast Refresh] done in 10ms @ http://localhost:3000/_next/static/chunks/node_modules_next_dist_1e8vcs8._.js:776
[  574132ms] [LOG] [Fast Refresh] done in 10ms @ http://localhost:3000/_next/static/chunks/node_modules_next_dist_1e8vcs8._.js:776
[  574194ms] [LOG] [Fast Refresh] done in 10ms @ http://localhost:3000/_next/static/chunks/node_modules_next_dist_1e8vcs8._.js:776
[  574256ms] [LOG] [Fast Refresh] done in 10ms @ http://localhost:3000/_next/static/chunks/node_modules_next_dist_1e8vcs8._.js:776
[  574316ms] [LOG] [Fast Refresh] done in 10ms @ http://localhost:3000/_next/static/chunks/node_modules_next_dist_1e8vcs8._.js:776
[  574379ms] [LOG] [Fast Refresh] done in 10ms @ http://localhost:3000/_next/static/chunks/node_modules_next_dist_1e8vcs8._.js:776
[  574440ms] [LOG] [Fast Refresh] done in 10ms @ http://localhost:3000/_next/static/chunks/node_modules_next_dist_1e8vcs8._.js:776
[  574503ms] [LOG] [Fast Refresh] done in 10ms @ http://localhost:3000/_next/static/chunks/node_modules_next_dist_1e8vcs8._.js:776
[  574564ms] [LOG] [Fast Refresh] done in 10ms @ http://localhost:3000/_next/static/chunks/node_modules_next_dist_1e8vcs8._.js:776
[  574626ms] [LOG] [Fast Refresh] done in 10ms @ http://localhost:3000/_next/static/chunks/node_modules_next_dist_1e8vcs8._.js:776
[  574687ms] [LOG] [Fast Refresh] done in 10ms @ http://localhost:3000/_next/static/chunks/node_modules_next_dist_1e8vcs8._.js:776
[  574748ms] [LOG] [Fast Refresh] done in 10ms @ http://localhost:3000/_next/static/chunks/node_modules_next_dist_1e8vcs8._.js:776
[  574811ms] [LOG] [Fast Refresh] done in 10ms @ http://localhost:3000/_next/static/chunks/node_modules_next_dist_1e8vcs8._.js:776
[  574873ms] [LOG] [Fast Refresh] done in 10ms @ http://localhost:3000/_next/static/chunks/node_modules_next_dist_1e8vcs8._.js:776
[  574935ms] [LOG] [Fast Refresh] done in 10ms @ http://localhost:3000/_next/static/chunks/node_modules_next_dist_1e8vcs8._.js:776
[  574996ms] [LOG] [Fast Refresh] done in 10ms @ http://localhost:3000/_next/static/chunks/node_modules_next_dist_1e8vcs8._.js:776
[  575060ms] [LOG] [Fast Refresh] done in 10ms @ http://localhost:3000/_next/static/chunks/node_modules_next_dist_1e8vcs8._.js:776
[  575123ms] [LOG] [Fast Refresh] done in 10ms @ http://localhost:3000/_next/static/chunks/node_modules_next_dist_1e8vcs8._.js:776
[  575170ms] [LOG] [Fast Refresh] done in 10ms @ http://localhost:3000/_next/static/chunks/node_modules_next_dist_1e8vcs8._.js:776
[  575232ms] [LOG] [Fast Refresh] done in 10ms @ http://localhost:3000/_next/static/chunks/node_modules_next_dist_1e8vcs8._.js:776
[  575292ms] [LOG] [Fast Refresh] done in 10ms @ http://localhost:3000/_next/static/chunks/node_modules_next_dist_1e8vcs8._.js:776
[  575353ms] [LOG] [Fast Refresh] done in 10ms @ http://localhost:3000/_next/static/chunks/node_modules_next_dist_1e8vcs8._.js:776
[  575416ms] [LOG] [Fast Refresh] done in 10ms @ http://localhost:3000/_next/static/chunks/node_modules_next_dist_1e8vcs8._.js:776
[  575479ms] [LOG] [Fast Refresh] done in 10ms @ http://localhost:3000/_next/static/chunks/node_modules_next_dist_1e8vcs8._.js:776
[  575526ms] [LOG] [Fast Refresh] done in 10ms @ http://localhost:3000/_next/static/chunks/node_modules_next_dist_1e8vcs8._.js:776
[  575587ms] [LOG] [Fast Refresh] done in 10ms @ http://localhost:3000/_next/static/chunks/node_modules_next_dist_1e8vcs8._.js:776
[  575649ms] [LOG] [Fast Refresh] done in 10ms @ http://localhost:3000/_next/static/chunks/node_modules_next_dist_1e8vcs8._.js:776
[  575711ms] [LOG] [Fast Refresh] done in 10ms @ http://localhost:3000/_next/static/chunks/node_modules_next_dist_1e8vcs8._.js:776
[  575773ms] [LOG] [Fast Refresh] done in 10ms @ http://localhost:3000/_next/static/chunks/node_modules_next_dist_1e8vcs8._.js:776
[  575834ms] [LOG] [Fast Refresh] done in 10ms @ http://localhost:3000/_next/static/chunks/node_modules_next_dist_1e8vcs8._.js:776
[  575895ms] [LOG] [Fast Refresh] done in 10ms @ http://localhost:3000/_next/static/chunks/node_modules_next_dist_1e8vcs8._.js:776
[  575943ms] [LOG] [Fast Refresh] done in 10ms @ http://localhost:3000/_next/static/chunks/node_modules_next_dist_1e8vcs8._.js:776
[  576005ms] [LOG] [Fast Refresh] done in 10ms @ http://localhost:3000/_next/static/chunks/node_modules_next_dist_1e8vcs8._.js:776
[  576070ms] [LOG] [Fast Refresh] done in 10ms @ http://localhost:3000/_next/static/chunks/node_modules_next_dist_1e8vcs8._.js:776
[  576130ms] [LOG] [Fast Refresh] done in 10ms @ http://localhost:3000/_next/static/chunks/node_modules_next_dist_1e8vcs8._.js:776
[  576193ms] [LOG] [Fast Refresh] done in 10ms @ http://localhost:3000/_next/static/chunks/node_modules_next_dist_1e8vcs8._.js:776
[  576255ms] [LOG] [Fast Refresh] done in 10ms @ http://localhost:3000/_next/static/chunks/node_modules_next_dist_1e8vcs8._.js:776
[  576318ms] [LOG] [Fast Refresh] done in 10ms @ http://localhost:3000/_next/static/chunks/node_modules_next_dist_1e8vcs8._.js:776
[  576381ms] [LOG] [Fast Refresh] done in 10ms @ http://localhost:3000/_next/static/chunks/node_modules_next_dist_1e8vcs8._.js:776
[  576442ms] [LOG] [Fast Refresh] done in 10ms @ http://localhost:3000/_next/static/chunks/node_modules_next_dist_1e8vcs8._.js:776
[  576504ms] [LOG] [Fast Refresh] done in 10ms @ http://localhost:3000/_next/static/chunks/node_modules_next_dist_1e8vcs8._.js:776
[  576566ms] [LOG] [Fast Refresh] done in 10ms @ http://localhost:3000/_next/static/chunks/node_modules_next_dist_1e8vcs8._.js:776
[  576628ms] [LOG] [Fast Refresh] done in 10ms @ http://localhost:3000/_next/static/chunks/node_modules_next_dist_1e8vcs8._.js:776
[  576690ms] [LOG] [Fast Refresh] done in 10ms @ http://localhost:3000/_next/static/chunks/node_modules_next_dist_1e8vcs8._.js:776
[  576753ms] [LOG] [Fast Refresh] done in 10ms @ http://localhost:3000/_next/static/chunks/node_modules_next_dist_1e8vcs8._.js:776
[  576814ms] [LOG] [Fast Refresh] done in 10ms @ http://localhost:3000/_next/static/chunks/node_modules_next_dist_1e8vcs8._.js:776
[  576874ms] [LOG] [Fast Refresh] done in 10ms @ http://localhost:3000/_next/static/chunks/node_modules_next_dist_1e8vcs8._.js:776
[  576937ms] [LOG] [Fast Refresh] done in 10ms @ http://localhost:3000/_next/static/chunks/node_modules_next_dist_1e8vcs8._.js:776
[  576999ms] [LOG] [Fast Refresh] done in 10ms @ http://localhost:3000/_next/static/chunks/node_modules_next_dist_1e8vcs8._.js:776
[  577060ms] [LOG] [Fast Refresh] done in 10ms @ http://localhost:3000/_next/static/chunks/node_modules_next_dist_1e8vcs8._.js:776
[  577123ms] [LOG] [Fast Refresh] done in 10ms @ http://localhost:3000/_next/static/chunks/node_modules_next_dist_1e8vcs8._.js:776
[  577187ms] [LOG] [Fast Refresh] done in 10ms @ http://localhost:3000/_next/static/chunks/node_modules_next_dist_1e8vcs8._.js:776
[  577248ms] [LOG] [Fast Refresh] done in 10ms @ http://localhost:3000/_next/static/chunks/node_modules_next_dist_1e8vcs8._.js:776
[  577310ms] [LOG] [Fast Refresh] done in 10ms @ http://localhost:3000/_next/static/chunks/node_modules_next_dist_1e8vcs8._.js:776
[  577372ms] [LOG] [Fast Refresh] done in 10ms @ http://localhost:3000/_next/static/chunks/node_modules_next_dist_1e8vcs8._.js:776
[  577435ms] [LOG] [Fast Refresh] done in 10ms @ http://localhost:3000/_next/static/chunks/node_modules_next_dist_1e8vcs8._.js:776
[  577483ms] [LOG] [Fast Refresh] done in 10ms @ http://localhost:3000/_next/static/chunks/node_modules_next_dist_1e8vcs8._.js:776
[  577546ms] [LOG] [Fast Refresh] done in 10ms @ http://localhost:3000/_next/static/chunks/node_modules_next_dist_1e8vcs8._.js:776
[  577609ms] [LOG] [Fast Refresh] done in 10ms @ http://localhost:3000/_next/static/chunks/node_modules_next_dist_1e8vcs8._.js:776
[  577670ms] [LOG] [Fast Refresh] done in 10ms @ http://localhost:3000/_next/static/chunks/node_modules_next_dist_1e8vcs8._.js:776
[  577731ms] [LOG] [Fast Refresh] done in 10ms @ http://localhost:3000/_next/static/chunks/node_modules_next_dist_1e8vcs8._.js:776
[  577792ms] [LOG] [Fast Refresh] done in 10ms @ http://localhost:3000/_next/static/chunks/node_modules_next_dist_1e8vcs8._.js:776
[  577853ms] [LOG] [Fast Refresh] done in 10ms @ http://localhost:3000/_next/static/chunks/node_modules_next_dist_1e8vcs8._.js:776
[  577903ms] [LOG] [Fast Refresh] done in 10ms @ http://localhost:3000/_next/static/chunks/node_modules_next_dist_1e8vcs8._.js:776
[  577948ms] [LOG] [Fast Refresh] rebuilding @ http://localhost:3000/_next/static/chunks/node_modules_next_dist_1e8vcs8._.js:776
[  577999ms] [ERROR] Invalid prop `%s` supplied to `React.Fragment`. React.Fragment can only have `key`, `ref`, and `children` props. id @ http://localhost:3000/_next/static/chunks/node_modules_next_dist_1e8vcs8._.js:1052
[  578017ms] [WARNING] THREE.Clock: This module has been deprecated. Please use THREE.Timer instead. @ http://localhost:3000/_next/static/chunks/node_modules_next_dist_1e8vcs8._.js:776
[  578017ms] [WARNING] THREE.Clock: This module has been deprecated. Please use THREE.Timer instead. @ http://localhost:3000/_next/static/chunks/node_modules_next_dist_1e8vcs8._.js:776
[  578084ms] [ERROR] Invalid prop `%s` supplied to `React.Fragment`. React.Fragment can only have `key`, `ref`, and `children` props. id @ http://localhost:3000/_next/static/chunks/node_modules_next_dist_1e8vcs8._.js:1052
[  578093ms] [LOG] [Fast Refresh] done in 7ms @ http://localhost:3000/_next/static/chunks/node_modules_next_dist_1e8vcs8._.js:776
[  578103ms] [WARNING] THREE.Clock: This module has been deprecated. Please use THREE.Timer instead. @ http://localhost:3000/_next/static/chunks/node_modules_next_dist_1e8vcs8._.js:776
[  578104ms] [WARNING] THREE.Clock: This module has been deprecated. Please use THREE.Timer instead. @ http://localhost:3000/_next/static/chunks/node_modules_next_dist_1e8vcs8._.js:776
[  578165ms] [LOG] [Fast Refresh] done in 7ms @ http://localhost:3000/_next/static/chunks/node_modules_next_dist_1e8vcs8._.js:776
[  578226ms] [LOG] [Fast Refresh] done in 7ms @ http://localhost:3000/_next/static/chunks/node_modules_next_dist_1e8vcs8._.js:776
[  578288ms] [LOG] [Fast Refresh] done in 7ms @ http://localhost:3000/_next/static/chunks/node_modules_next_dist_1e8vcs8._.js:776
[  578349ms] [LOG] [Fast Refresh] done in 7ms @ http://localhost:3000/_next/static/chunks/node_modules_next_dist_1e8vcs8._.js:776
[  578412ms] [LOG] [Fast Refresh] done in 7ms @ http://localhost:3000/_next/static/chunks/node_modules_next_dist_1e8vcs8._.js:776
[  578476ms] [LOG] [Fast Refresh] done in 7ms @ http://localhost:3000/_next/static/chunks/node_modules_next_dist_1e8vcs8._.js:776
[  578537ms] [LOG] [Fast Refresh] done in 7ms @ http://localhost:3000/_next/static/chunks/node_modules_next_dist_1e8vcs8._.js:776
[  578600ms] [LOG] [Fast Refresh] done in 7ms @ http://localhost:3000/_next/static/chunks/node_modules_next_dist_1e8vcs8._.js:776
[  578662ms] [LOG] [Fast Refresh] done in 7ms @ http://localhost:3000/_next/static/chunks/node_modules_next_dist_1e8vcs8._.js:776
[  578722ms] [LOG] [Fast Refresh] done in 7ms @ http://localhost:3000/_next/static/chunks/node_modules_next_dist_1e8vcs8._.js:776
[  578783ms] [LOG] [Fast Refresh] done in 7ms @ http://localhost:3000/_next/static/chunks/node_modules_next_dist_1e8vcs8._.js:776
[  578846ms] [LOG] [Fast Refresh] done in 7ms @ http://localhost:3000/_next/static/chunks/node_modules_next_dist_1e8vcs8._.js:776
[  578907ms] [LOG] [Fast Refresh] done in 7ms @ http://localhost:3000/_next/static/chunks/node_modules_next_dist_1e8vcs8._.js:776
[  578968ms] [LOG] [Fast Refresh] done in 7ms @ http://localhost:3000/_next/static/chunks/node_modules_next_dist_1e8vcs8._.js:776
[  579031ms] [LOG] [Fast Refresh] done in 7ms @ http://localhost:3000/_next/static/chunks/node_modules_next_dist_1e8vcs8._.js:776
[  579092ms] [LOG] [Fast Refresh] done in 7ms @ http://localhost:3000/_next/static/chunks/node_modules_next_dist_1e8vcs8._.js:776
[  579139ms] [LOG] [Fast Refresh] done in 7ms @ http://localhost:3000/_next/static/chunks/node_modules_next_dist_1e8vcs8._.js:776
[  579200ms] [LOG] [Fast Refresh] done in 7ms @ http://localhost:3000/_next/static/chunks/node_modules_next_dist_1e8vcs8._.js:776
[  579263ms] [LOG] [Fast Refresh] done in 7ms @ http://localhost:3000/_next/static/chunks/node_modules_next_dist_1e8vcs8._.js:776
[  579325ms] [LOG] [Fast Refresh] done in 7ms @ http://localhost:3000/_next/static/chunks/node_modules_next_dist_1e8vcs8._.js:776
[  579387ms] [LOG] [Fast Refresh] done in 7ms @ http://localhost:3000/_next/static/chunks/node_modules_next_dist_1e8vcs8._.js:776
[  579435ms] [LOG] [Fast Refresh] done in 7ms @ http://localhost:3000/_next/static/chunks/node_modules_next_dist_1e8vcs8._.js:776
[  579497ms] [LOG] [Fast Refresh] done in 7ms @ http://localhost:3000/_next/static/chunks/node_modules_next_dist_1e8vcs8._.js:776
[  579559ms] [LOG] [Fast Refresh] done in 7ms @ http://localhost:3000/_next/static/chunks/node_modules_next_dist_1e8vcs8._.js:776
[  579620ms] [LOG] [Fast Refresh] done in 7ms @ http://localhost:3000/_next/static/chunks/node_modules_next_dist_1e8vcs8._.js:776
[  579681ms] [LOG] [Fast Refresh] done in 7ms @ http://localhost:3000/_next/static/chunks/node_modules_next_dist_1e8vcs8._.js:776
[  579743ms] [LOG] [Fast Refresh] done in 7ms @ http://localhost:3000/_next/static/chunks/node_modules_next_dist_1e8vcs8._.js:776
[  579805ms] [LOG] [Fast Refresh] done in 7ms @ http://localhost:3000/_next/static/chunks/node_modules_next_dist_1e8vcs8._.js:776
[  579866ms] [LOG] [Fast Refresh] done in 7ms @ http://localhost:3000/_next/static/chunks/node_modules_next_dist_1e8vcs8._.js:776
[  579928ms] [LOG] [Fast Refresh] done in 7ms @ http://localhost:3000/_next/static/chunks/node_modules_next_dist_1e8vcs8._.js:776
[  579976ms] [LOG] [Fast Refresh] done in 7ms @ http://localhost:3000/_next/static/chunks/node_modules_next_dist_1e8vcs8._.js:776
[  580038ms] [LOG] [Fast Refresh] done in 7ms @ http://localhost:3000/_next/static/chunks/node_modules_next_dist_1e8vcs8._.js:776
[  580100ms] [LOG] [Fast Refresh] done in 7ms @ http://localhost:3000/_next/static/chunks/node_modules_next_dist_1e8vcs8._.js:776
[  580164ms] [LOG] [Fast Refresh] done in 7ms @ http://localhost:3000/_next/static/chunks/node_modules_next_dist_1e8vcs8._.js:776
[  580225ms] [LOG] [Fast Refresh] done in 7ms @ http://localhost:3000/_next/static/chunks/node_modules_next_dist_1e8vcs8._.js:776
[  580287ms] [LOG] [Fast Refresh] done in 7ms @ http://localhost:3000/_next/static/chunks/node_modules_next_dist_1e8vcs8._.js:776
[  580335ms] [LOG] [Fast Refresh] done in 7ms @ http://localhost:3000/_next/static/chunks/node_modules_next_dist_1e8vcs8._.js:776
[  580397ms] [LOG] [Fast Refresh] done in 7ms @ http://localhost:3000/_next/static/chunks/node_modules_next_dist_1e8vcs8._.js:776
[  580444ms] [LOG] [Fast Refresh] done in 7ms @ http://localhost:3000/_next/static/chunks/node_modules_next_dist_1e8vcs8._.js:776
[  580506ms] [LOG] [Fast Refresh] done in 7ms @ http://localhost:3000/_next/static/chunks/node_modules_next_dist_1e8vcs8._.js:776
[  580568ms] [LOG] [Fast Refresh] done in 7ms @ http://localhost:3000/_next/static/chunks/node_modules_next_dist_1e8vcs8._.js:776
[  580631ms] [LOG] [Fast Refresh] done in 7ms @ http://localhost:3000/_next/static/chunks/node_modules_next_dist_1e8vcs8._.js:776
[  580691ms] [LOG] [Fast Refresh] done in 7ms @ http://localhost:3000/_next/static/chunks/node_modules_next_dist_1e8vcs8._.js:776
[  580738ms] [LOG] [Fast Refresh] done in 7ms @ http://localhost:3000/_next/static/chunks/node_modules_next_dist_1e8vcs8._.js:776
[  580800ms] [LOG] [Fast Refresh] done in 7ms @ http://localhost:3000/_next/static/chunks/node_modules_next_dist_1e8vcs8._.js:776
[  580861ms] [LOG] [Fast Refresh] done in 7ms @ http://localhost:3000/_next/static/chunks/node_modules_next_dist_1e8vcs8._.js:776
[  580922ms] [LOG] [Fast Refresh] done in 7ms @ http://localhost:3000/_next/static/chunks/node_modules_next_dist_1e8vcs8._.js:776
[  580984ms] [LOG] [Fast Refresh] done in 7ms @ http://localhost:3000/_next/static/chunks/node_modules_next_dist_1e8vcs8._.js:776
[  581032ms] [LOG] [Fast Refresh] done in 7ms @ http://localhost:3000/_next/static/chunks/node_modules_next_dist_1e8vcs8._.js:776
[  581095ms] [LOG] [Fast Refresh] done in 7ms @ http://localhost:3000/_next/static/chunks/node_modules_next_dist_1e8vcs8._.js:776
[  581157ms] [LOG] [Fast Refresh] done in 7ms @ http://localhost:3000/_next/static/chunks/node_modules_next_dist_1e8vcs8._.js:776
[  581220ms] [LOG] [Fast Refresh] done in 7ms @ http://localhost:3000/_next/static/chunks/node_modules_next_dist_1e8vcs8._.js:776
[  581281ms] [LOG] [Fast Refresh] done in 7ms @ http://localhost:3000/_next/static/chunks/node_modules_next_dist_1e8vcs8._.js:776
[  581342ms] [LOG] [Fast Refresh] done in 7ms @ http://localhost:3000/_next/static/chunks/node_modules_next_dist_1e8vcs8._.js:776
[  581406ms] [LOG] [Fast Refresh] done in 7ms @ http://localhost:3000/_next/static/chunks/node_modules_next_dist_1e8vcs8._.js:776
[  581469ms] [LOG] [Fast Refresh] done in 7ms @ http://localhost:3000/_next/static/chunks/node_modules_next_dist_1e8vcs8._.js:776
[  581518ms] [LOG] [Fast Refresh] done in 7ms @ http://localhost:3000/_next/static/chunks/node_modules_next_dist_1e8vcs8._.js:776
[  581581ms] [LOG] [Fast Refresh] done in 7ms @ http://localhost:3000/_next/static/chunks/node_modules_next_dist_1e8vcs8._.js:776
[  581642ms] [LOG] [Fast Refresh] done in 7ms @ http://localhost:3000/_next/static/chunks/node_modules_next_dist_1e8vcs8._.js:776
[  581704ms] [LOG] [Fast Refresh] done in 7ms @ http://localhost:3000/_next/static/chunks/node_modules_next_dist_1e8vcs8._.js:776
[  581767ms] [LOG] [Fast Refresh] done in 7ms @ http://localhost:3000/_next/static/chunks/node_modules_next_dist_1e8vcs8._.js:776
[  581829ms] [LOG] [Fast Refresh] done in 7ms @ http://localhost:3000/_next/static/chunks/node_modules_next_dist_1e8vcs8._.js:776
[  581890ms] [LOG] [Fast Refresh] done in 7ms @ http://localhost:3000/_next/static/chunks/node_modules_next_dist_1e8vcs8._.js:776
[  581954ms] [LOG] [Fast Refresh] done in 7ms @ http://localhost:3000/_next/static/chunks/node_modules_next_dist_1e8vcs8._.js:776
[  582015ms] [LOG] [Fast Refresh] done in 7ms @ http://localhost:3000/_next/static/chunks/node_modules_next_dist_1e8vcs8._.js:776
[  582077ms] [LOG] [Fast Refresh] done in 7ms @ http://localhost:3000/_next/static/chunks/node_modules_next_dist_1e8vcs8._.js:776
[  582140ms] [LOG] [Fast Refresh] done in 7ms @ http://localhost:3000/_next/static/chunks/node_modules_next_dist_1e8vcs8._.js:776
[  582189ms] [LOG] [Fast Refresh] done in 7ms @ http://localhost:3000/_next/static/chunks/node_modules_next_dist_1e8vcs8._.js:776
[  582252ms] [LOG] [Fast Refresh] done in 7ms @ http://localhost:3000/_next/static/chunks/node_modules_next_dist_1e8vcs8._.js:776
[  582314ms] [LOG] [Fast Refresh] done in 7ms @ http://localhost:3000/_next/static/chunks/node_modules_next_dist_1e8vcs8._.js:776
[  582376ms] [LOG] [Fast Refresh] done in 7ms @ http://localhost:3000/_next/static/chunks/node_modules_next_dist_1e8vcs8._.js:776
[  582436ms] [LOG] [Fast Refresh] done in 7ms @ http://localhost:3000/_next/static/chunks/node_modules_next_dist_1e8vcs8._.js:776
[  582498ms] [LOG] [Fast Refresh] done in 7ms @ http://localhost:3000/_next/static/chunks/node_modules_next_dist_1e8vcs8._.js:776
[  582560ms] [LOG] [Fast Refresh] done in 7ms @ http://localhost:3000/_next/static/chunks/node_modules_next_dist_1e8vcs8._.js:776
[  582621ms] [LOG] [Fast Refresh] done in 7ms @ http://localhost:3000/_next/static/chunks/node_modules_next_dist_1e8vcs8._.js:776
[  582682ms] [LOG] [Fast Refresh] done in 7ms @ http://localhost:3000/_next/static/chunks/node_modules_next_dist_1e8vcs8._.js:776
[  582744ms] [LOG] [Fast Refresh] done in 7ms @ http://localhost:3000/_next/static/chunks/node_modules_next_dist_1e8vcs8._.js:776
[  582806ms] [LOG] [Fast Refresh] done in 7ms @ http://localhost:3000/_next/static/chunks/node_modules_next_dist_1e8vcs8._.js:776
[  582866ms] [LOG] [Fast Refresh] done in 7ms @ http://localhost:3000/_next/static/chunks/node_modules_next_dist_1e8vcs8._.js:776
[  582928ms] [LOG] [Fast Refresh] done in 7ms @ http://localhost:3000/_next/static/chunks/node_modules_next_dist_1e8vcs8._.js:776
[  582992ms] [LOG] [Fast Refresh] done in 7ms @ http://localhost:3000/_next/static/chunks/node_modules_next_dist_1e8vcs8._.js:776
[  583054ms] [LOG] [Fast Refresh] done in 7ms @ http://localhost:3000/_next/static/chunks/node_modules_next_dist_1e8vcs8._.js:776
[  583114ms] [LOG] [Fast Refresh] done in 7ms @ http://localhost:3000/_next/static/chunks/node_modules_next_dist_1e8vcs8._.js:776
[  583175ms] [LOG] [Fast Refresh] done in 7ms @ http://localhost:3000/_next/static/chunks/node_modules_next_dist_1e8vcs8._.js:776
[  583236ms] [LOG] [Fast Refresh] done in 7ms @ http://localhost:3000/_next/static/chunks/node_modules_next_dist_1e8vcs8._.js:776
[  583298ms] [LOG] [Fast Refresh] done in 7ms @ http://localhost:3000/_next/static/chunks/node_modules_next_dist_1e8vcs8._.js:776
[  583359ms] [LOG] [Fast Refresh] done in 7ms @ http://localhost:3000/_next/static/chunks/node_modules_next_dist_1e8vcs8._.js:776
[  583420ms] [LOG] [Fast Refresh] done in 7ms @ http://localhost:3000/_next/static/chunks/node_modules_next_dist_1e8vcs8._.js:776
[  583483ms] [LOG] [Fast Refresh] done in 7ms @ http://localhost:3000/_next/static/chunks/node_modules_next_dist_1e8vcs8._.js:776
[  583545ms] [LOG] [Fast Refresh] done in 7ms @ http://localhost:3000/_next/static/chunks/node_modules_next_dist_1e8vcs8._.js:776
[  583608ms] [LOG] [Fast Refresh] done in 7ms @ http://localhost:3000/_next/static/chunks/node_modules_next_dist_1e8vcs8._.js:776
[  583670ms] [LOG] [Fast Refresh] done in 7ms @ http://localhost:3000/_next/static/chunks/node_modules_next_dist_1e8vcs8._.js:776
[  583732ms] [LOG] [Fast Refresh] done in 7ms @ http://localhost:3000/_next/static/chunks/node_modules_next_dist_1e8vcs8._.js:776
[  583793ms] [LOG] [Fast Refresh] done in 7ms @ http://localhost:3000/_next/static/chunks/node_modules_next_dist_1e8vcs8._.js:776
[  583855ms] [LOG] [Fast Refresh] done in 7ms @ http://localhost:3000/_next/static/chunks/node_modules_next_dist_1e8vcs8._.js:776
[  583918ms] [LOG] [Fast Refresh] done in 7ms @ http://localhost:3000/_next/static/chunks/node_modules_next_dist_1e8vcs8._.js:776
[  583980ms] [LOG] [Fast Refresh] done in 7ms @ http://localhost:3000/_next/static/chunks/node_modules_next_dist_1e8vcs8._.js:776
[  584043ms] [LOG] [Fast Refresh] done in 7ms @ http://localhost:3000/_next/static/chunks/node_modules_next_dist_1e8vcs8._.js:776
[  584105ms] [LOG] [Fast Refresh] done in 7ms @ http://localhost:3000/_next/static/chunks/node_modules_next_dist_1e8vcs8._.js:776
[  584167ms] [LOG] [Fast Refresh] done in 7ms @ http://localhost:3000/_next/static/chunks/node_modules_next_dist_1e8vcs8._.js:776
[  584231ms] [LOG] [Fast Refresh] done in 7ms @ http://localhost:3000/_next/static/chunks/node_modules_next_dist_1e8vcs8._.js:776
[  584293ms] [LOG] [Fast Refresh] done in 7ms @ http://localhost:3000/_next/static/chunks/node_modules_next_dist_1e8vcs8._.js:776
[  584357ms] [LOG] [Fast Refresh] done in 7ms @ http://localhost:3000/_next/static/chunks/node_modules_next_dist_1e8vcs8._.js:776
[  584420ms] [LOG] [Fast Refresh] done in 7ms @ http://localhost:3000/_next/static/chunks/node_modules_next_dist_1e8vcs8._.js:776
[  584481ms] [LOG] [Fast Refresh] done in 7ms @ http://localhost:3000/_next/static/chunks/node_modules_next_dist_1e8vcs8._.js:776
[  584543ms] [LOG] [Fast Refresh] done in 7ms @ http://localhost:3000/_next/static/chunks/node_modules_next_dist_1e8vcs8._.js:776
[  584590ms] [LOG] [Fast Refresh] done in 7ms @ http://localhost:3000/_next/static/chunks/node_modules_next_dist_1e8vcs8._.js:776
[  584653ms] [LOG] [Fast Refresh] done in 7ms @ http://localhost:3000/_next/static/chunks/node_modules_next_dist_1e8vcs8._.js:776
[  584715ms] [LOG] [Fast Refresh] done in 7ms @ http://localhost:3000/_next/static/chunks/node_modules_next_dist_1e8vcs8._.js:776
[  584777ms] [LOG] [Fast Refresh] done in 7ms @ http://localhost:3000/_next/static/chunks/node_modules_next_dist_1e8vcs8._.js:776
[  584839ms] [LOG] [Fast Refresh] done in 7ms @ http://localhost:3000/_next/static/chunks/node_modules_next_dist_1e8vcs8._.js:776
[  584900ms] [LOG] [Fast Refresh] done in 7ms @ http://localhost:3000/_next/static/chunks/node_modules_next_dist_1e8vcs8._.js:776
[  584948ms] [LOG] [Fast Refresh] done in 7ms @ http://localhost:3000/_next/static/chunks/node_modules_next_dist_1e8vcs8._.js:776
[  585008ms] [LOG] [Fast Refresh] done in 7ms @ http://localhost:3000/_next/static/chunks/node_modules_next_dist_1e8vcs8._.js:776
[  585070ms] [LOG] [Fast Refresh] done in 7ms @ http://localhost:3000/_next/static/chunks/node_modules_next_dist_1e8vcs8._.js:776
[  585131ms] [LOG] [Fast Refresh] done in 7ms @ http://localhost:3000/_next/static/chunks/node_modules_next_dist_1e8vcs8._.js:776
[  585192ms] [LOG] [Fast Refresh] done in 7ms @ http://localhost:3000/_next/static/chunks/node_modules_next_dist_1e8vcs8._.js:776
[  585255ms] [LOG] [Fast Refresh] done in 7ms @ http://localhost:3000/_next/static/chunks/node_modules_next_dist_1e8vcs8._.js:776
[  585316ms] [LOG] [Fast Refresh] done in 7ms @ http://localhost:3000/_next/static/chunks/node_modules_next_dist_1e8vcs8._.js:776
[  585377ms] [LOG] [Fast Refresh] done in 7ms @ http://localhost:3000/_next/static/chunks/node_modules_next_dist_1e8vcs8._.js:776
[  585440ms] [LOG] [Fast Refresh] done in 7ms @ http://localhost:3000/_next/static/chunks/node_modules_next_dist_1e8vcs8._.js:776
[  585503ms] [LOG] [Fast Refresh] done in 7ms @ http://localhost:3000/_next/static/chunks/node_modules_next_dist_1e8vcs8._.js:776
[  585564ms] [LOG] [Fast Refresh] done in 7ms @ http://localhost:3000/_next/static/chunks/node_modules_next_dist_1e8vcs8._.js:776
[  585611ms] [LOG] [Fast Refresh] done in 7ms @ http://localhost:3000/_next/static/chunks/node_modules_next_dist_1e8vcs8._.js:776
[  585673ms] [LOG] [Fast Refresh] done in 7ms @ http://localhost:3000/_next/static/chunks/node_modules_next_dist_1e8vcs8._.js:776
[  585734ms] [LOG] [Fast Refresh] done in 7ms @ http://localhost:3000/_next/static/chunks/node_modules_next_dist_1e8vcs8._.js:776
[  585797ms] [LOG] [Fast Refresh] done in 7ms @ http://localhost:3000/_next/static/chunks/node_modules_next_dist_1e8vcs8._.js:776
[  585857ms] [LOG] [Fast Refresh] done in 7ms @ http://localhost:3000/_next/static/chunks/node_modules_next_dist_1e8vcs8._.js:776
[  585917ms] [LOG] [Fast Refresh] done in 7ms @ http://localhost:3000/_next/static/chunks/node_modules_next_dist_1e8vcs8._.js:776
[  585978ms] [LOG] [Fast Refresh] done in 7ms @ http://localhost:3000/_next/static/chunks/node_modules_next_dist_1e8vcs8._.js:776
[  586042ms] [LOG] [Fast Refresh] done in 7ms @ http://localhost:3000/_next/static/chunks/node_modules_next_dist_1e8vcs8._.js:776
[  586104ms] [LOG] [Fast Refresh] done in 7ms @ http://localhost:3000/_next/static/chunks/node_modules_next_dist_1e8vcs8._.js:776
[  586167ms] [LOG] [Fast Refresh] done in 7ms @ http://localhost:3000/_next/static/chunks/node_modules_next_dist_1e8vcs8._.js:776
[  586229ms] [LOG] [Fast Refresh] done in 7ms @ http://localhost:3000/_next/static/chunks/node_modules_next_dist_1e8vcs8._.js:776
[  586292ms] [LOG] [Fast Refresh] done in 7ms @ http://localhost:3000/_next/static/chunks/node_modules_next_dist_1e8vcs8._.js:776
[  586354ms] [LOG] [Fast Refresh] done in 7ms @ http://localhost:3000/_next/static/chunks/node_modules_next_dist_1e8vcs8._.js:776
[  586415ms] [LOG] [Fast Refresh] done in 7ms @ http://localhost:3000/_next/static/chunks/node_modules_next_dist_1e8vcs8._.js:776
[  586478ms] [LOG] [Fast Refresh] done in 7ms @ http://localhost:3000/_next/static/chunks/node_modules_next_dist_1e8vcs8._.js:776
[  586527ms] [LOG] [Fast Refresh] done in 7ms @ http://localhost:3000/_next/static/chunks/node_modules_next_dist_1e8vcs8._.js:776
[  586603ms] [LOG] [Fast Refresh] done in 7ms @ http://localhost:3000/_next/static/chunks/node_modules_next_dist_1e8vcs8._.js:776
[  586666ms] [LOG] [Fast Refresh] done in 7ms @ http://localhost:3000/_next/static/chunks/node_modules_next_dist_1e8vcs8._.js:776
[  586728ms] [LOG] [Fast Refresh] done in 7ms @ http://localhost:3000/_next/static/chunks/node_modules_next_dist_1e8vcs8._.js:776
[  586776ms] [LOG] [Fast Refresh] done in 7ms @ http://localhost:3000/_next/static/chunks/node_modules_next_dist_1e8vcs8._.js:776
[  586823ms] [LOG] [Fast Refresh] done in 7ms @ http://localhost:3000/_next/static/chunks/node_modules_next_dist_1e8vcs8._.js:776
[  586885ms] [LOG] [Fast Refresh] done in 7ms @ http://localhost:3000/_next/static/chunks/node_modules_next_dist_1e8vcs8._.js:776
[  586947ms] [LOG] [Fast Refresh] done in 7ms @ http://localhost:3000/_next/static/chunks/node_modules_next_dist_1e8vcs8._.js:776
[  587009ms] [LOG] [Fast Refresh] done in 7ms @ http://localhost:3000/_next/static/chunks/node_modules_next_dist_1e8vcs8._.js:776
[  587070ms] [LOG] [Fast Refresh] done in 7ms @ http://localhost:3000/_next/static/chunks/node_modules_next_dist_1e8vcs8._.js:776
[  587132ms] [LOG] [Fast Refresh] done in 7ms @ http://localhost:3000/_next/static/chunks/node_modules_next_dist_1e8vcs8._.js:776
[  587192ms] [LOG] [Fast Refresh] done in 7ms @ http://localhost:3000/_next/static/chunks/node_modules_next_dist_1e8vcs8._.js:776
[  587253ms] [LOG] [Fast Refresh] done in 7ms @ http://localhost:3000/_next/static/chunks/node_modules_next_dist_1e8vcs8._.js:776
[  587316ms] [LOG] [Fast Refresh] done in 7ms @ http://localhost:3000/_next/static/chunks/node_modules_next_dist_1e8vcs8._.js:776
[  587378ms] [LOG] [Fast Refresh] done in 7ms @ http://localhost:3000/_next/static/chunks/node_modules_next_dist_1e8vcs8._.js:776
[  587426ms] [LOG] [Fast Refresh] done in 7ms @ http://localhost:3000/_next/static/chunks/node_modules_next_dist_1e8vcs8._.js:776
[  587489ms] [LOG] [Fast Refresh] done in 7ms @ http://localhost:3000/_next/static/chunks/node_modules_next_dist_1e8vcs8._.js:776
[  587551ms] [LOG] [Fast Refresh] done in 7ms @ http://localhost:3000/_next/static/chunks/node_modules_next_dist_1e8vcs8._.js:776
[  587614ms] [LOG] [Fast Refresh] done in 7ms @ http://localhost:3000/_next/static/chunks/node_modules_next_dist_1e8vcs8._.js:776
[  587676ms] [LOG] [Fast Refresh] done in 7ms @ http://localhost:3000/_next/static/chunks/node_modules_next_dist_1e8vcs8._.js:776
[  587739ms] [LOG] [Fast Refresh] done in 7ms @ http://localhost:3000/_next/static/chunks/node_modules_next_dist_1e8vcs8._.js:776
[  587803ms] [LOG] [Fast Refresh] done in 7ms @ http://localhost:3000/_next/static/chunks/node_modules_next_dist_1e8vcs8._.js:776
[  587865ms] [LOG] [Fast Refresh] done in 7ms @ http://localhost:3000/_next/static/chunks/node_modules_next_dist_1e8vcs8._.js:776
[  587926ms] [LOG] [Fast Refresh] done in 7ms @ http://localhost:3000/_next/static/chunks/node_modules_next_dist_1e8vcs8._.js:776
[  587988ms] [LOG] [Fast Refresh] done in 7ms @ http://localhost:3000/_next/static/chunks/node_modules_next_dist_1e8vcs8._.js:776
[  588036ms] [LOG] [Fast Refresh] done in 7ms @ http://localhost:3000/_next/static/chunks/node_modules_next_dist_1e8vcs8._.js:776
[  588100ms] [LOG] [Fast Refresh] done in 7ms @ http://localhost:3000/_next/static/chunks/node_modules_next_dist_1e8vcs8._.js:776
[  588162ms] [LOG] [Fast Refresh] done in 7ms @ http://localhost:3000/_next/static/chunks/node_modules_next_dist_1e8vcs8._.js:776
[  588225ms] [LOG] [Fast Refresh] done in 7ms @ http://localhost:3000/_next/static/chunks/node_modules_next_dist_1e8vcs8._.js:776
[  588286ms] [LOG] [Fast Refresh] done in 7ms @ http://localhost:3000/_next/static/chunks/node_modules_next_dist_1e8vcs8._.js:776
[  588349ms] [LOG] [Fast Refresh] done in 7ms @ http://localhost:3000/_next/static/chunks/node_modules_next_dist_1e8vcs8._.js:776
[  588412ms] [LOG] [Fast Refresh] done in 7ms @ http://localhost:3000/_next/static/chunks/node_modules_next_dist_1e8vcs8._.js:776
[  588475ms] [LOG] [Fast Refresh] done in 7ms @ http://localhost:3000/_next/static/chunks/node_modules_next_dist_1e8vcs8._.js:776
[  588538ms] [LOG] [Fast Refresh] done in 7ms @ http://localhost:3000/_next/static/chunks/node_modules_next_dist_1e8vcs8._.js:776
[  588600ms] [LOG] [Fast Refresh] done in 7ms @ http://localhost:3000/_next/static/chunks/node_modules_next_dist_1e8vcs8._.js:776
[  588662ms] [LOG] [Fast Refresh] done in 7ms @ http://localhost:3000/_next/static/chunks/node_modules_next_dist_1e8vcs8._.js:776
[  588723ms] [LOG] [Fast Refresh] done in 7ms @ http://localhost:3000/_next/static/chunks/node_modules_next_dist_1e8vcs8._.js:776
[  588770ms] [LOG] [Fast Refresh] done in 7ms @ http://localhost:3000/_next/static/chunks/node_modules_next_dist_1e8vcs8._.js:776
[  588833ms] [LOG] [Fast Refresh] done in 7ms @ http://localhost:3000/_next/static/chunks/node_modules_next_dist_1e8vcs8._.js:776
[  588896ms] [LOG] [Fast Refresh] done in 7ms @ http://localhost:3000/_next/static/chunks/node_modules_next_dist_1e8vcs8._.js:776
[  588959ms] [LOG] [Fast Refresh] done in 7ms @ http://localhost:3000/_next/static/chunks/node_modules_next_dist_1e8vcs8._.js:776
[  589020ms] [LOG] [Fast Refresh] done in 7ms @ http://localhost:3000/_next/static/chunks/node_modules_next_dist_1e8vcs8._.js:776
[  589082ms] [LOG] [Fast Refresh] done in 7ms @ http://localhost:3000/_next/static/chunks/node_modules_next_dist_1e8vcs8._.js:776
[  589130ms] [LOG] [Fast Refresh] done in 7ms @ http://localhost:3000/_next/static/chunks/node_modules_next_dist_1e8vcs8._.js:776
[  589192ms] [LOG] [Fast Refresh] done in 7ms @ http://localhost:3000/_next/static/chunks/node_modules_next_dist_1e8vcs8._.js:776
[  589253ms] [LOG] [Fast Refresh] done in 7ms @ http://localhost:3000/_next/static/chunks/node_modules_next_dist_1e8vcs8._.js:776
[  589316ms] [LOG] [Fast Refresh] done in 7ms @ http://localhost:3000/_next/static/chunks/node_modules_next_dist_1e8vcs8._.js:776
[  589378ms] [LOG] [Fast Refresh] done in 7ms @ http://localhost:3000/_next/static/chunks/node_modules_next_dist_1e8vcs8._.js:776
[  589425ms] [LOG] [Fast Refresh] done in 7ms @ http://localhost:3000/_next/static/chunks/node_modules_next_dist_1e8vcs8._.js:776
[  589487ms] [LOG] [Fast Refresh] done in 7ms @ http://localhost:3000/_next/static/chunks/node_modules_next_dist_1e8vcs8._.js:776
[  589548ms] [LOG] [Fast Refresh] done in 7ms @ http://localhost:3000/_next/static/chunks/node_modules_next_dist_1e8vcs8._.js:776
[  589610ms] [LOG] [Fast Refresh] done in 7ms @ http://localhost:3000/_next/static/chunks/node_modules_next_dist_1e8vcs8._.js:776
[  589672ms] [LOG] [Fast Refresh] done in 7ms @ http://localhost:3000/_next/static/chunks/node_modules_next_dist_1e8vcs8._.js:776
[  589734ms] [LOG] [Fast Refresh] done in 7ms @ http://localhost:3000/_next/static/chunks/node_modules_next_dist_1e8vcs8._.js:776
[  589794ms] [LOG] [Fast Refresh] done in 7ms @ http://localhost:3000/_next/static/chunks/node_modules_next_dist_1e8vcs8._.js:776
[  589858ms] [LOG] [Fast Refresh] done in 7ms @ http://localhost:3000/_next/static/chunks/node_modules_next_dist_1e8vcs8._.js:776
[  589920ms] [LOG] [Fast Refresh] done in 7ms @ http://localhost:3000/_next/static/chunks/node_modules_next_dist_1e8vcs8._.js:776
[  589983ms] [LOG] [Fast Refresh] done in 7ms @ http://localhost:3000/_next/static/chunks/node_modules_next_dist_1e8vcs8._.js:776
[  590048ms] [LOG] [Fast Refresh] done in 7ms @ http://localhost:3000/_next/static/chunks/node_modules_next_dist_1e8vcs8._.js:776
[  590109ms] [LOG] [Fast Refresh] done in 7ms @ http://localhost:3000/_next/static/chunks/node_modules_next_dist_1e8vcs8._.js:776
[  590172ms] [LOG] [Fast Refresh] done in 7ms @ http://localhost:3000/_next/static/chunks/node_modules_next_dist_1e8vcs8._.js:776
[  590220ms] [LOG] [Fast Refresh] done in 7ms @ http://localhost:3000/_next/static/chunks/node_modules_next_dist_1e8vcs8._.js:776
[  590281ms] [LOG] [Fast Refresh] done in 7ms @ http://localhost:3000/_next/static/chunks/node_modules_next_dist_1e8vcs8._.js:776
[  590342ms] [LOG] [Fast Refresh] done in 7ms @ http://localhost:3000/_next/static/chunks/node_modules_next_dist_1e8vcs8._.js:776
[  590403ms] [LOG] [Fast Refresh] done in 7ms @ http://localhost:3000/_next/static/chunks/node_modules_next_dist_1e8vcs8._.js:776
[  590450ms] [LOG] [Fast Refresh] done in 7ms @ http://localhost:3000/_next/static/chunks/node_modules_next_dist_1e8vcs8._.js:776
[  590512ms] [LOG] [Fast Refresh] done in 7ms @ http://localhost:3000/_next/static/chunks/node_modules_next_dist_1e8vcs8._.js:776
[  590573ms] [LOG] [Fast Refresh] done in 7ms @ http://localhost:3000/_next/static/chunks/node_modules_next_dist_1e8vcs8._.js:776
[  590634ms] [LOG] [Fast Refresh] done in 7ms @ http://localhost:3000/_next/static/chunks/node_modules_next_dist_1e8vcs8._.js:776
[  590697ms] [LOG] [Fast Refresh] done in 7ms @ http://localhost:3000/_next/static/chunks/node_modules_next_dist_1e8vcs8._.js:776
[  590759ms] [LOG] [Fast Refresh] done in 7ms @ http://localhost:3000/_next/static/chunks/node_modules_next_dist_1e8vcs8._.js:776
[  590821ms] [LOG] [Fast Refresh] done in 7ms @ http://localhost:3000/_next/static/chunks/node_modules_next_dist_1e8vcs8._.js:776
[  590882ms] [LOG] [Fast Refresh] done in 7ms @ http://localhost:3000/_next/static/chunks/node_modules_next_dist_1e8vcs8._.js:776
[  590944ms] [LOG] [Fast Refresh] done in 7ms @ http://localhost:3000/_next/static/chunks/node_modules_next_dist_1e8vcs8._.js:776
[  591007ms] [LOG] [Fast Refresh] done in 7ms @ http://localhost:3000/_next/static/chunks/node_modules_next_dist_1e8vcs8._.js:776
[  591054ms] [LOG] [Fast Refresh] done in 7ms @ http://localhost:3000/_next/static/chunks/node_modules_next_dist_1e8vcs8._.js:776
[  591115ms] [LOG] [Fast Refresh] done in 7ms @ http://localhost:3000/_next/static/chunks/node_modules_next_dist_1e8vcs8._.js:776
[  591177ms] [LOG] [Fast Refresh] done in 7ms @ http://localhost:3000/_next/static/chunks/node_modules_next_dist_1e8vcs8._.js:776
[  591224ms] [LOG] [Fast Refresh] done in 7ms @ http://localhost:3000/_next/static/chunks/node_modules_next_dist_1e8vcs8._.js:776
[  591284ms] [LOG] [Fast Refresh] done in 7ms @ http://localhost:3000/_next/static/chunks/node_modules_next_dist_1e8vcs8._.js:776
[  591346ms] [LOG] [Fast Refresh] done in 7ms @ http://localhost:3000/_next/static/chunks/node_modules_next_dist_1e8vcs8._.js:776
[  591408ms] [LOG] [Fast Refresh] done in 7ms @ http://localhost:3000/_next/static/chunks/node_modules_next_dist_1e8vcs8._.js:776
[  591470ms] [LOG] [Fast Refresh] done in 7ms @ http://localhost:3000/_next/static/chunks/node_modules_next_dist_1e8vcs8._.js:776
[  591532ms] [LOG] [Fast Refresh] done in 7ms @ http://localhost:3000/_next/static/chunks/node_modules_next_dist_1e8vcs8._.js:776
[  591592ms] [LOG] [Fast Refresh] done in 7ms @ http://localhost:3000/_next/static/chunks/node_modules_next_dist_1e8vcs8._.js:776
[  591654ms] [LOG] [Fast Refresh] done in 7ms @ http://localhost:3000/_next/static/chunks/node_modules_next_dist_1e8vcs8._.js:776
[  591716ms] [LOG] [Fast Refresh] done in 7ms @ http://localhost:3000/_next/static/chunks/node_modules_next_dist_1e8vcs8._.js:776
[  591778ms] [LOG] [Fast Refresh] done in 7ms @ http://localhost:3000/_next/static/chunks/node_modules_next_dist_1e8vcs8._.js:776
[  591840ms] [LOG] [Fast Refresh] done in 7ms @ http://localhost:3000/_next/static/chunks/node_modules_next_dist_1e8vcs8._.js:776
[  591901ms] [LOG] [Fast Refresh] done in 7ms @ http://localhost:3000/_next/static/chunks/node_modules_next_dist_1e8vcs8._.js:776
[  591964ms] [LOG] [Fast Refresh] done in 7ms @ http://localhost:3000/_next/static/chunks/node_modules_next_dist_1e8vcs8._.js:776
[  592025ms] [LOG] [Fast Refresh] done in 7ms @ http://localhost:3000/_next/static/chunks/node_modules_next_dist_1e8vcs8._.js:776
[  592086ms] [LOG] [Fast Refresh] done in 7ms @ http://localhost:3000/_next/static/chunks/node_modules_next_dist_1e8vcs8._.js:776
[  592149ms] [LOG] [Fast Refresh] done in 7ms @ http://localhost:3000/_next/static/chunks/node_modules_next_dist_1e8vcs8._.js:776
[  592197ms] [LOG] [Fast Refresh] done in 7ms @ http://localhost:3000/_next/static/chunks/node_modules_next_dist_1e8vcs8._.js:776
[  592257ms] [LOG] [Fast Refresh] done in 7ms @ http://localhost:3000/_next/static/chunks/node_modules_next_dist_1e8vcs8._.js:776
[  592304ms] [LOG] [Fast Refresh] done in 7ms @ http://localhost:3000/_next/static/chunks/node_modules_next_dist_1e8vcs8._.js:776
[  592366ms] [LOG] [Fast Refresh] done in 7ms @ http://localhost:3000/_next/static/chunks/node_modules_next_dist_1e8vcs8._.js:776
[  592428ms] [LOG] [Fast Refresh] done in 7ms @ http://localhost:3000/_next/static/chunks/node_modules_next_dist_1e8vcs8._.js:776
[  592492ms] [LOG] [Fast Refresh] done in 7ms @ http://localhost:3000/_next/static/chunks/node_modules_next_dist_1e8vcs8._.js:776
[  592553ms] [LOG] [Fast Refresh] done in 7ms @ http://localhost:3000/_next/static/chunks/node_modules_next_dist_1e8vcs8._.js:776
[  592615ms] [LOG] [Fast Refresh] done in 7ms @ http://localhost:3000/_next/static/chunks/node_modules_next_dist_1e8vcs8._.js:776
[  592677ms] [LOG] [Fast Refresh] done in 7ms @ http://localhost:3000/_next/static/chunks/node_modules_next_dist_1e8vcs8._.js:776
[  592739ms] [LOG] [Fast Refresh] done in 7ms @ http://localhost:3000/_next/static/chunks/node_modules_next_dist_1e8vcs8._.js:776
[  592801ms] [LOG] [Fast Refresh] done in 7ms @ http://localhost:3000/_next/static/chunks/node_modules_next_dist_1e8vcs8._.js:776
[  592861ms] [LOG] [Fast Refresh] done in 7ms @ http://localhost:3000/_next/static/chunks/node_modules_next_dist_1e8vcs8._.js:776
[  592923ms] [LOG] [Fast Refresh] done in 7ms @ http://localhost:3000/_next/static/chunks/node_modules_next_dist_1e8vcs8._.js:776
[  592986ms] [LOG] [Fast Refresh] done in 7ms @ http://localhost:3000/_next/static/chunks/node_modules_next_dist_1e8vcs8._.js:776
[  593047ms] [LOG] [Fast Refresh] done in 7ms @ http://localhost:3000/_next/static/chunks/node_modules_next_dist_1e8vcs8._.js:776
[  593109ms] [LOG] [Fast Refresh] done in 7ms @ http://localhost:3000/_next/static/chunks/node_modules_next_dist_1e8vcs8._.js:776
[  593171ms] [LOG] [Fast Refresh] done in 7ms @ http://localhost:3000/_next/static/chunks/node_modules_next_dist_1e8vcs8._.js:776
[  593234ms] [LOG] [Fast Refresh] done in 7ms @ http://localhost:3000/_next/static/chunks/node_modules_next_dist_1e8vcs8._.js:776
[  593297ms] [LOG] [Fast Refresh] done in 7ms @ http://localhost:3000/_next/static/chunks/node_modules_next_dist_1e8vcs8._.js:776
[  593345ms] [LOG] [Fast Refresh] done in 7ms @ http://localhost:3000/_next/static/chunks/node_modules_next_dist_1e8vcs8._.js:776
[  593407ms] [LOG] [Fast Refresh] done in 7ms @ http://localhost:3000/_next/static/chunks/node_modules_next_dist_1e8vcs8._.js:776
[  593467ms] [LOG] [Fast Refresh] done in 7ms @ http://localhost:3000/_next/static/chunks/node_modules_next_dist_1e8vcs8._.js:776
[  593516ms] [LOG] [Fast Refresh] done in 7ms @ http://localhost:3000/_next/static/chunks/node_modules_next_dist_1e8vcs8._.js:776
[  593607ms] [LOG] [Fast Refresh] done in 7ms @ http://localhost:3000/_next/static/chunks/node_modules_next_dist_1e8vcs8._.js:776
[  593656ms] [LOG] [Fast Refresh] done in 7ms @ http://localhost:3000/_next/static/chunks/node_modules_next_dist_1e8vcs8._.js:776
[  593750ms] [LOG] [Fast Refresh] rebuilding @ http://localhost:3000/_next/static/chunks/node_modules_next_dist_1e8vcs8._.js:776
[  593794ms] ReferenceError: ParticlesBackground is not defined
    at ShaderBackground (http://localhost:3000/_next/static/chunks/app_components_1se3l9l._.js?id=%255Bproject%255D/app/components/shader-background.tsx+%255Bapp-client%255D+(ecmascript):99:216)
    at Object.react_stack_bottom_frame (http://localhost:3000/_next/static/chunks/node_modules_next_dist_compiled_react-dom_096_9a-._.js:14894:24)
    at renderWithHooks (http://localhost:3000/_next/static/chunks/node_modules_next_dist_compiled_react-dom_096_9a-._.js:4425:24)
    at updateFunctionComponent (http://localhost:3000/_next/static/chunks/node_modules_next_dist_compiled_react-dom_096_9a-._.js:5892:21)
    at beginWork (http://localhost:3000/_next/static/chunks/node_modules_next_dist_compiled_react-dom_096_9a-._.js:6518:24)
    at runWithFiberInDEV (http://localhost:3000/_next/static/chunks/node_modules_next_dist_compiled_react-dom_096_9a-._.js:761:74)
    at performUnitOfWork (http://localhost:3000/_next/static/chunks/node_modules_next_dist_compiled_react-dom_096_9a-._.js:9385:97)
    at workLoopSync (http://localhost:3000/_next/static/chunks/node_modules_next_dist_compiled_react-dom_096_9a-._.js:9279:40)
    at renderRootSync (http://localhost:3000/_next/static/chunks/node_modules_next_dist_compiled_react-dom_096_9a-._.js:9263:13)
    at performWorkOnRoot (http://localhost:3000/_next/static/chunks/node_modules_next_dist_compiled_react-dom_096_9a-._.js:8928:47)
    at performSyncWorkOnRoot (http://localhost:3000/_next/static/chunks/node_modules_next_dist_compiled_react-dom_096_9a-._.js:10093:9)
    at flushSyncWorkAcrossRoots_impl (http://localhost:3000/_next/static/chunks/node_modules_next_dist_compiled_react-dom_096_9a-._.js:10009:316)
    at processRootScheduleInMicrotask (http://localhost:3000/_next/static/chunks/node_modules_next_dist_compiled_react-dom_096_9a-._.js:10030:106)
    at http://localhost:3000/_next/static/chunks/node_modules_next_dist_compiled_react-dom_096_9a-._.js:10104:158
[  593889ms] [LOG] [Fast Refresh] done in 6ms @ http://localhost:3000/_next/static/chunks/node_modules_next_dist_1e8vcs8._.js:776
[  593949ms] [LOG] [Fast Refresh] done in 6ms @ http://localhost:3000/_next/static/chunks/node_modules_next_dist_1e8vcs8._.js:776
[  593996ms] [LOG] [Fast Refresh] done in 6ms @ http://localhost:3000/_next/static/chunks/node_modules_next_dist_1e8vcs8._.js:776
[  594058ms] [LOG] [Fast Refresh] done in 6ms @ http://localhost:3000/_next/static/chunks/node_modules_next_dist_1e8vcs8._.js:776
[  594121ms] [LOG] [Fast Refresh] done in 6ms @ http://localhost:3000/_next/static/chunks/node_modules_next_dist_1e8vcs8._.js:776
[  594182ms] [LOG] [Fast Refresh] done in 6ms @ http://localhost:3000/_next/static/chunks/node_modules_next_dist_1e8vcs8._.js:776
[  594245ms] [LOG] [Fast Refresh] done in 6ms @ http://localhost:3000/_next/static/chunks/node_modules_next_dist_1e8vcs8._.js:776
[  594307ms] [LOG] [Fast Refresh] done in 6ms @ http://localhost:3000/_next/static/chunks/node_modules_next_dist_1e8vcs8._.js:776
[  594324ms] [LOG] THREE.WebGLRenderer: Context Lost. @ http://localhost:3000/_next/static/chunks/node_modules_next_dist_1e8vcs8._.js:776
[  594369ms] [LOG] [Fast Refresh] done in 6ms @ http://localhost:3000/_next/static/chunks/node_modules_next_dist_1e8vcs8._.js:776
[  594416ms] [LOG] [Fast Refresh] done in 6ms @ http://localhost:3000/_next/static/chunks/node_modules_next_dist_1e8vcs8._.js:776
[  594478ms] [LOG] [Fast Refresh] done in 6ms @ http://localhost:3000/_next/static/chunks/node_modules_next_dist_1e8vcs8._.js:776
[  594540ms] [LOG] [Fast Refresh] done in 6ms @ http://localhost:3000/_next/static/chunks/node_modules_next_dist_1e8vcs8._.js:776
[  594602ms] [LOG] [Fast Refresh] done in 6ms @ http://localhost:3000/_next/static/chunks/node_modules_next_dist_1e8vcs8._.js:776
[  594664ms] [LOG] [Fast Refresh] done in 6ms @ http://localhost:3000/_next/static/chunks/node_modules_next_dist_1e8vcs8._.js:776
[  594725ms] [LOG] [Fast Refresh] done in 6ms @ http://localhost:3000/_next/static/chunks/node_modules_next_dist_1e8vcs8._.js:776
[  594787ms] [LOG] [Fast Refresh] done in 6ms @ http://localhost:3000/_next/static/chunks/node_modules_next_dist_1e8vcs8._.js:776
[  594848ms] [LOG] [Fast Refresh] done in 6ms @ http://localhost:3000/_next/static/chunks/node_modules_next_dist_1e8vcs8._.js:776
[  594912ms] [LOG] [Fast Refresh] done in 6ms @ http://localhost:3000/_next/static/chunks/node_modules_next_dist_1e8vcs8._.js:776
[  594972ms] [LOG] [Fast Refresh] done in 6ms @ http://localhost:3000/_next/static/chunks/node_modules_next_dist_1e8vcs8._.js:776
[  595019ms] [LOG] [Fast Refresh] done in 6ms @ http://localhost:3000/_next/static/chunks/node_modules_next_dist_1e8vcs8._.js:776
[  595066ms] [LOG] [Fast Refresh] done in 6ms @ http://localhost:3000/_next/static/chunks/node_modules_next_dist_1e8vcs8._.js:776
[  595127ms] [LOG] [Fast Refresh] done in 6ms @ http://localhost:3000/_next/static/chunks/node_modules_next_dist_1e8vcs8._.js:776
[  595188ms] [LOG] [Fast Refresh] done in 6ms @ http://localhost:3000/_next/static/chunks/node_modules_next_dist_1e8vcs8._.js:776
[  595249ms] [LOG] [Fast Refresh] done in 6ms @ http://localhost:3000/_next/static/chunks/node_modules_next_dist_1e8vcs8._.js:776
[  595311ms] [LOG] [Fast Refresh] done in 6ms @ http://localhost:3000/_next/static/chunks/node_modules_next_dist_1e8vcs8._.js:776
[  595373ms] [LOG] [Fast Refresh] done in 6ms @ http://localhost:3000/_next/static/chunks/node_modules_next_dist_1e8vcs8._.js:776
[  595421ms] [LOG] [Fast Refresh] done in 6ms @ http://localhost:3000/_next/static/chunks/node_modules_next_dist_1e8vcs8._.js:776
[  595483ms] [LOG] [Fast Refresh] done in 6ms @ http://localhost:3000/_next/static/chunks/node_modules_next_dist_1e8vcs8._.js:776
[  595530ms] [LOG] [Fast Refresh] done in 6ms @ http://localhost:3000/_next/static/chunks/node_modules_next_dist_1e8vcs8._.js:776
[  595592ms] [LOG] [Fast Refresh] done in 6ms @ http://localhost:3000/_next/static/chunks/node_modules_next_dist_1e8vcs8._.js:776
[  595655ms] [LOG] [Fast Refresh] done in 6ms @ http://localhost:3000/_next/static/chunks/node_modules_next_dist_1e8vcs8._.js:776
[  595715ms] [LOG] [Fast Refresh] done in 6ms @ http://localhost:3000/_next/static/chunks/node_modules_next_dist_1e8vcs8._.js:776
[  595776ms] [LOG] [Fast Refresh] done in 6ms @ http://localhost:3000/_next/static/chunks/node_modules_next_dist_1e8vcs8._.js:776
[  595837ms] [LOG] [Fast Refresh] done in 6ms @ http://localhost:3000/_next/static/chunks/node_modules_next_dist_1e8vcs8._.js:776
[  595899ms] [LOG] [Fast Refresh] done in 6ms @ http://localhost:3000/_next/static/chunks/node_modules_next_dist_1e8vcs8._.js:776
[  595946ms] [LOG] [Fast Refresh] done in 6ms @ http://localhost:3000/_next/static/chunks/node_modules_next_dist_1e8vcs8._.js:776
[  596008ms] [LOG] [Fast Refresh] done in 6ms @ http://localhost:3000/_next/static/chunks/node_modules_next_dist_1e8vcs8._.js:776
[  596070ms] [LOG] [Fast Refresh] done in 6ms @ http://localhost:3000/_next/static/chunks/node_modules_next_dist_1e8vcs8._.js:776
[  596133ms] [LOG] [Fast Refresh] done in 6ms @ http://localhost:3000/_next/static/chunks/node_modules_next_dist_1e8vcs8._.js:776
[  596196ms] [LOG] [Fast Refresh] done in 6ms @ http://localhost:3000/_next/static/chunks/node_modules_next_dist_1e8vcs8._.js:776
[  596258ms] [LOG] [Fast Refresh] done in 6ms @ http://localhost:3000/_next/static/chunks/node_modules_next_dist_1e8vcs8._.js:776
[  596322ms] [LOG] [Fast Refresh] done in 6ms @ http://localhost:3000/_next/static/chunks/node_modules_next_dist_1e8vcs8._.js:776
[  596384ms] [LOG] [Fast Refresh] done in 6ms @ http://localhost:3000/_next/static/chunks/node_modules_next_dist_1e8vcs8._.js:776
[  596445ms] [LOG] [Fast Refresh] done in 6ms @ http://localhost:3000/_next/static/chunks/node_modules_next_dist_1e8vcs8._.js:776
[  596507ms] [LOG] [Fast Refresh] done in 6ms @ http://localhost:3000/_next/static/chunks/node_modules_next_dist_1e8vcs8._.js:776
[  596569ms] [LOG] [Fast Refresh] done in 6ms @ http://localhost:3000/_next/static/chunks/node_modules_next_dist_1e8vcs8._.js:776
[  596616ms] [LOG] [Fast Refresh] done in 6ms @ http://localhost:3000/_next/static/chunks/node_modules_next_dist_1e8vcs8._.js:776
[  596677ms] [LOG] [Fast Refresh] done in 6ms @ http://localhost:3000/_next/static/chunks/node_modules_next_dist_1e8vcs8._.js:776
[  596737ms] [LOG] [Fast Refresh] done in 6ms @ http://localhost:3000/_next/static/chunks/node_modules_next_dist_1e8vcs8._.js:776
[  596800ms] [LOG] [Fast Refresh] done in 6ms @ http://localhost:3000/_next/static/chunks/node_modules_next_dist_1e8vcs8._.js:776
[  596847ms] [LOG] [Fast Refresh] done in 6ms @ http://localhost:3000/_next/static/chunks/node_modules_next_dist_1e8vcs8._.js:776
[  596906ms] [LOG] [Fast Refresh] done in 6ms @ http://localhost:3000/_next/static/chunks/node_modules_next_dist_1e8vcs8._.js:776
[  596967ms] [LOG] [Fast Refresh] done in 6ms @ http://localhost:3000/_next/static/chunks/node_modules_next_dist_1e8vcs8._.js:776
[  597028ms] [LOG] [Fast Refresh] done in 6ms @ http://localhost:3000/_next/static/chunks/node_modules_next_dist_1e8vcs8._.js:776
[  597090ms] [LOG] [Fast Refresh] done in 6ms @ http://localhost:3000/_next/static/chunks/node_modules_next_dist_1e8vcs8._.js:776
[  597152ms] [LOG] [Fast Refresh] done in 6ms @ http://localhost:3000/_next/static/chunks/node_modules_next_dist_1e8vcs8._.js:776
[  597214ms] [LOG] [Fast Refresh] done in 6ms @ http://localhost:3000/_next/static/chunks/node_modules_next_dist_1e8vcs8._.js:776
[  597275ms] [LOG] [Fast Refresh] done in 6ms @ http://localhost:3000/_next/static/chunks/node_modules_next_dist_1e8vcs8._.js:776
[  597338ms] [LOG] [Fast Refresh] done in 6ms @ http://localhost:3000/_next/static/chunks/node_modules_next_dist_1e8vcs8._.js:776
[  597385ms] [LOG] [Fast Refresh] done in 6ms @ http://localhost:3000/_next/static/chunks/node_modules_next_dist_1e8vcs8._.js:776
[  597432ms] [LOG] [Fast Refresh] done in 6ms @ http://localhost:3000/_next/static/chunks/node_modules_next_dist_1e8vcs8._.js:776
[  597495ms] [LOG] [Fast Refresh] done in 6ms @ http://localhost:3000/_next/static/chunks/node_modules_next_dist_1e8vcs8._.js:776
[  597556ms] [LOG] [Fast Refresh] done in 6ms @ http://localhost:3000/_next/static/chunks/node_modules_next_dist_1e8vcs8._.js:776
[  597617ms] [LOG] [Fast Refresh] done in 6ms @ http://localhost:3000/_next/static/chunks/node_modules_next_dist_1e8vcs8._.js:776
[  597678ms] [LOG] [Fast Refresh] done in 6ms @ http://localhost:3000/_next/static/chunks/node_modules_next_dist_1e8vcs8._.js:776
[  597739ms] [LOG] [Fast Refresh] done in 6ms @ http://localhost:3000/_next/static/chunks/node_modules_next_dist_1e8vcs8._.js:776
[  597800ms] [LOG] [Fast Refresh] done in 6ms @ http://localhost:3000/_next/static/chunks/node_modules_next_dist_1e8vcs8._.js:776
[  597862ms] [LOG] [Fast Refresh] done in 6ms @ http://localhost:3000/_next/static/chunks/node_modules_next_dist_1e8vcs8._.js:776
[  597924ms] [LOG] [Fast Refresh] done in 6ms @ http://localhost:3000/_next/static/chunks/node_modules_next_dist_1e8vcs8._.js:776
[  597986ms] [LOG] [Fast Refresh] done in 6ms @ http://localhost:3000/_next/static/chunks/node_modules_next_dist_1e8vcs8._.js:776
[  598047ms] [LOG] [Fast Refresh] done in 6ms @ http://localhost:3000/_next/static/chunks/node_modules_next_dist_1e8vcs8._.js:776
[  598108ms] [LOG] [Fast Refresh] done in 6ms @ http://localhost:3000/_next/static/chunks/node_modules_next_dist_1e8vcs8._.js:776
[  598169ms] [LOG] [Fast Refresh] done in 6ms @ http://localhost:3000/_next/static/chunks/node_modules_next_dist_1e8vcs8._.js:776
[  598231ms] [LOG] [Fast Refresh] done in 6ms @ http://localhost:3000/_next/static/chunks/node_modules_next_dist_1e8vcs8._.js:776
[  598293ms] [LOG] [Fast Refresh] done in 6ms @ http://localhost:3000/_next/static/chunks/node_modules_next_dist_1e8vcs8._.js:776
[  598355ms] [LOG] [Fast Refresh] done in 6ms @ http://localhost:3000/_next/static/chunks/node_modules_next_dist_1e8vcs8._.js:776
[  598417ms] [LOG] [Fast Refresh] done in 6ms @ http://localhost:3000/_next/static/chunks/node_modules_next_dist_1e8vcs8._.js:776
[  598465ms] [LOG] [Fast Refresh] done in 6ms @ http://localhost:3000/_next/static/chunks/node_modules_next_dist_1e8vcs8._.js:776
[  598528ms] [LOG] [Fast Refresh] done in 6ms @ http://localhost:3000/_next/static/chunks/node_modules_next_dist_1e8vcs8._.js:776
[  598589ms] [LOG] [Fast Refresh] done in 6ms @ http://localhost:3000/_next/static/chunks/node_modules_next_dist_1e8vcs8._.js:776
[  598649ms] [LOG] [Fast Refresh] done in 6ms @ http://localhost:3000/_next/static/chunks/node_modules_next_dist_1e8vcs8._.js:776
[  598709ms] [LOG] [Fast Refresh] done in 6ms @ http://localhost:3000/_next/static/chunks/node_modules_next_dist_1e8vcs8._.js:776
[  598769ms] [LOG] [Fast Refresh] done in 6ms @ http://localhost:3000/_next/static/chunks/node_modules_next_dist_1e8vcs8._.js:776
[  598831ms] [LOG] [Fast Refresh] done in 6ms @ http://localhost:3000/_next/static/chunks/node_modules_next_dist_1e8vcs8._.js:776
[  598893ms] [LOG] [Fast Refresh] done in 6ms @ http://localhost:3000/_next/static/chunks/node_modules_next_dist_1e8vcs8._.js:776
[  598953ms] [LOG] [Fast Refresh] done in 6ms @ http://localhost:3000/_next/static/chunks/node_modules_next_dist_1e8vcs8._.js:776
[  599014ms] [LOG] [Fast Refresh] done in 6ms @ http://localhost:3000/_next/static/chunks/node_modules_next_dist_1e8vcs8._.js:776
[  599076ms] [LOG] [Fast Refresh] done in 6ms @ http://localhost:3000/_next/static/chunks/node_modules_next_dist_1e8vcs8._.js:776
[  599138ms] [LOG] [Fast Refresh] done in 6ms @ http://localhost:3000/_next/static/chunks/node_modules_next_dist_1e8vcs8._.js:776
[  599201ms] [LOG] [Fast Refresh] done in 6ms @ http://localhost:3000/_next/static/chunks/node_modules_next_dist_1e8vcs8._.js:776
[  599263ms] [LOG] [Fast Refresh] done in 6ms @ http://localhost:3000/_next/static/chunks/node_modules_next_dist_1e8vcs8._.js:776
[  599324ms] [LOG] [Fast Refresh] done in 6ms @ http://localhost:3000/_next/static/chunks/node_modules_next_dist_1e8vcs8._.js:776
[  599371ms] [LOG] [Fast Refresh] done in 6ms @ http://localhost:3000/_next/static/chunks/node_modules_next_dist_1e8vcs8._.js:776
[  599434ms] [LOG] [Fast Refresh] done in 6ms @ http://localhost:3000/_next/static/chunks/node_modules_next_dist_1e8vcs8._.js:776
[  599482ms] [LOG] [Fast Refresh] done in 6ms @ http://localhost:3000/_next/static/chunks/node_modules_next_dist_1e8vcs8._.js:776
[  599529ms] [LOG] [Fast Refresh] done in 6ms @ http://localhost:3000/_next/static/chunks/node_modules_next_dist_1e8vcs8._.js:776
[  599589ms] [LOG] [Fast Refresh] done in 6ms @ http://localhost:3000/_next/static/chunks/node_modules_next_dist_1e8vcs8._.js:776
[  599651ms] [LOG] [Fast Refresh] done in 6ms @ http://localhost:3000/_next/static/chunks/node_modules_next_dist_1e8vcs8._.js:776
[  599711ms] [LOG] [Fast Refresh] done in 6ms @ http://localhost:3000/_next/static/chunks/node_modules_next_dist_1e8vcs8._.js:776
[  599773ms] [LOG] [Fast Refresh] done in 6ms @ http://localhost:3000/_next/static/chunks/node_modules_next_dist_1e8vcs8._.js:776
[  599836ms] [LOG] [Fast Refresh] done in 6ms @ http://localhost:3000/_next/static/chunks/node_modules_next_dist_1e8vcs8._.js:776
[  599897ms] [LOG] [Fast Refresh] done in 6ms @ http://localhost:3000/_next/static/chunks/node_modules_next_dist_1e8vcs8._.js:776
[  599945ms] [LOG] [Fast Refresh] done in 6ms @ http://localhost:3000/_next/static/chunks/node_modules_next_dist_1e8vcs8._.js:776
[  600006ms] [LOG] [Fast Refresh] done in 6ms @ http://localhost:3000/_next/static/chunks/node_modules_next_dist_1e8vcs8._.js:776
[  600069ms] [LOG] [Fast Refresh] done in 6ms @ http://localhost:3000/_next/static/chunks/node_modules_next_dist_1e8vcs8._.js:776
[  600131ms] [LOG] [Fast Refresh] done in 6ms @ http://localhost:3000/_next/static/chunks/node_modules_next_dist_1e8vcs8._.js:776
[  600193ms] [LOG] [Fast Refresh] done in 6ms @ http://localhost:3000/_next/static/chunks/node_modules_next_dist_1e8vcs8._.js:776
[  600241ms] [LOG] [Fast Refresh] done in 6ms @ http://localhost:3000/_next/static/chunks/node_modules_next_dist_1e8vcs8._.js:776
[  600303ms] [LOG] [Fast Refresh] done in 6ms @ http://localhost:3000/_next/static/chunks/node_modules_next_dist_1e8vcs8._.js:776
[  600364ms] [LOG] [Fast Refresh] done in 6ms @ http://localhost:3000/_next/static/chunks/node_modules_next_dist_1e8vcs8._.js:776
[  600426ms] [LOG] [Fast Refresh] done in 6ms @ http://localhost:3000/_next/static/chunks/node_modules_next_dist_1e8vcs8._.js:776
[  600487ms] [LOG] [Fast Refresh] done in 6ms @ http://localhost:3000/_next/static/chunks/node_modules_next_dist_1e8vcs8._.js:776
[  600550ms] [LOG] [Fast Refresh] done in 6ms @ http://localhost:3000/_next/static/chunks/node_modules_next_dist_1e8vcs8._.js:776
[  600611ms] [LOG] [Fast Refresh] done in 6ms @ http://localhost:3000/_next/static/chunks/node_modules_next_dist_1e8vcs8._.js:776
[  600672ms] [LOG] [Fast Refresh] done in 6ms @ http://localhost:3000/_next/static/chunks/node_modules_next_dist_1e8vcs8._.js:776
[  600734ms] [LOG] [Fast Refresh] done in 6ms @ http://localhost:3000/_next/static/chunks/node_modules_next_dist_1e8vcs8._.js:776
[  600796ms] [LOG] [Fast Refresh] done in 6ms @ http://localhost:3000/_next/static/chunks/node_modules_next_dist_1e8vcs8._.js:776
[  600857ms] [LOG] [Fast Refresh] done in 6ms @ http://localhost:3000/_next/static/chunks/node_modules_next_dist_1e8vcs8._.js:776
[  600918ms] [LOG] [Fast Refresh] done in 6ms @ http://localhost:3000/_next/static/chunks/node_modules_next_dist_1e8vcs8._.js:776
[  600981ms] [LOG] [Fast Refresh] done in 6ms @ http://localhost:3000/_next/static/chunks/node_modules_next_dist_1e8vcs8._.js:776
[  601043ms] [LOG] [Fast Refresh] done in 6ms @ http://localhost:3000/_next/static/chunks/node_modules_next_dist_1e8vcs8._.js:776
[  601090ms] [LOG] [Fast Refresh] done in 6ms @ http://localhost:3000/_next/static/chunks/node_modules_next_dist_1e8vcs8._.js:776
[  601137ms] [LOG] [Fast Refresh] done in 6ms @ http://localhost:3000/_next/static/chunks/node_modules_next_dist_1e8vcs8._.js:776
[  601199ms] [LOG] [Fast Refresh] done in 6ms @ http://localhost:3000/_next/static/chunks/node_modules_next_dist_1e8vcs8._.js:776
[  601247ms] [LOG] [Fast Refresh] done in 6ms @ http://localhost:3000/_next/static/chunks/node_modules_next_dist_1e8vcs8._.js:776
[  601309ms] [LOG] [Fast Refresh] done in 6ms @ http://localhost:3000/_next/static/chunks/node_modules_next_dist_1e8vcs8._.js:776
[  601370ms] [LOG] [Fast Refresh] done in 6ms @ http://localhost:3000/_next/static/chunks/node_modules_next_dist_1e8vcs8._.js:776
[  601417ms] [LOG] [Fast Refresh] done in 6ms @ http://localhost:3000/_next/static/chunks/node_modules_next_dist_1e8vcs8._.js:776
[  601464ms] [LOG] [Fast Refresh] done in 6ms @ http://localhost:3000/_next/static/chunks/node_modules_next_dist_1e8vcs8._.js:776
[  601512ms] [LOG] [Fast Refresh] done in 6ms @ http://localhost:3000/_next/static/chunks/node_modules_next_dist_1e8vcs8._.js:776
[  601574ms] [LOG] [Fast Refresh] done in 6ms @ http://localhost:3000/_next/static/chunks/node_modules_next_dist_1e8vcs8._.js:776
[  601637ms] [LOG] [Fast Refresh] done in 6ms @ http://localhost:3000/_next/static/chunks/node_modules_next_dist_1e8vcs8._.js:776
[  601699ms] [LOG] [Fast Refresh] done in 6ms @ http://localhost:3000/_next/static/chunks/node_modules_next_dist_1e8vcs8._.js:776
[  601764ms] [LOG] [Fast Refresh] done in 6ms @ http://localhost:3000/_next/static/chunks/node_modules_next_dist_1e8vcs8._.js:776
[  601825ms] [LOG] [Fast Refresh] done in 6ms @ http://localhost:3000/_next/static/chunks/node_modules_next_dist_1e8vcs8._.js:776
[  601887ms] [LOG] [Fast Refresh] done in 6ms @ http://localhost:3000/_next/static/chunks/node_modules_next_dist_1e8vcs8._.js:776
[  601949ms] [LOG] [Fast Refresh] done in 6ms @ http://localhost:3000/_next/static/chunks/node_modules_next_dist_1e8vcs8._.js:776
[  602008ms] [LOG] [Fast Refresh] done in 6ms @ http://localhost:3000/_next/static/chunks/node_modules_next_dist_1e8vcs8._.js:776
[  602070ms] [LOG] [Fast Refresh] done in 6ms @ http://localhost:3000/_next/static/chunks/node_modules_next_dist_1e8vcs8._.js:776
[  602132ms] [LOG] [Fast Refresh] done in 6ms @ http://localhost:3000/_next/static/chunks/node_modules_next_dist_1e8vcs8._.js:776
[  602179ms] [LOG] [Fast Refresh] done in 6ms @ http://localhost:3000/_next/static/chunks/node_modules_next_dist_1e8vcs8._.js:776
[  602226ms] [LOG] [Fast Refresh] done in 6ms @ http://localhost:3000/_next/static/chunks/node_modules_next_dist_1e8vcs8._.js:776
[  602288ms] [LOG] [Fast Refresh] done in 6ms @ http://localhost:3000/_next/static/chunks/node_modules_next_dist_1e8vcs8._.js:776
[  602335ms] [LOG] [Fast Refresh] done in 6ms @ http://localhost:3000/_next/static/chunks/node_modules_next_dist_1e8vcs8._.js:776
[  602398ms] [LOG] [Fast Refresh] done in 6ms @ http://localhost:3000/_next/static/chunks/node_modules_next_dist_1e8vcs8._.js:776
[  602445ms] [LOG] [Fast Refresh] done in 6ms @ http://localhost:3000/_next/static/chunks/node_modules_next_dist_1e8vcs8._.js:776
[  602492ms] [LOG] [Fast Refresh] done in 6ms @ http://localhost:3000/_next/static/chunks/node_modules_next_dist_1e8vcs8._.js:776
[  602554ms] [LOG] [Fast Refresh] done in 6ms @ http://localhost:3000/_next/static/chunks/node_modules_next_dist_1e8vcs8._.js:776
[  602603ms] [LOG] [Fast Refresh] done in 6ms @ http://localhost:3000/_next/static/chunks/node_modules_next_dist_1e8vcs8._.js:776
[  602665ms] [LOG] [Fast Refresh] done in 6ms @ http://localhost:3000/_next/static/chunks/node_modules_next_dist_1e8vcs8._.js:776
[  602725ms] [LOG] [Fast Refresh] done in 6ms @ http://localhost:3000/_next/static/chunks/node_modules_next_dist_1e8vcs8._.js:776
[  602787ms] [LOG] [Fast Refresh] done in 6ms @ http://localhost:3000/_next/static/chunks/node_modules_next_dist_1e8vcs8._.js:776
[  602848ms] [LOG] [Fast Refresh] done in 6ms @ http://localhost:3000/_next/static/chunks/node_modules_next_dist_1e8vcs8._.js:776
[  602907ms] [LOG] [Fast Refresh] done in 6ms @ http://localhost:3000/_next/static/chunks/node_modules_next_dist_1e8vcs8._.js:776
[  602969ms] [LOG] [Fast Refresh] done in 6ms @ http://localhost:3000/_next/static/chunks/node_modules_next_dist_1e8vcs8._.js:776
[  603031ms] [LOG] [Fast Refresh] done in 6ms @ http://localhost:3000/_next/static/chunks/node_modules_next_dist_1e8vcs8._.js:776
[  603092ms] [LOG] [Fast Refresh] done in 6ms @ http://localhost:3000/_next/static/chunks/node_modules_next_dist_1e8vcs8._.js:776
[  603154ms] [LOG] [Fast Refresh] done in 6ms @ http://localhost:3000/_next/static/chunks/node_modules_next_dist_1e8vcs8._.js:776
[  603216ms] [LOG] [Fast Refresh] done in 6ms @ http://localhost:3000/_next/static/chunks/node_modules_next_dist_1e8vcs8._.js:776
[  603277ms] [LOG] [Fast Refresh] done in 6ms @ http://localhost:3000/_next/static/chunks/node_modules_next_dist_1e8vcs8._.js:776
[  603324ms] [LOG] [Fast Refresh] done in 6ms @ http://localhost:3000/_next/static/chunks/node_modules_next_dist_1e8vcs8._.js:776
[  603371ms] [LOG] [Fast Refresh] done in 6ms @ http://localhost:3000/_next/static/chunks/node_modules_next_dist_1e8vcs8._.js:776
[  603434ms] [LOG] [Fast Refresh] done in 6ms @ http://localhost:3000/_next/static/chunks/node_modules_next_dist_1e8vcs8._.js:776
[  603496ms] [LOG] [Fast Refresh] done in 6ms @ http://localhost:3000/_next/static/chunks/node_modules_next_dist_1e8vcs8._.js:776
[  603559ms] [LOG] [Fast Refresh] done in 6ms @ http://localhost:3000/_next/static/chunks/node_modules_next_dist_1e8vcs8._.js:776
[  603620ms] [LOG] [Fast Refresh] done in 6ms @ http://localhost:3000/_next/static/chunks/node_modules_next_dist_1e8vcs8._.js:776
[  603681ms] [LOG] [Fast Refresh] done in 6ms @ http://localhost:3000/_next/static/chunks/node_modules_next_dist_1e8vcs8._.js:776
[  603742ms] [LOG] [Fast Refresh] done in 6ms @ http://localhost:3000/_next/static/chunks/node_modules_next_dist_1e8vcs8._.js:776
[  603790ms] [LOG] [Fast Refresh] done in 6ms @ http://localhost:3000/_next/static/chunks/node_modules_next_dist_1e8vcs8._.js:776
[  603851ms] [LOG] [Fast Refresh] done in 6ms @ http://localhost:3000/_next/static/chunks/node_modules_next_dist_1e8vcs8._.js:776
[  603913ms] [LOG] [Fast Refresh] done in 6ms @ http://localhost:3000/_next/static/chunks/node_modules_next_dist_1e8vcs8._.js:776
[  603976ms] [LOG] [Fast Refresh] done in 6ms @ http://localhost:3000/_next/static/chunks/node_modules_next_dist_1e8vcs8._.js:776
[  604023ms] [LOG] [Fast Refresh] done in 6ms @ http://localhost:3000/_next/static/chunks/node_modules_next_dist_1e8vcs8._.js:776
[  604084ms] [LOG] [Fast Refresh] done in 6ms @ http://localhost:3000/_next/static/chunks/node_modules_next_dist_1e8vcs8._.js:776
[  604146ms] [LOG] [Fast Refresh] done in 6ms @ http://localhost:3000/_next/static/chunks/node_modules_next_dist_1e8vcs8._.js:776
[  604208ms] [LOG] [Fast Refresh] done in 6ms @ http://localhost:3000/_next/static/chunks/node_modules_next_dist_1e8vcs8._.js:776
[  604270ms] [LOG] [Fast Refresh] done in 6ms @ http://localhost:3000/_next/static/chunks/node_modules_next_dist_1e8vcs8._.js:776
[  604318ms] [LOG] [Fast Refresh] done in 6ms @ http://localhost:3000/_next/static/chunks/node_modules_next_dist_1e8vcs8._.js:776
[  604380ms] [LOG] [Fast Refresh] done in 6ms @ http://localhost:3000/_next/static/chunks/node_modules_next_dist_1e8vcs8._.js:776
[  604443ms] [LOG] [Fast Refresh] done in 6ms @ http://localhost:3000/_next/static/chunks/node_modules_next_dist_1e8vcs8._.js:776
[  604490ms] [LOG] [Fast Refresh] done in 6ms @ http://localhost:3000/_next/static/chunks/node_modules_next_dist_1e8vcs8._.js:776
[  604552ms] [LOG] [Fast Refresh] done in 6ms @ http://localhost:3000/_next/static/chunks/node_modules_next_dist_1e8vcs8._.js:776
[  604599ms] [LOG] [Fast Refresh] done in 6ms @ http://localhost:3000/_next/static/chunks/node_modules_next_dist_1e8vcs8._.js:776
[  604660ms] [LOG] [Fast Refresh] done in 6ms @ http://localhost:3000/_next/static/chunks/node_modules_next_dist_1e8vcs8._.js:776
[  604722ms] [LOG] [Fast Refresh] done in 6ms @ http://localhost:3000/_next/static/chunks/node_modules_next_dist_1e8vcs8._.js:776
[  604782ms] [LOG] [Fast Refresh] done in 6ms @ http://localhost:3000/_next/static/chunks/node_modules_next_dist_1e8vcs8._.js:776
[  604830ms] [LOG] [Fast Refresh] done in 6ms @ http://localhost:3000/_next/static/chunks/node_modules_next_dist_1e8vcs8._.js:776
[  604892ms] [LOG] [Fast Refresh] done in 6ms @ http://localhost:3000/_next/static/chunks/node_modules_next_dist_1e8vcs8._.js:776
[  604953ms] [LOG] [Fast Refresh] done in 6ms @ http://localhost:3000/_next/static/chunks/node_modules_next_dist_1e8vcs8._.js:776
[  605015ms] [LOG] [Fast Refresh] done in 6ms @ http://localhost:3000/_next/static/chunks/node_modules_next_dist_1e8vcs8._.js:776
[  605077ms] [LOG] [Fast Refresh] done in 6ms @ http://localhost:3000/_next/static/chunks/node_modules_next_dist_1e8vcs8._.js:776
[  605125ms] [LOG] [Fast Refresh] done in 6ms @ http://localhost:3000/_next/static/chunks/node_modules_next_dist_1e8vcs8._.js:776
[  605186ms] [LOG] [Fast Refresh] done in 6ms @ http://localhost:3000/_next/static/chunks/node_modules_next_dist_1e8vcs8._.js:776
[  605247ms] [LOG] [Fast Refresh] done in 6ms @ http://localhost:3000/_next/static/chunks/node_modules_next_dist_1e8vcs8._.js:776
[  605310ms] [LOG] [Fast Refresh] done in 6ms @ http://localhost:3000/_next/static/chunks/node_modules_next_dist_1e8vcs8._.js:776
[  605373ms] [LOG] [Fast Refresh] done in 6ms @ http://localhost:3000/_next/static/chunks/node_modules_next_dist_1e8vcs8._.js:776
[  605435ms] [LOG] [Fast Refresh] done in 6ms @ http://localhost:3000/_next/static/chunks/node_modules_next_dist_1e8vcs8._.js:776
[  605482ms] [LOG] [Fast Refresh] done in 6ms @ http://localhost:3000/_next/static/chunks/node_modules_next_dist_1e8vcs8._.js:776
[  605544ms] [LOG] [Fast Refresh] done in 6ms @ http://localhost:3000/_next/static/chunks/node_modules_next_dist_1e8vcs8._.js:776
[  605606ms] [LOG] [Fast Refresh] done in 6ms @ http://localhost:3000/_next/static/chunks/node_modules_next_dist_1e8vcs8._.js:776
[  605666ms] [LOG] [Fast Refresh] done in 6ms @ http://localhost:3000/_next/static/chunks/node_modules_next_dist_1e8vcs8._.js:776
[  605728ms] [LOG] [Fast Refresh] done in 6ms @ http://localhost:3000/_next/static/chunks/node_modules_next_dist_1e8vcs8._.js:776
[  605790ms] [LOG] [Fast Refresh] done in 6ms @ http://localhost:3000/_next/static/chunks/node_modules_next_dist_1e8vcs8._.js:776
[  605838ms] [LOG] [Fast Refresh] done in 6ms @ http://localhost:3000/_next/static/chunks/node_modules_next_dist_1e8vcs8._.js:776
[  605886ms] [LOG] [Fast Refresh] done in 6ms @ http://localhost:3000/_next/static/chunks/node_modules_next_dist_1e8vcs8._.js:776
[  605947ms] [LOG] [Fast Refresh] done in 6ms @ http://localhost:3000/_next/static/chunks/node_modules_next_dist_1e8vcs8._.js:776
[  606008ms] [LOG] [Fast Refresh] done in 6ms @ http://localhost:3000/_next/static/chunks/node_modules_next_dist_1e8vcs8._.js:776
[  606070ms] [LOG] [Fast Refresh] done in 6ms @ http://localhost:3000/_next/static/chunks/node_modules_next_dist_1e8vcs8._.js:776
[  606133ms] [LOG] [Fast Refresh] done in 6ms @ http://localhost:3000/_next/static/chunks/node_modules_next_dist_1e8vcs8._.js:776
[  606193ms] [LOG] [Fast Refresh] done in 6ms @ http://localhost:3000/_next/static/chunks/node_modules_next_dist_1e8vcs8._.js:776
[  606255ms] [LOG] [Fast Refresh] done in 6ms @ http://localhost:3000/_next/static/chunks/node_modules_next_dist_1e8vcs8._.js:776
[  606317ms] [LOG] [Fast Refresh] done in 6ms @ http://localhost:3000/_next/static/chunks/node_modules_next_dist_1e8vcs8._.js:776
[  606380ms] [LOG] [Fast Refresh] done in 6ms @ http://localhost:3000/_next/static/chunks/node_modules_next_dist_1e8vcs8._.js:776
[  606441ms] [LOG] [Fast Refresh] done in 6ms @ http://localhost:3000/_next/static/chunks/node_modules_next_dist_1e8vcs8._.js:776
[  606503ms] [LOG] [Fast Refresh] done in 6ms @ http://localhost:3000/_next/static/chunks/node_modules_next_dist_1e8vcs8._.js:776
[  606565ms] [LOG] [Fast Refresh] done in 6ms @ http://localhost:3000/_next/static/chunks/node_modules_next_dist_1e8vcs8._.js:776
[  606628ms] [LOG] [Fast Refresh] done in 6ms @ http://localhost:3000/_next/static/chunks/node_modules_next_dist_1e8vcs8._.js:776
[  606689ms] [LOG] [Fast Refresh] done in 6ms @ http://localhost:3000/_next/static/chunks/node_modules_next_dist_1e8vcs8._.js:776
[  606750ms] [LOG] [Fast Refresh] done in 6ms @ http://localhost:3000/_next/static/chunks/node_modules_next_dist_1e8vcs8._.js:776
[  606810ms] [LOG] [Fast Refresh] done in 6ms @ http://localhost:3000/_next/static/chunks/node_modules_next_dist_1e8vcs8._.js:776
[  606871ms] [LOG] [Fast Refresh] done in 6ms @ http://localhost:3000/_next/static/chunks/node_modules_next_dist_1e8vcs8._.js:776
[  606918ms] [LOG] [Fast Refresh] done in 6ms @ http://localhost:3000/_next/static/chunks/node_modules_next_dist_1e8vcs8._.js:776
[  606965ms] [LOG] [Fast Refresh] done in 6ms @ http://localhost:3000/_next/static/chunks/node_modules_next_dist_1e8vcs8._.js:776
[  607026ms] [LOG] [Fast Refresh] done in 6ms @ http://localhost:3000/_next/static/chunks/node_modules_next_dist_1e8vcs8._.js:776
[  607090ms] [LOG] [Fast Refresh] done in 6ms @ http://localhost:3000/_next/static/chunks/node_modules_next_dist_1e8vcs8._.js:776
[  607138ms] [LOG] [Fast Refresh] done in 6ms @ http://localhost:3000/_next/static/chunks/node_modules_next_dist_1e8vcs8._.js:776
[  607200ms] [LOG] [Fast Refresh] done in 6ms @ http://localhost:3000/_next/static/chunks/node_modules_next_dist_1e8vcs8._.js:776
[  607260ms] [LOG] [Fast Refresh] done in 6ms @ http://localhost:3000/_next/static/chunks/node_modules_next_dist_1e8vcs8._.js:776
[  607322ms] [LOG] [Fast Refresh] done in 6ms @ http://localhost:3000/_next/static/chunks/node_modules_next_dist_1e8vcs8._.js:776
[  607383ms] [LOG] [Fast Refresh] done in 6ms @ http://localhost:3000/_next/static/chunks/node_modules_next_dist_1e8vcs8._.js:776
[  607432ms] [LOG] [Fast Refresh] done in 6ms @ http://localhost:3000/_next/static/chunks/node_modules_next_dist_1e8vcs8._.js:776
[  607494ms] [LOG] [Fast Refresh] done in 6ms @ http://localhost:3000/_next/static/chunks/node_modules_next_dist_1e8vcs8._.js:776
[  607554ms] [LOG] [Fast Refresh] done in 6ms @ http://localhost:3000/_next/static/chunks/node_modules_next_dist_1e8vcs8._.js:776
[  607616ms] [LOG] [Fast Refresh] done in 6ms @ http://localhost:3000/_next/static/chunks/node_modules_next_dist_1e8vcs8._.js:776
[  607677ms] [LOG] [Fast Refresh] done in 6ms @ http://localhost:3000/_next/static/chunks/node_modules_next_dist_1e8vcs8._.js:776
[  607739ms] [LOG] [Fast Refresh] done in 6ms @ http://localhost:3000/_next/static/chunks/node_modules_next_dist_1e8vcs8._.js:776
[  607786ms] [LOG] [Fast Refresh] done in 6ms @ http://localhost:3000/_next/static/chunks/node_modules_next_dist_1e8vcs8._.js:776
[  607847ms] [LOG] [Fast Refresh] done in 6ms @ http://localhost:3000/_next/static/chunks/node_modules_next_dist_1e8vcs8._.js:776
[  607910ms] [LOG] [Fast Refresh] done in 6ms @ http://localhost:3000/_next/static/chunks/node_modules_next_dist_1e8vcs8._.js:776
[  607972ms] [LOG] [Fast Refresh] done in 6ms @ http://localhost:3000/_next/static/chunks/node_modules_next_dist_1e8vcs8._.js:776
[  608036ms] [LOG] [Fast Refresh] done in 6ms @ http://localhost:3000/_next/static/chunks/node_modules_next_dist_1e8vcs8._.js:776
[  608098ms] [LOG] [Fast Refresh] done in 6ms @ http://localhost:3000/_next/static/chunks/node_modules_next_dist_1e8vcs8._.js:776
[  608160ms] [LOG] [Fast Refresh] done in 6ms @ http://localhost:3000/_next/static/chunks/node_modules_next_dist_1e8vcs8._.js:776
[  608223ms] [LOG] [Fast Refresh] done in 6ms @ http://localhost:3000/_next/static/chunks/node_modules_next_dist_1e8vcs8._.js:776
[  608285ms] [LOG] [Fast Refresh] done in 6ms @ http://localhost:3000/_next/static/chunks/node_modules_next_dist_1e8vcs8._.js:776
[  608347ms] [LOG] [Fast Refresh] done in 6ms @ http://localhost:3000/_next/static/chunks/node_modules_next_dist_1e8vcs8._.js:776
[  608408ms] [LOG] [Fast Refresh] done in 6ms @ http://localhost:3000/_next/static/chunks/node_modules_next_dist_1e8vcs8._.js:776
[  608455ms] [LOG] [Fast Refresh] done in 6ms @ http://localhost:3000/_next/static/chunks/node_modules_next_dist_1e8vcs8._.js:776
[  608502ms] [LOG] [Fast Refresh] done in 6ms @ http://localhost:3000/_next/static/chunks/node_modules_next_dist_1e8vcs8._.js:776
[  608549ms] [LOG] [Fast Refresh] done in 6ms @ http://localhost:3000/_next/static/chunks/node_modules_next_dist_1e8vcs8._.js:776
[  608611ms] [LOG] [Fast Refresh] done in 6ms @ http://localhost:3000/_next/static/chunks/node_modules_next_dist_1e8vcs8._.js:776
[  608673ms] [LOG] [Fast Refresh] done in 6ms @ http://localhost:3000/_next/static/chunks/node_modules_next_dist_1e8vcs8._.js:776
[  608736ms] [LOG] [Fast Refresh] done in 6ms @ http://localhost:3000/_next/static/chunks/node_modules_next_dist_1e8vcs8._.js:776
[  608797ms] [LOG] [Fast Refresh] done in 6ms @ http://localhost:3000/_next/static/chunks/node_modules_next_dist_1e8vcs8._.js:776
[  608860ms] [LOG] [Fast Refresh] done in 6ms @ http://localhost:3000/_next/static/chunks/node_modules_next_dist_1e8vcs8._.js:776
[  608923ms] [LOG] [Fast Refresh] done in 6ms @ http://localhost:3000/_next/static/chunks/node_modules_next_dist_1e8vcs8._.js:776
[  608983ms] [LOG] [Fast Refresh] done in 6ms @ http://localhost:3000/_next/static/chunks/node_modules_next_dist_1e8vcs8._.js:776
[  609045ms] [LOG] [Fast Refresh] done in 6ms @ http://localhost:3000/_next/static/chunks/node_modules_next_dist_1e8vcs8._.js:776
[  609107ms] [LOG] [Fast Refresh] done in 6ms @ http://localhost:3000/_next/static/chunks/node_modules_next_dist_1e8vcs8._.js:776
[  609169ms] [LOG] [Fast Refresh] done in 6ms @ http://localhost:3000/_next/static/chunks/node_modules_next_dist_1e8vcs8._.js:776
[  609231ms] [LOG] [Fast Refresh] done in 6ms @ http://localhost:3000/_next/static/chunks/node_modules_next_dist_1e8vcs8._.js:776
[  609292ms] [LOG] [Fast Refresh] done in 6ms @ http://localhost:3000/_next/static/chunks/node_modules_next_dist_1e8vcs8._.js:776
[  609354ms] [LOG] [Fast Refresh] done in 6ms @ http://localhost:3000/_next/static/chunks/node_modules_next_dist_1e8vcs8._.js:776
[  609402ms] [LOG] [Fast Refresh] done in 6ms @ http://localhost:3000/_next/static/chunks/node_modules_next_dist_1e8vcs8._.js:776
[  609464ms] [LOG] [Fast Refresh] done in 6ms @ http://localhost:3000/_next/static/chunks/node_modules_next_dist_1e8vcs8._.js:776
[  609526ms] [LOG] [Fast Refresh] done in 6ms @ http://localhost:3000/_next/static/chunks/node_modules_next_dist_1e8vcs8._.js:776
[  609588ms] [LOG] [Fast Refresh] done in 6ms @ http://localhost:3000/_next/static/chunks/node_modules_next_dist_1e8vcs8._.js:776
[  609634ms] [LOG] [Fast Refresh] done in 6ms @ http://localhost:3000/_next/static/chunks/node_modules_next_dist_1e8vcs8._.js:776
[  609697ms] [LOG] [Fast Refresh] done in 6ms @ http://localhost:3000/_next/static/chunks/node_modules_next_dist_1e8vcs8._.js:776
[  609756ms] [LOG] [Fast Refresh] done in 6ms @ http://localhost:3000/_next/static/chunks/node_modules_next_dist_1e8vcs8._.js:776
[  609819ms] [LOG] [Fast Refresh] done in 6ms @ http://localhost:3000/_next/static/chunks/node_modules_next_dist_1e8vcs8._.js:776
[  609879ms] [LOG] [Fast Refresh] done in 6ms @ http://localhost:3000/_next/static/chunks/node_modules_next_dist_1e8vcs8._.js:776
[  609926ms] [LOG] [Fast Refresh] done in 6ms @ http://localhost:3000/_next/static/chunks/node_modules_next_dist_1e8vcs8._.js:776
[  609988ms] [LOG] [Fast Refresh] done in 6ms @ http://localhost:3000/_next/static/chunks/node_modules_next_dist_1e8vcs8._.js:776
[  610050ms] [LOG] [Fast Refresh] done in 6ms @ http://localhost:3000/_next/static/chunks/node_modules_next_dist_1e8vcs8._.js:776
[  610111ms] [LOG] [Fast Refresh] done in 6ms @ http://localhost:3000/_next/static/chunks/node_modules_next_dist_1e8vcs8._.js:776
[  610172ms] [LOG] [Fast Refresh] done in 6ms @ http://localhost:3000/_next/static/chunks/node_modules_next_dist_1e8vcs8._.js:776
[  610233ms] [LOG] [Fast Refresh] done in 6ms @ http://localhost:3000/_next/static/chunks/node_modules_next_dist_1e8vcs8._.js:776
[  610295ms] [LOG] [Fast Refresh] done in 6ms @ http://localhost:3000/_next/static/chunks/node_modules_next_dist_1e8vcs8._.js:776
[  610342ms] [LOG] [Fast Refresh] done in 6ms @ http://localhost:3000/_next/static/chunks/node_modules_next_dist_1e8vcs8._.js:776
[  610405ms] [LOG] [Fast Refresh] done in 6ms @ http://localhost:3000/_next/static/chunks/node_modules_next_dist_1e8vcs8._.js:776
[  610466ms] [LOG] [Fast Refresh] done in 6ms @ http://localhost:3000/_next/static/chunks/node_modules_next_dist_1e8vcs8._.js:776
[  610514ms] [LOG] [Fast Refresh] done in 6ms @ http://localhost:3000/_next/static/chunks/node_modules_next_dist_1e8vcs8._.js:776
[  610577ms] [LOG] [Fast Refresh] done in 6ms @ http://localhost:3000/_next/static/chunks/node_modules_next_dist_1e8vcs8._.js:776
[  610639ms] [LOG] [Fast Refresh] done in 6ms @ http://localhost:3000/_next/static/chunks/node_modules_next_dist_1e8vcs8._.js:776
[  610699ms] [LOG] [Fast Refresh] done in 6ms @ http://localhost:3000/_next/static/chunks/node_modules_next_dist_1e8vcs8._.js:776
[  610759ms] [LOG] [Fast Refresh] done in 6ms @ http://localhost:3000/_next/static/chunks/node_modules_next_dist_1e8vcs8._.js:776
[  610819ms] [LOG] [Fast Refresh] done in 6ms @ http://localhost:3000/_next/static/chunks/node_modules_next_dist_1e8vcs8._.js:776
[  610880ms] [LOG] [Fast Refresh] done in 6ms @ http://localhost:3000/_next/static/chunks/node_modules_next_dist_1e8vcs8._.js:776
[  610942ms] [LOG] [Fast Refresh] done in 6ms @ http://localhost:3000/_next/static/chunks/node_modules_next_dist_1e8vcs8._.js:776
[  611005ms] [LOG] [Fast Refresh] done in 6ms @ http://localhost:3000/_next/static/chunks/node_modules_next_dist_1e8vcs8._.js:776
[  611066ms] [LOG] [Fast Refresh] done in 6ms @ http://localhost:3000/_next/static/chunks/node_modules_next_dist_1e8vcs8._.js:776
[  611126ms] [LOG] [Fast Refresh] done in 6ms @ http://localhost:3000/_next/static/chunks/node_modules_next_dist_1e8vcs8._.js:776
[  611187ms] [LOG] [Fast Refresh] done in 6ms @ http://localhost:3000/_next/static/chunks/node_modules_next_dist_1e8vcs8._.js:776
[  611249ms] [LOG] [Fast Refresh] done in 6ms @ http://localhost:3000/_next/static/chunks/node_modules_next_dist_1e8vcs8._.js:776
[  611311ms] [LOG] [Fast Refresh] done in 6ms @ http://localhost:3000/_next/static/chunks/node_modules_next_dist_1e8vcs8._.js:776
[  611373ms] [LOG] [Fast Refresh] done in 6ms @ http://localhost:3000/_next/static/chunks/node_modules_next_dist_1e8vcs8._.js:776
[  611436ms] [LOG] [Fast Refresh] done in 6ms @ http://localhost:3000/_next/static/chunks/node_modules_next_dist_1e8vcs8._.js:776
[  611497ms] [LOG] [Fast Refresh] done in 6ms @ http://localhost:3000/_next/static/chunks/node_modules_next_dist_1e8vcs8._.js:776
[  611559ms] [LOG] [Fast Refresh] done in 6ms @ http://localhost:3000/_next/static/chunks/node_modules_next_dist_1e8vcs8._.js:776
[  611621ms] [LOG] [Fast Refresh] done in 6ms @ http://localhost:3000/_next/static/chunks/node_modules_next_dist_1e8vcs8._.js:776
[  611681ms] [LOG] [Fast Refresh] done in 6ms @ http://localhost:3000/_next/static/chunks/node_modules_next_dist_1e8vcs8._.js:776
[  611742ms] [LOG] [Fast Refresh] done in 6ms @ http://localhost:3000/_next/static/chunks/node_modules_next_dist_1e8vcs8._.js:776
[  611803ms] [LOG] [Fast Refresh] done in 6ms @ http://localhost:3000/_next/static/chunks/node_modules_next_dist_1e8vcs8._.js:776
[  611866ms] [LOG] [Fast Refresh] done in 6ms @ http://localhost:3000/_next/static/chunks/node_modules_next_dist_1e8vcs8._.js:776
[  611941ms] [LOG] [Fast Refresh] done in 6ms @ http://localhost:3000/_next/static/chunks/node_modules_next_dist_1e8vcs8._.js:776
[  612020ms] [ERROR] ./app/components/shader-background.tsx:52:5
Error: Unexpected token. Did you mean `{'>'}` or `&gt;`?
  50 |       aria-pressed={!paused}
  51 |       onClick={() => setPaused(value => !value)}
> 52 |     >
     |     ^
  53 |       <svg width="14" height="14" viewBox="0 0 16 16" fill="none" stroke="currentColor" st...
  54 |         {paused ? <path d="m5 3 7 5-7 5Z"/> : <path d="M5 3v10M11 3v10"/>}
  55 |       </svg>

Parsing ecmascript source code failed

Import traces:
  Client Component Browser:
    ./app/components/shader-background.tsx [Client Component Browser]
    ./app/components/fact-check-dashboard.tsx [Client Component Browser]
    ./app/components/fact-check-dashboard.tsx [Server Component]
    ./app/page.tsx [Server Component]

  Client Component SSR:
    ./app/components/shader-background.tsx [Client Component SSR]
    ./app/components/fact-check-dashboard.tsx [Client Component SSR]
    ./app/components/fact-check-dashboard.tsx [Server Component]
    ./app/page.tsx [Server Component] @ http://localhost:3000/_next/static/chunks/node_modules_next_dist_1e8vcs8._.js:1052
[  612081ms] [ERROR] ./app/components/shader-background.tsx:52:5
Error: Unexpected token. Did you mean `{'>'}` or `&gt;`?
  50 |       aria-pressed={!paused}
  51 |       onClick={() => setPaused(value => !value)}
> 52 |     >
     |     ^
  53 |       <svg width="14" height="14" viewBox="0 0 16 16" fill="none" stroke="currentColor" st...
  54 |         {paused ? <path d="m5 3 7 5-7 5Z"/> : <path d="M5 3v10M11 3v10"/>}
  55 |       </svg>

Parsing ecmascript source code failed

Import traces:
  Client Component Browser:
    ./app/components/shader-background.tsx [Client Component Browser]
    ./app/components/fact-check-dashboard.tsx [Client Component Browser]
    ./app/components/fact-check-dashboard.tsx [Server Component]
    ./app/page.tsx [Server Component]

  Client Component SSR:
    ./app/components/shader-background.tsx [Client Component SSR]
    ./app/components/fact-check-dashboard.tsx [Client Component SSR]
    ./app/components/fact-check-dashboard.tsx [Server Component]
    ./app/page.tsx [Server Component] @ http://localhost:3000/_next/static/chunks/node_modules_next_dist_1e8vcs8._.js:1052
[  612090ms] [LOG] [Fast Refresh] rebuilding @ http://localhost:3000/_next/static/chunks/node_modules_next_dist_1e8vcs8._.js:776
[  612143ms] [ERROR] ./app/components/shader-background.tsx:52:5
Error: Unexpected token. Did you mean `{'>'}` or `&gt;`?
  50 |       aria-pressed={!paused}
  51 |       onClick={() => setPaused(value => !value)}
> 52 |     >
     |     ^
  53 |       <svg width="14" height="14" viewBox="0 0 16 16" fill="none" stroke="currentColor" st...
  54 |         {paused ? <path d="m5 3 7 5-7 5Z"/> : <path d="M5 3v10M11 3v10"/>}
  55 |       </svg>

Parsing ecmascript source code failed

Import traces:
  Client Component Browser:
    ./app/components/shader-background.tsx [Client Component Browser]
    ./app/components/fact-check-dashboard.tsx [Client Component Browser]
    ./app/components/fact-check-dashboard.tsx [Server Component]
    ./app/page.tsx [Server Component]

  Client Component SSR:
    ./app/components/shader-background.tsx [Client Component SSR]
    ./app/components/fact-check-dashboard.tsx [Client Component SSR]
    ./app/components/fact-check-dashboard.tsx [Server Component]
    ./app/page.tsx [Server Component] @ http://localhost:3000/_next/static/chunks/node_modules_next_dist_1e8vcs8._.js:1052
[  612206ms] [ERROR] ./app/components/shader-background.tsx:52:5
Error: Unexpected token. Did you mean `{'>'}` or `&gt;`?
  50 |       aria-pressed={!paused}
  51 |       onClick={() => setPaused(value => !value)}
> 52 |     >
     |     ^
  53 |       <svg width="14" height="14" viewBox="0 0 16 16" fill="none" stroke="currentColor" st...
  54 |         {paused ? <path d="m5 3 7 5-7 5Z"/> : <path d="M5 3v10M11 3v10"/>}
  55 |       </svg>

Parsing ecmascript source code failed

Import traces:
  Client Component Browser:
    ./app/components/shader-background.tsx [Client Component Browser]
    ./app/components/fact-check-dashboard.tsx [Client Component Browser]
    ./app/components/fact-check-dashboard.tsx [Server Component]
    ./app/page.tsx [Server Component]

  Client Component SSR:
    ./app/components/shader-background.tsx [Client Component SSR]
    ./app/components/fact-check-dashboard.tsx [Client Component SSR]
    ./app/components/fact-check-dashboard.tsx [Server Component]
    ./app/page.tsx [Server Component] @ http://localhost:3000/_next/static/chunks/node_modules_next_dist_1e8vcs8._.js:1052
[  612269ms] [ERROR] ./app/components/shader-background.tsx:52:5
Error: Unexpected token. Did you mean `{'>'}` or `&gt;`?
  50 |       aria-pressed={!paused}
  51 |       onClick={() => setPaused(value => !value)}
> 52 |     >
     |     ^
  53 |       <svg width="14" height="14" viewBox="0 0 16 16" fill="none" stroke="currentColor" st...
  54 |         {paused ? <path d="m5 3 7 5-7 5Z"/> : <path d="M5 3v10M11 3v10"/>}
  55 |       </svg>

Parsing ecmascript source code failed

Import traces:
  Client Component Browser:
    ./app/components/shader-background.tsx [Client Component Browser]
    ./app/components/fact-check-dashboard.tsx [Client Component Browser]
    ./app/components/fact-check-dashboard.tsx [Server Component]
    ./app/page.tsx [Server Component]

  Client Component SSR:
    ./app/components/shader-background.tsx [Client Component SSR]
    ./app/components/fact-check-dashboard.tsx [Client Component SSR]
    ./app/components/fact-check-dashboard.tsx [Server Component]
    ./app/page.tsx [Server Component] @ http://localhost:3000/_next/static/chunks/node_modules_next_dist_1e8vcs8._.js:1052
[  612331ms] [ERROR] ./app/components/shader-background.tsx:52:5
Error: Unexpected token. Did you mean `{'>'}` or `&gt;`?
  50 |       aria-pressed={!paused}
  51 |       onClick={() => setPaused(value => !value)}
> 52 |     >
     |     ^
  53 |       <svg width="14" height="14" viewBox="0 0 16 16" fill="none" stroke="currentColor" st...
  54 |         {paused ? <path d="m5 3 7 5-7 5Z"/> : <path d="M5 3v10M11 3v10"/>}
  55 |       </svg>

Parsing ecmascript source code failed

Import traces:
  Client Component Browser:
    ./app/components/shader-background.tsx [Client Component Browser]
    ./app/components/fact-check-dashboard.tsx [Client Component Browser]
    ./app/components/fact-check-dashboard.tsx [Server Component]
    ./app/page.tsx [Server Component]

  Client Component SSR:
    ./app/components/shader-background.tsx [Client Component SSR]
    ./app/components/fact-check-dashboard.tsx [Client Component SSR]
    ./app/components/fact-check-dashboard.tsx [Server Component]
    ./app/page.tsx [Server Component] @ http://localhost:3000/_next/static/chunks/node_modules_next_dist_1e8vcs8._.js:1052
[  612391ms] [ERROR] ./app/components/shader-background.tsx:52:5
Error: Unexpected token. Did you mean `{'>'}` or `&gt;`?
  50 |       aria-pressed={!paused}
  51 |       onClick={() => setPaused(value => !value)}
> 52 |     >
     |     ^
  53 |       <svg width="14" height="14" viewBox="0 0 16 16" fill="none" stroke="currentColor" st...
  54 |         {paused ? <path d="m5 3 7 5-7 5Z"/> : <path d="M5 3v10M11 3v10"/>}
  55 |       </svg>

Parsing ecmascript source code failed

Import traces:
  Client Component Browser:
    ./app/components/shader-background.tsx [Client Component Browser]
    ./app/components/fact-check-dashboard.tsx [Client Component Browser]
    ./app/components/fact-check-dashboard.tsx [Server Component]
    ./app/page.tsx [Server Component]

  Client Component SSR:
    ./app/components/shader-background.tsx [Client Component SSR]
    ./app/components/fact-check-dashboard.tsx [Client Component SSR]
    ./app/components/fact-check-dashboard.tsx [Server Component]
    ./app/page.tsx [Server Component] @ http://localhost:3000/_next/static/chunks/node_modules_next_dist_1e8vcs8._.js:1052
[  612438ms] [ERROR] ./app/components/shader-background.tsx:52:5
Error: Unexpected token. Did you mean `{'>'}` or `&gt;`?
  50 |       aria-pressed={!paused}
  51 |       onClick={() => setPaused(value => !value)}
> 52 |     >
     |     ^
  53 |       <svg width="14" height="14" viewBox="0 0 16 16" fill="none" stroke="currentColor" st...
  54 |         {paused ? <path d="m5 3 7 5-7 5Z"/> : <path d="M5 3v10M11 3v10"/>}
  55 |       </svg>

Parsing ecmascript source code failed

Import traces:
  Client Component Browser:
    ./app/components/shader-background.tsx [Client Component Browser]
    ./app/components/fact-check-dashboard.tsx [Client Component Browser]
    ./app/components/fact-check-dashboard.tsx [Server Component]
    ./app/page.tsx [Server Component]

  Client Component SSR:
    ./app/components/shader-background.tsx [Client Component SSR]
    ./app/components/fact-check-dashboard.tsx [Client Component SSR]
    ./app/components/fact-check-dashboard.tsx [Server Component]
    ./app/page.tsx [Server Component] @ http://localhost:3000/_next/static/chunks/node_modules_next_dist_1e8vcs8._.js:1052
[  612485ms] [ERROR] ./app/components/shader-background.tsx:52:5
Error: Unexpected token. Did you mean `{'>'}` or `&gt;`?
  50 |       aria-pressed={!paused}
  51 |       onClick={() => setPaused(value => !value)}
> 52 |     >
     |     ^
  53 |       <svg width="14" height="14" viewBox="0 0 16 16" fill="none" stroke="currentColor" st...
  54 |         {paused ? <path d="m5 3 7 5-7 5Z"/> : <path d="M5 3v10M11 3v10"/>}
  55 |       </svg>

Parsing ecmascript source code failed

Import traces:
  Client Component Browser:
    ./app/components/shader-background.tsx [Client Component Browser]
    ./app/components/fact-check-dashboard.tsx [Client Component Browser]
    ./app/components/fact-check-dashboard.tsx [Server Component]
    ./app/page.tsx [Server Component]

  Client Component SSR:
    ./app/components/shader-background.tsx [Client Component SSR]
    ./app/components/fact-check-dashboard.tsx [Client Component SSR]
    ./app/components/fact-check-dashboard.tsx [Server Component]
    ./app/page.tsx [Server Component] @ http://localhost:3000/_next/static/chunks/node_modules_next_dist_1e8vcs8._.js:1052
[  612545ms] [ERROR] ./app/components/shader-background.tsx:52:5
Error: Unexpected token. Did you mean `{'>'}` or `&gt;`?
  50 |       aria-pressed={!paused}
  51 |       onClick={() => setPaused(value => !value)}
> 52 |     >
     |     ^
  53 |       <svg width="14" height="14" viewBox="0 0 16 16" fill="none" stroke="currentColor" st...
  54 |         {paused ? <path d="m5 3 7 5-7 5Z"/> : <path d="M5 3v10M11 3v10"/>}
  55 |       </svg>

Parsing ecmascript source code failed

Import traces:
  Client Component Browser:
    ./app/components/shader-background.tsx [Client Component Browser]
    ./app/components/fact-check-dashboard.tsx [Client Component Browser]
    ./app/components/fact-check-dashboard.tsx [Server Component]
    ./app/page.tsx [Server Component]

  Client Component SSR:
    ./app/components/shader-background.tsx [Client Component SSR]
    ./app/components/fact-check-dashboard.tsx [Client Component SSR]
    ./app/components/fact-check-dashboard.tsx [Server Component]
    ./app/page.tsx [Server Component] @ http://localhost:3000/_next/static/chunks/node_modules_next_dist_1e8vcs8._.js:1052
[  612605ms] [ERROR] ./app/components/shader-background.tsx:52:5
Error: Unexpected token. Did you mean `{'>'}` or `&gt;`?
  50 |       aria-pressed={!paused}
  51 |       onClick={() => setPaused(value => !value)}
> 52 |     >
     |     ^
  53 |       <svg width="14" height="14" viewBox="0 0 16 16" fill="none" stroke="currentColor" st...
  54 |         {paused ? <path d="m5 3 7 5-7 5Z"/> : <path d="M5 3v10M11 3v10"/>}
  55 |       </svg>

Parsing ecmascript source code failed

Import traces:
  Client Component Browser:
    ./app/components/shader-background.tsx [Client Component Browser]
    ./app/components/fact-check-dashboard.tsx [Client Component Browser]
    ./app/components/fact-check-dashboard.tsx [Server Component]
    ./app/page.tsx [Server Component]

  Client Component SSR:
    ./app/components/shader-background.tsx [Client Component SSR]
    ./app/components/fact-check-dashboard.tsx [Client Component SSR]
    ./app/components/fact-check-dashboard.tsx [Server Component]
    ./app/page.tsx [Server Component] @ http://localhost:3000/_next/static/chunks/node_modules_next_dist_1e8vcs8._.js:1052
[  612666ms] [ERROR] ./app/components/shader-background.tsx:52:5
Error: Unexpected token. Did you mean `{'>'}` or `&gt;`?
  50 |       aria-pressed={!paused}
  51 |       onClick={() => setPaused(value => !value)}
> 52 |     >
     |     ^
  53 |       <svg width="14" height="14" viewBox="0 0 16 16" fill="none" stroke="currentColor" st...
  54 |         {paused ? <path d="m5 3 7 5-7 5Z"/> : <path d="M5 3v10M11 3v10"/>}
  55 |       </svg>

Parsing ecmascript source code failed

Import traces:
  Client Component Browser:
    ./app/components/shader-background.tsx [Client Component Browser]
    ./app/components/fact-check-dashboard.tsx [Client Component Browser]
    ./app/components/fact-check-dashboard.tsx [Server Component]
    ./app/page.tsx [Server Component]

  Client Component SSR:
    ./app/components/shader-background.tsx [Client Component SSR]
    ./app/components/fact-check-dashboard.tsx [Client Component SSR]
    ./app/components/fact-check-dashboard.tsx [Server Component]
    ./app/page.tsx [Server Component] @ http://localhost:3000/_next/static/chunks/node_modules_next_dist_1e8vcs8._.js:1052
[  612727ms] [ERROR] ./app/components/shader-background.tsx:52:5
Error: Unexpected token. Did you mean `{'>'}` or `&gt;`?
  50 |       aria-pressed={!paused}
  51 |       onClick={() => setPaused(value => !value)}
> 52 |     >
     |     ^
  53 |       <svg width="14" height="14" viewBox="0 0 16 16" fill="none" stroke="currentColor" st...
  54 |         {paused ? <path d="m5 3 7 5-7 5Z"/> : <path d="M5 3v10M11 3v10"/>}
  55 |       </svg>

Parsing ecmascript source code failed

Import traces:
  Client Component Browser:
    ./app/components/shader-background.tsx [Client Component Browser]
    ./app/components/fact-check-dashboard.tsx [Client Component Browser]
    ./app/components/fact-check-dashboard.tsx [Server Component]
    ./app/page.tsx [Server Component]

  Client Component SSR:
    ./app/components/shader-background.tsx [Client Component SSR]
    ./app/components/fact-check-dashboard.tsx [Client Component SSR]
    ./app/components/fact-check-dashboard.tsx [Server Component]
    ./app/page.tsx [Server Component] @ http://localhost:3000/_next/static/chunks/node_modules_next_dist_1e8vcs8._.js:1052
[  612775ms] [ERROR] ./app/components/shader-background.tsx:52:5
Error: Unexpected token. Did you mean `{'>'}` or `&gt;`?
  50 |       aria-pressed={!paused}
  51 |       onClick={() => setPaused(value => !value)}
> 52 |     >
     |     ^
  53 |       <svg width="14" height="14" viewBox="0 0 16 16" fill="none" stroke="currentColor" st...
  54 |         {paused ? <path d="m5 3 7 5-7 5Z"/> : <path d="M5 3v10M11 3v10"/>}
  55 |       </svg>

Parsing ecmascript source code failed

Import traces:
  Client Component Browser:
    ./app/components/shader-background.tsx [Client Component Browser]
    ./app/components/fact-check-dashboard.tsx [Client Component Browser]
    ./app/components/fact-check-dashboard.tsx [Server Component]
    ./app/page.tsx [Server Component]

  Client Component SSR:
    ./app/components/shader-background.tsx [Client Component SSR]
    ./app/components/fact-check-dashboard.tsx [Client Component SSR]
    ./app/components/fact-check-dashboard.tsx [Server Component]
    ./app/page.tsx [Server Component] @ http://localhost:3000/_next/static/chunks/node_modules_next_dist_1e8vcs8._.js:1052
[  612835ms] [ERROR] ./app/components/shader-background.tsx:52:5
Error: Unexpected token. Did you mean `{'>'}` or `&gt;`?
  50 |       aria-pressed={!paused}
  51 |       onClick={() => setPaused(value => !value)}
> 52 |     >
     |     ^
  53 |       <svg width="14" height="14" viewBox="0 0 16 16" fill="none" stroke="currentColor" st...
  54 |         {paused ? <path d="m5 3 7 5-7 5Z"/> : <path d="M5 3v10M11 3v10"/>}
  55 |       </svg>

Parsing ecmascript source code failed

Import traces:
  Client Component Browser:
    ./app/components/shader-background.tsx [Client Component Browser]
    ./app/components/fact-check-dashboard.tsx [Client Component Browser]
    ./app/components/fact-check-dashboard.tsx [Server Component]
    ./app/page.tsx [Server Component]

  Client Component SSR:
    ./app/components/shader-background.tsx [Client Component SSR]
    ./app/components/fact-check-dashboard.tsx [Client Component SSR]
    ./app/components/fact-check-dashboard.tsx [Server Component]
    ./app/page.tsx [Server Component] @ http://localhost:3000/_next/static/chunks/node_modules_next_dist_1e8vcs8._.js:1052
[  612894ms] [ERROR] ./app/components/shader-background.tsx:52:5
Error: Unexpected token. Did you mean `{'>'}` or `&gt;`?
  50 |       aria-pressed={!paused}
  51 |       onClick={() => setPaused(value => !value)}
> 52 |     >
     |     ^
  53 |       <svg width="14" height="14" viewBox="0 0 16 16" fill="none" stroke="currentColor" st...
  54 |         {paused ? <path d="m5 3 7 5-7 5Z"/> : <path d="M5 3v10M11 3v10"/>}
  55 |       </svg>

Parsing ecmascript source code failed

Import traces:
  Client Component Browser:
    ./app/components/shader-background.tsx [Client Component Browser]
    ./app/components/fact-check-dashboard.tsx [Client Component Browser]
    ./app/components/fact-check-dashboard.tsx [Server Component]
    ./app/page.tsx [Server Component]

  Client Component SSR:
    ./app/components/shader-background.tsx [Client Component SSR]
    ./app/components/fact-check-dashboard.tsx [Client Component SSR]
    ./app/components/fact-check-dashboard.tsx [Server Component]
    ./app/page.tsx [Server Component] @ http://localhost:3000/_next/static/chunks/node_modules_next_dist_1e8vcs8._.js:1052
[  612955ms] [ERROR] ./app/components/shader-background.tsx:52:5
Error: Unexpected token. Did you mean `{'>'}` or `&gt;`?
  50 |       aria-pressed={!paused}
  51 |       onClick={() => setPaused(value => !value)}
> 52 |     >
     |     ^
  53 |       <svg width="14" height="14" viewBox="0 0 16 16" fill="none" stroke="currentColor" st...
  54 |         {paused ? <path d="m5 3 7 5-7 5Z"/> : <path d="M5 3v10M11 3v10"/>}
  55 |       </svg>

Parsing ecmascript source code failed

Import traces:
  Client Component Browser:
    ./app/components/shader-background.tsx [Client Component Browser]
    ./app/components/fact-check-dashboard.tsx [Client Component Browser]
    ./app/components/fact-check-dashboard.tsx [Server Component]
    ./app/page.tsx [Server Component]

  Client Component SSR:
    ./app/components/shader-background.tsx [Client Component SSR]
    ./app/components/fact-check-dashboard.tsx [Client Component SSR]
    ./app/components/fact-check-dashboard.tsx [Server Component]
    ./app/page.tsx [Server Component] @ http://localhost:3000/_next/static/chunks/node_modules_next_dist_1e8vcs8._.js:1052
[  613001ms] [ERROR] ./app/components/shader-background.tsx:52:5
Error: Unexpected token. Did you mean `{'>'}` or `&gt;`?
  50 |       aria-pressed={!paused}
  51 |       onClick={() => setPaused(value => !value)}
> 52 |     >
     |     ^
  53 |       <svg width="14" height="14" viewBox="0 0 16 16" fill="none" stroke="currentColor" st...
  54 |         {paused ? <path d="m5 3 7 5-7 5Z"/> : <path d="M5 3v10M11 3v10"/>}
  55 |       </svg>

Parsing ecmascript source code failed

Import traces:
  Client Component Browser:
    ./app/components/shader-background.tsx [Client Component Browser]
    ./app/components/fact-check-dashboard.tsx [Client Component Browser]
    ./app/components/fact-check-dashboard.tsx [Server Component]
    ./app/page.tsx [Server Component]

  Client Component SSR:
    ./app/components/shader-background.tsx [Client Component SSR]
    ./app/components/fact-check-dashboard.tsx [Client Component SSR]
    ./app/components/fact-check-dashboard.tsx [Server Component]
    ./app/page.tsx [Server Component] @ http://localhost:3000/_next/static/chunks/node_modules_next_dist_1e8vcs8._.js:1052
[  613060ms] [ERROR] ./app/components/shader-background.tsx:52:5
Error: Unexpected token. Did you mean `{'>'}` or `&gt;`?
  50 |       aria-pressed={!paused}
  51 |       onClick={() => setPaused(value => !value)}
> 52 |     >
     |     ^
  53 |       <svg width="14" height="14" viewBox="0 0 16 16" fill="none" stroke="currentColor" st...
  54 |         {paused ? <path d="m5 3 7 5-7 5Z"/> : <path d="M5 3v10M11 3v10"/>}
  55 |       </svg>

Parsing ecmascript source code failed

Import traces:
  Client Component Browser:
    ./app/components/shader-background.tsx [Client Component Browser]
    ./app/components/fact-check-dashboard.tsx [Client Component Browser]
    ./app/components/fact-check-dashboard.tsx [Server Component]
    ./app/page.tsx [Server Component]

  Client Component SSR:
    ./app/components/shader-background.tsx [Client Component SSR]
    ./app/components/fact-check-dashboard.tsx [Client Component SSR]
    ./app/components/fact-check-dashboard.tsx [Server Component]
    ./app/page.tsx [Server Component] @ http://localhost:3000/_next/static/chunks/node_modules_next_dist_1e8vcs8._.js:1052
[  613124ms] [ERROR] ./app/components/shader-background.tsx:52:5
Error: Unexpected token. Did you mean `{'>'}` or `&gt;`?
  50 |       aria-pressed={!paused}
  51 |       onClick={() => setPaused(value => !value)}
> 52 |     >
     |     ^
  53 |       <svg width="14" height="14" viewBox="0 0 16 16" fill="none" stroke="currentColor" st...
  54 |         {paused ? <path d="m5 3 7 5-7 5Z"/> : <path d="M5 3v10M11 3v10"/>}
  55 |       </svg>

Parsing ecmascript source code failed

Import traces:
  Client Component Browser:
    ./app/components/shader-background.tsx [Client Component Browser]
    ./app/components/fact-check-dashboard.tsx [Client Component Browser]
    ./app/components/fact-check-dashboard.tsx [Server Component]
    ./app/page.tsx [Server Component]

  Client Component SSR:
    ./app/components/shader-background.tsx [Client Component SSR]
    ./app/components/fact-check-dashboard.tsx [Client Component SSR]
    ./app/components/fact-check-dashboard.tsx [Server Component]
    ./app/page.tsx [Server Component] @ http://localhost:3000/_next/static/chunks/node_modules_next_dist_1e8vcs8._.js:1052
[  613185ms] [ERROR] ./app/components/shader-background.tsx:52:5
Error: Unexpected token. Did you mean `{'>'}` or `&gt;`?
  50 |       aria-pressed={!paused}
  51 |       onClick={() => setPaused(value => !value)}
> 52 |     >
     |     ^
  53 |       <svg width="14" height="14" viewBox="0 0 16 16" fill="none" stroke="currentColor" st...
  54 |         {paused ? <path d="m5 3 7 5-7 5Z"/> : <path d="M5 3v10M11 3v10"/>}
  55 |       </svg>

Parsing ecmascript source code failed

Import traces:
  Client Component Browser:
    ./app/components/shader-background.tsx [Client Component Browser]
    ./app/components/fact-check-dashboard.tsx [Client Component Browser]
    ./app/components/fact-check-dashboard.tsx [Server Component]
    ./app/page.tsx [Server Component]

  Client Component SSR:
    ./app/components/shader-background.tsx [Client Component SSR]
    ./app/components/fact-check-dashboard.tsx [Client Component SSR]
    ./app/components/fact-check-dashboard.tsx [Server Component]
    ./app/page.tsx [Server Component] @ http://localhost:3000/_next/static/chunks/node_modules_next_dist_1e8vcs8._.js:1052
[  613248ms] [ERROR] ./app/components/shader-background.tsx:52:5
Error: Unexpected token. Did you mean `{'>'}` or `&gt;`?
  50 |       aria-pressed={!paused}
  51 |       onClick={() => setPaused(value => !value)}
> 52 |     >
     |     ^
  53 |       <svg width="14" height="14" viewBox="0 0 16 16" fill="none" stroke="currentColor" st...
  54 |         {paused ? <path d="m5 3 7 5-7 5Z"/> : <path d="M5 3v10M11 3v10"/>}
  55 |       </svg>

Parsing ecmascript source code failed

Import traces:
  Client Component Browser:
    ./app/components/shader-background.tsx [Client Component Browser]
    ./app/components/fact-check-dashboard.tsx [Client Component Browser]
    ./app/components/fact-check-dashboard.tsx [Server Component]
    ./app/page.tsx [Server Component]

  Client Component SSR:
    ./app/components/shader-background.tsx [Client Component SSR]
    ./app/components/fact-check-dashboard.tsx [Client Component SSR]
    ./app/components/fact-check-dashboard.tsx [Server Component]
    ./app/page.tsx [Server Component] @ http://localhost:3000/_next/static/chunks/node_modules_next_dist_1e8vcs8._.js:1052
[  613311ms] [ERROR] ./app/components/shader-background.tsx:52:5
Error: Unexpected token. Did you mean `{'>'}` or `&gt;`?
  50 |       aria-pressed={!paused}
  51 |       onClick={() => setPaused(value => !value)}
> 52 |     >
     |     ^
  53 |       <svg width="14" height="14" viewBox="0 0 16 16" fill="none" stroke="currentColor" st...
  54 |         {paused ? <path d="m5 3 7 5-7 5Z"/> : <path d="M5 3v10M11 3v10"/>}
  55 |       </svg>

Parsing ecmascript source code failed

Import traces:
  Client Component Browser:
    ./app/components/shader-background.tsx [Client Component Browser]
    ./app/components/fact-check-dashboard.tsx [Client Component Browser]
    ./app/components/fact-check-dashboard.tsx [Server Component]
    ./app/page.tsx [Server Component]

  Client Component SSR:
    ./app/components/shader-background.tsx [Client Component SSR]
    ./app/components/fact-check-dashboard.tsx [Client Component SSR]
    ./app/components/fact-check-dashboard.tsx [Server Component]
    ./app/page.tsx [Server Component] @ http://localhost:3000/_next/static/chunks/node_modules_next_dist_1e8vcs8._.js:1052
[  613373ms] [ERROR] ./app/components/shader-background.tsx:52:5
Error: Unexpected token. Did you mean `{'>'}` or `&gt;`?
  50 |       aria-pressed={!paused}
  51 |       onClick={() => setPaused(value => !value)}
> 52 |     >
     |     ^
  53 |       <svg width="14" height="14" viewBox="0 0 16 16" fill="none" stroke="currentColor" st...
  54 |         {paused ? <path d="m5 3 7 5-7 5Z"/> : <path d="M5 3v10M11 3v10"/>}
  55 |       </svg>

Parsing ecmascript source code failed

Import traces:
  Client Component Browser:
    ./app/components/shader-background.tsx [Client Component Browser]
    ./app/components/fact-check-dashboard.tsx [Client Component Browser]
    ./app/components/fact-check-dashboard.tsx [Server Component]
    ./app/page.tsx [Server Component]

  Client Component SSR:
    ./app/components/shader-background.tsx [Client Component SSR]
    ./app/components/fact-check-dashboard.tsx [Client Component SSR]
    ./app/components/fact-check-dashboard.tsx [Server Component]
    ./app/page.tsx [Server Component] @ http://localhost:3000/_next/static/chunks/node_modules_next_dist_1e8vcs8._.js:1052
[  613420ms] [ERROR] ./app/components/shader-background.tsx:52:5
Error: Unexpected token. Did you mean `{'>'}` or `&gt;`?
  50 |       aria-pressed={!paused}
  51 |       onClick={() => setPaused(value => !value)}
> 52 |     >
     |     ^
  53 |       <svg width="14" height="14" viewBox="0 0 16 16" fill="none" stroke="currentColor" st...
  54 |         {paused ? <path d="m5 3 7 5-7 5Z"/> : <path d="M5 3v10M11 3v10"/>}
  55 |       </svg>

Parsing ecmascript source code failed

Import traces:
  Client Component Browser:
    ./app/components/shader-background.tsx [Client Component Browser]
    ./app/components/fact-check-dashboard.tsx [Client Component Browser]
    ./app/components/fact-check-dashboard.tsx [Server Component]
    ./app/page.tsx [Server Component]

  Client Component SSR:
    ./app/components/shader-background.tsx [Client Component SSR]
    ./app/components/fact-check-dashboard.tsx [Client Component SSR]
    ./app/components/fact-check-dashboard.tsx [Server Component]
    ./app/page.tsx [Server Component] @ http://localhost:3000/_next/static/chunks/node_modules_next_dist_1e8vcs8._.js:1052
[  613482ms] [ERROR] ./app/components/shader-background.tsx:52:5
Error: Unexpected token. Did you mean `{'>'}` or `&gt;`?
  50 |       aria-pressed={!paused}
  51 |       onClick={() => setPaused(value => !value)}
> 52 |     >
     |     ^
  53 |       <svg width="14" height="14" viewBox="0 0 16 16" fill="none" stroke="currentColor" st...
  54 |         {paused ? <path d="m5 3 7 5-7 5Z"/> : <path d="M5 3v10M11 3v10"/>}
  55 |       </svg>

Parsing ecmascript source code failed

Import traces:
  Client Component Browser:
    ./app/components/shader-background.tsx [Client Component Browser]
    ./app/components/fact-check-dashboard.tsx [Client Component Browser]
    ./app/components/fact-check-dashboard.tsx [Server Component]
    ./app/page.tsx [Server Component]

  Client Component SSR:
    ./app/components/shader-background.tsx [Client Component SSR]
    ./app/components/fact-check-dashboard.tsx [Client Component SSR]
    ./app/components/fact-check-dashboard.tsx [Server Component]
    ./app/page.tsx [Server Component] @ http://localhost:3000/_next/static/chunks/node_modules_next_dist_1e8vcs8._.js:1052
[  613544ms] [ERROR] ./app/components/shader-background.tsx:52:5
Error: Unexpected token. Did you mean `{'>'}` or `&gt;`?
  50 |       aria-pressed={!paused}
  51 |       onClick={() => setPaused(value => !value)}
> 52 |     >
     |     ^
  53 |       <svg width="14" height="14" viewBox="0 0 16 16" fill="none" stroke="currentColor" st...
  54 |         {paused ? <path d="m5 3 7 5-7 5Z"/> : <path d="M5 3v10M11 3v10"/>}
  55 |       </svg>

Parsing ecmascript source code failed

Import traces:
  Client Component Browser:
    ./app/components/shader-background.tsx [Client Component Browser]
    ./app/components/fact-check-dashboard.tsx [Client Component Browser]
    ./app/components/fact-check-dashboard.tsx [Server Component]
    ./app/page.tsx [Server Component]

  Client Component SSR:
    ./app/components/shader-background.tsx [Client Component SSR]
    ./app/components/fact-check-dashboard.tsx [Client Component SSR]
    ./app/components/fact-check-dashboard.tsx [Server Component]
    ./app/page.tsx [Server Component] @ http://localhost:3000/_next/static/chunks/node_modules_next_dist_1e8vcs8._.js:1052
[  613606ms] [ERROR] ./app/components/shader-background.tsx:52:5
Error: Unexpected token. Did you mean `{'>'}` or `&gt;`?
  50 |       aria-pressed={!paused}
  51 |       onClick={() => setPaused(value => !value)}
> 52 |     >
     |     ^
  53 |       <svg width="14" height="14" viewBox="0 0 16 16" fill="none" stroke="currentColor" st...
  54 |         {paused ? <path d="m5 3 7 5-7 5Z"/> : <path d="M5 3v10M11 3v10"/>}
  55 |       </svg>

Parsing ecmascript source code failed

Import traces:
  Client Component Browser:
    ./app/components/shader-background.tsx [Client Component Browser]
    ./app/components/fact-check-dashboard.tsx [Client Component Browser]
    ./app/components/fact-check-dashboard.tsx [Server Component]
    ./app/page.tsx [Server Component]

  Client Component SSR:
    ./app/components/shader-background.tsx [Client Component SSR]
    ./app/components/fact-check-dashboard.tsx [Client Component SSR]
    ./app/components/fact-check-dashboard.tsx [Server Component]
    ./app/page.tsx [Server Component] @ http://localhost:3000/_next/static/chunks/node_modules_next_dist_1e8vcs8._.js:1052
[  613667ms] [ERROR] ./app/components/shader-background.tsx:52:5
Error: Unexpected token. Did you mean `{'>'}` or `&gt;`?
  50 |       aria-pressed={!paused}
  51 |       onClick={() => setPaused(value => !value)}
> 52 |     >
     |     ^
  53 |       <svg width="14" height="14" viewBox="0 0 16 16" fill="none" stroke="currentColor" st...
  54 |         {paused ? <path d="m5 3 7 5-7 5Z"/> : <path d="M5 3v10M11 3v10"/>}
  55 |       </svg>

Parsing ecmascript source code failed

Import traces:
  Client Component Browser:
    ./app/components/shader-background.tsx [Client Component Browser]
    ./app/components/fact-check-dashboard.tsx [Client Component Browser]
    ./app/components/fact-check-dashboard.tsx [Server Component]
    ./app/page.tsx [Server Component]

  Client Component SSR:
    ./app/components/shader-background.tsx [Client Component SSR]
    ./app/components/fact-check-dashboard.tsx [Client Component SSR]
    ./app/components/fact-check-dashboard.tsx [Server Component]
    ./app/page.tsx [Server Component] @ http://localhost:3000/_next/static/chunks/node_modules_next_dist_1e8vcs8._.js:1052
[  613715ms] [ERROR] ./app/components/shader-background.tsx:52:5
Error: Unexpected token. Did you mean `{'>'}` or `&gt;`?
  50 |       aria-pressed={!paused}
  51 |       onClick={() => setPaused(value => !value)}
> 52 |     >
     |     ^
  53 |       <svg width="14" height="14" viewBox="0 0 16 16" fill="none" stroke="currentColor" st...
  54 |         {paused ? <path d="m5 3 7 5-7 5Z"/> : <path d="M5 3v10M11 3v10"/>}
  55 |       </svg>

Parsing ecmascript source code failed

Import traces:
  Client Component Browser:
    ./app/components/shader-background.tsx [Client Component Browser]
    ./app/components/fact-check-dashboard.tsx [Client Component Browser]
    ./app/components/fact-check-dashboard.tsx [Server Component]
    ./app/page.tsx [Server Component]

  Client Component SSR:
    ./app/components/shader-background.tsx [Client Component SSR]
    ./app/components/fact-check-dashboard.tsx [Client Component SSR]
    ./app/components/fact-check-dashboard.tsx [Server Component]
    ./app/page.tsx [Server Component] @ http://localhost:3000/_next/static/chunks/node_modules_next_dist_1e8vcs8._.js:1052
[  613777ms] [ERROR] ./app/components/shader-background.tsx:52:5
Error: Unexpected token. Did you mean `{'>'}` or `&gt;`?
  50 |       aria-pressed={!paused}
  51 |       onClick={() => setPaused(value => !value)}
> 52 |     >
     |     ^
  53 |       <svg width="14" height="14" viewBox="0 0 16 16" fill="none" stroke="currentColor" st...
  54 |         {paused ? <path d="m5 3 7 5-7 5Z"/> : <path d="M5 3v10M11 3v10"/>}
  55 |       </svg>

Parsing ecmascript source code failed

Import traces:
  Client Component Browser:
    ./app/components/shader-background.tsx [Client Component Browser]
    ./app/components/fact-check-dashboard.tsx [Client Component Browser]
    ./app/components/fact-check-dashboard.tsx [Server Component]
    ./app/page.tsx [Server Component]

  Client Component SSR:
    ./app/components/shader-background.tsx [Client Component SSR]
    ./app/components/fact-check-dashboard.tsx [Client Component SSR]
    ./app/components/fact-check-dashboard.tsx [Server Component]
    ./app/page.tsx [Server Component] @ http://localhost:3000/_next/static/chunks/node_modules_next_dist_1e8vcs8._.js:1052
[  613836ms] [ERROR] ./app/components/shader-background.tsx:52:5
Error: Unexpected token. Did you mean `{'>'}` or `&gt;`?
  50 |       aria-pressed={!paused}
  51 |       onClick={() => setPaused(value => !value)}
> 52 |     >
     |     ^
  53 |       <svg width="14" height="14" viewBox="0 0 16 16" fill="none" stroke="currentColor" st...
  54 |         {paused ? <path d="m5 3 7 5-7 5Z"/> : <path d="M5 3v10M11 3v10"/>}
  55 |       </svg>

Parsing ecmascript source code failed

Import traces:
  Client Component Browser:
    ./app/components/shader-background.tsx [Client Component Browser]
    ./app/components/fact-check-dashboard.tsx [Client Component Browser]
    ./app/components/fact-check-dashboard.tsx [Server Component]
    ./app/page.tsx [Server Component]

  Client Component SSR:
    ./app/components/shader-background.tsx [Client Component SSR]
    ./app/components/fact-check-dashboard.tsx [Client Component SSR]
    ./app/components/fact-check-dashboard.tsx [Server Component]
    ./app/page.tsx [Server Component] @ http://localhost:3000/_next/static/chunks/node_modules_next_dist_1e8vcs8._.js:1052
[  613899ms] [ERROR] ./app/components/shader-background.tsx:52:5
Error: Unexpected token. Did you mean `{'>'}` or `&gt;`?
  50 |       aria-pressed={!paused}
  51 |       onClick={() => setPaused(value => !value)}
> 52 |     >
     |     ^
  53 |       <svg width="14" height="14" viewBox="0 0 16 16" fill="none" stroke="currentColor" st...
  54 |         {paused ? <path d="m5 3 7 5-7 5Z"/> : <path d="M5 3v10M11 3v10"/>}
  55 |       </svg>

Parsing ecmascript source code failed

Import traces:
  Client Component Browser:
    ./app/components/shader-background.tsx [Client Component Browser]
    ./app/components/fact-check-dashboard.tsx [Client Component Browser]
    ./app/components/fact-check-dashboard.tsx [Server Component]
    ./app/page.tsx [Server Component]

  Client Component SSR:
    ./app/components/shader-background.tsx [Client Component SSR]
    ./app/components/fact-check-dashboard.tsx [Client Component SSR]
    ./app/components/fact-check-dashboard.tsx [Server Component]
    ./app/page.tsx [Server Component] @ http://localhost:3000/_next/static/chunks/node_modules_next_dist_1e8vcs8._.js:1052
[  613961ms] [ERROR] ./app/components/shader-background.tsx:52:5
Error: Unexpected token. Did you mean `{'>'}` or `&gt;`?
  50 |       aria-pressed={!paused}
  51 |       onClick={() => setPaused(value => !value)}
> 52 |     >
     |     ^
  53 |       <svg width="14" height="14" viewBox="0 0 16 16" fill="none" stroke="currentColor" st...
  54 |         {paused ? <path d="m5 3 7 5-7 5Z"/> : <path d="M5 3v10M11 3v10"/>}
  55 |       </svg>

Parsing ecmascript source code failed

Import traces:
  Client Component Browser:
    ./app/components/shader-background.tsx [Client Component Browser]
    ./app/components/fact-check-dashboard.tsx [Client Component Browser]
    ./app/components/fact-check-dashboard.tsx [Server Component]
    ./app/page.tsx [Server Component]

  Client Component SSR:
    ./app/components/shader-background.tsx [Client Component SSR]
    ./app/components/fact-check-dashboard.tsx [Client Component SSR]
    ./app/components/fact-check-dashboard.tsx [Server Component]
    ./app/page.tsx [Server Component] @ http://localhost:3000/_next/static/chunks/node_modules_next_dist_1e8vcs8._.js:1052
[  614023ms] [ERROR] ./app/components/shader-background.tsx:52:5
Error: Unexpected token. Did you mean `{'>'}` or `&gt;`?
  50 |       aria-pressed={!paused}
  51 |       onClick={() => setPaused(value => !value)}
> 52 |     >
     |     ^
  53 |       <svg width="14" height="14" viewBox="0 0 16 16" fill="none" stroke="currentColor" st...
  54 |         {paused ? <path d="m5 3 7 5-7 5Z"/> : <path d="M5 3v10M11 3v10"/>}
  55 |       </svg>

Parsing ecmascript source code failed

Import traces:
  Client Component Browser:
    ./app/components/shader-background.tsx [Client Component Browser]
    ./app/components/fact-check-dashboard.tsx [Client Component Browser]
    ./app/components/fact-check-dashboard.tsx [Server Component]
    ./app/page.tsx [Server Component]

  Client Component SSR:
    ./app/components/shader-background.tsx [Client Component SSR]
    ./app/components/fact-check-dashboard.tsx [Client Component SSR]
    ./app/components/fact-check-dashboard.tsx [Server Component]
    ./app/page.tsx [Server Component] @ http://localhost:3000/_next/static/chunks/node_modules_next_dist_1e8vcs8._.js:1052
[  614085ms] [ERROR] ./app/components/shader-background.tsx:52:5
Error: Unexpected token. Did you mean `{'>'}` or `&gt;`?
  50 |       aria-pressed={!paused}
  51 |       onClick={() => setPaused(value => !value)}
> 52 |     >
     |     ^
  53 |       <svg width="14" height="14" viewBox="0 0 16 16" fill="none" stroke="currentColor" st...
  54 |         {paused ? <path d="m5 3 7 5-7 5Z"/> : <path d="M5 3v10M11 3v10"/>}
  55 |       </svg>

Parsing ecmascript source code failed

Import traces:
  Client Component Browser:
    ./app/components/shader-background.tsx [Client Component Browser]
    ./app/components/fact-check-dashboard.tsx [Client Component Browser]
    ./app/components/fact-check-dashboard.tsx [Server Component]
    ./app/page.tsx [Server Component]

  Client Component SSR:
    ./app/components/shader-background.tsx [Client Component SSR]
    ./app/components/fact-check-dashboard.tsx [Client Component SSR]
    ./app/components/fact-check-dashboard.tsx [Server Component]
    ./app/page.tsx [Server Component] @ http://localhost:3000/_next/static/chunks/node_modules_next_dist_1e8vcs8._.js:1052
[  614147ms] [ERROR] ./app/components/shader-background.tsx:52:5
Error: Unexpected token. Did you mean `{'>'}` or `&gt;`?
  50 |       aria-pressed={!paused}
  51 |       onClick={() => setPaused(value => !value)}
> 52 |     >
     |     ^
  53 |       <svg width="14" height="14" viewBox="0 0 16 16" fill="none" stroke="currentColor" st...
  54 |         {paused ? <path d="m5 3 7 5-7 5Z"/> : <path d="M5 3v10M11 3v10"/>}
  55 |       </svg>

Parsing ecmascript source code failed

Import traces:
  Client Component Browser:
    ./app/components/shader-background.tsx [Client Component Browser]
    ./app/components/fact-check-dashboard.tsx [Client Component Browser]
    ./app/components/fact-check-dashboard.tsx [Server Component]
    ./app/page.tsx [Server Component]

  Client Component SSR:
    ./app/components/shader-background.tsx [Client Component SSR]
    ./app/components/fact-check-dashboard.tsx [Client Component SSR]
    ./app/components/fact-check-dashboard.tsx [Server Component]
    ./app/page.tsx [Server Component] @ http://localhost:3000/_next/static/chunks/node_modules_next_dist_1e8vcs8._.js:1052
[  614208ms] [ERROR] ./app/components/shader-background.tsx:52:5
Error: Unexpected token. Did you mean `{'>'}` or `&gt;`?
  50 |       aria-pressed={!paused}
  51 |       onClick={() => setPaused(value => !value)}
> 52 |     >
     |     ^
  53 |       <svg width="14" height="14" viewBox="0 0 16 16" fill="none" stroke="currentColor" st...
  54 |         {paused ? <path d="m5 3 7 5-7 5Z"/> : <path d="M5 3v10M11 3v10"/>}
  55 |       </svg>

Parsing ecmascript source code failed

Import traces:
  Client Component Browser:
    ./app/components/shader-background.tsx [Client Component Browser]
    ./app/components/fact-check-dashboard.tsx [Client Component Browser]
    ./app/components/fact-check-dashboard.tsx [Server Component]
    ./app/page.tsx [Server Component]

  Client Component SSR:
    ./app/components/shader-background.tsx [Client Component SSR]
    ./app/components/fact-check-dashboard.tsx [Client Component SSR]
    ./app/components/fact-check-dashboard.tsx [Server Component]
    ./app/page.tsx [Server Component] @ http://localhost:3000/_next/static/chunks/node_modules_next_dist_1e8vcs8._.js:1052
[  614255ms] [ERROR] ./app/components/shader-background.tsx:52:5
Error: Unexpected token. Did you mean `{'>'}` or `&gt;`?
  50 |       aria-pressed={!paused}
  51 |       onClick={() => setPaused(value => !value)}
> 52 |     >
     |     ^
  53 |       <svg width="14" height="14" viewBox="0 0 16 16" fill="none" stroke="currentColor" st...
  54 |         {paused ? <path d="m5 3 7 5-7 5Z"/> : <path d="M5 3v10M11 3v10"/>}
  55 |       </svg>

Parsing ecmascript source code failed

Import traces:
  Client Component Browser:
    ./app/components/shader-background.tsx [Client Component Browser]
    ./app/components/fact-check-dashboard.tsx [Client Component Browser]
    ./app/components/fact-check-dashboard.tsx [Server Component]
    ./app/page.tsx [Server Component]

  Client Component SSR:
    ./app/components/shader-background.tsx [Client Component SSR]
    ./app/components/fact-check-dashboard.tsx [Client Component SSR]
    ./app/components/fact-check-dashboard.tsx [Server Component]
    ./app/page.tsx [Server Component] @ http://localhost:3000/_next/static/chunks/node_modules_next_dist_1e8vcs8._.js:1052
[  614318ms] [ERROR] ./app/components/shader-background.tsx:52:5
Error: Unexpected token. Did you mean `{'>'}` or `&gt;`?
  50 |       aria-pressed={!paused}
  51 |       onClick={() => setPaused(value => !value)}
> 52 |     >
     |     ^
  53 |       <svg width="14" height="14" viewBox="0 0 16 16" fill="none" stroke="currentColor" st...
  54 |         {paused ? <path d="m5 3 7 5-7 5Z"/> : <path d="M5 3v10M11 3v10"/>}
  55 |       </svg>

Parsing ecmascript source code failed

Import traces:
  Client Component Browser:
    ./app/components/shader-background.tsx [Client Component Browser]
    ./app/components/fact-check-dashboard.tsx [Client Component Browser]
    ./app/components/fact-check-dashboard.tsx [Server Component]
    ./app/page.tsx [Server Component]

  Client Component SSR:
    ./app/components/shader-background.tsx [Client Component SSR]
    ./app/components/fact-check-dashboard.tsx [Client Component SSR]
    ./app/components/fact-check-dashboard.tsx [Server Component]
    ./app/page.tsx [Server Component] @ http://localhost:3000/_next/static/chunks/node_modules_next_dist_1e8vcs8._.js:1052
[  614381ms] [ERROR] ./app/components/shader-background.tsx:52:5
Error: Unexpected token. Did you mean `{'>'}` or `&gt;`?
  50 |       aria-pressed={!paused}
  51 |       onClick={() => setPaused(value => !value)}
> 52 |     >
     |     ^
  53 |       <svg width="14" height="14" viewBox="0 0 16 16" fill="none" stroke="currentColor" st...
  54 |         {paused ? <path d="m5 3 7 5-7 5Z"/> : <path d="M5 3v10M11 3v10"/>}
  55 |       </svg>

Parsing ecmascript source code failed

Import traces:
  Client Component Browser:
    ./app/components/shader-background.tsx [Client Component Browser]
    ./app/components/fact-check-dashboard.tsx [Client Component Browser]
    ./app/components/fact-check-dashboard.tsx [Server Component]
    ./app/page.tsx [Server Component]

  Client Component SSR:
    ./app/components/shader-background.tsx [Client Component SSR]
    ./app/components/fact-check-dashboard.tsx [Client Component SSR]
    ./app/components/fact-check-dashboard.tsx [Server Component]
    ./app/page.tsx [Server Component] @ http://localhost:3000/_next/static/chunks/node_modules_next_dist_1e8vcs8._.js:1052
[  614445ms] [ERROR] ./app/components/shader-background.tsx:52:5
Error: Unexpected token. Did you mean `{'>'}` or `&gt;`?
  50 |       aria-pressed={!paused}
  51 |       onClick={() => setPaused(value => !value)}
> 52 |     >
     |     ^
  53 |       <svg width="14" height="14" viewBox="0 0 16 16" fill="none" stroke="currentColor" st...
  54 |         {paused ? <path d="m5 3 7 5-7 5Z"/> : <path d="M5 3v10M11 3v10"/>}
  55 |       </svg>

Parsing ecmascript source code failed

Import traces:
  Client Component Browser:
    ./app/components/shader-background.tsx [Client Component Browser]
    ./app/components/fact-check-dashboard.tsx [Client Component Browser]
    ./app/components/fact-check-dashboard.tsx [Server Component]
    ./app/page.tsx [Server Component]

  Client Component SSR:
    ./app/components/shader-background.tsx [Client Component SSR]
    ./app/components/fact-check-dashboard.tsx [Client Component SSR]
    ./app/components/fact-check-dashboard.tsx [Server Component]
    ./app/page.tsx [Server Component] @ http://localhost:3000/_next/static/chunks/node_modules_next_dist_1e8vcs8._.js:1052
[  614507ms] [ERROR] ./app/components/shader-background.tsx:52:5
Error: Unexpected token. Did you mean `{'>'}` or `&gt;`?
  50 |       aria-pressed={!paused}
  51 |       onClick={() => setPaused(value => !value)}
> 52 |     >
     |     ^
  53 |       <svg width="14" height="14" viewBox="0 0 16 16" fill="none" stroke="currentColor" st...
  54 |         {paused ? <path d="m5 3 7 5-7 5Z"/> : <path d="M5 3v10M11 3v10"/>}
  55 |       </svg>

Parsing ecmascript source code failed

Import traces:
  Client Component Browser:
    ./app/components/shader-background.tsx [Client Component Browser]
    ./app/components/fact-check-dashboard.tsx [Client Component Browser]
    ./app/components/fact-check-dashboard.tsx [Server Component]
    ./app/page.tsx [Server Component]

  Client Component SSR:
    ./app/components/shader-background.tsx [Client Component SSR]
    ./app/components/fact-check-dashboard.tsx [Client Component SSR]
    ./app/components/fact-check-dashboard.tsx [Server Component]
    ./app/page.tsx [Server Component] @ http://localhost:3000/_next/static/chunks/node_modules_next_dist_1e8vcs8._.js:1052
[  614569ms] [ERROR] ./app/components/shader-background.tsx:52:5
Error: Unexpected token. Did you mean `{'>'}` or `&gt;`?
  50 |       aria-pressed={!paused}
  51 |       onClick={() => setPaused(value => !value)}
> 52 |     >
     |     ^
  53 |       <svg width="14" height="14" viewBox="0 0 16 16" fill="none" stroke="currentColor" st...
  54 |         {paused ? <path d="m5 3 7 5-7 5Z"/> : <path d="M5 3v10M11 3v10"/>}
  55 |       </svg>

Parsing ecmascript source code failed

Import traces:
  Client Component Browser:
    ./app/components/shader-background.tsx [Client Component Browser]
    ./app/components/fact-check-dashboard.tsx [Client Component Browser]
    ./app/components/fact-check-dashboard.tsx [Server Component]
    ./app/page.tsx [Server Component]

  Client Component SSR:
    ./app/components/shader-background.tsx [Client Component SSR]
    ./app/components/fact-check-dashboard.tsx [Client Component SSR]
    ./app/components/fact-check-dashboard.tsx [Server Component]
    ./app/page.tsx [Server Component] @ http://localhost:3000/_next/static/chunks/node_modules_next_dist_1e8vcs8._.js:1052
[  614629ms] [ERROR] ./app/components/shader-background.tsx:52:5
Error: Unexpected token. Did you mean `{'>'}` or `&gt;`?
  50 |       aria-pressed={!paused}
  51 |       onClick={() => setPaused(value => !value)}
> 52 |     >
     |     ^
  53 |       <svg width="14" height="14" viewBox="0 0 16 16" fill="none" stroke="currentColor" st...
  54 |         {paused ? <path d="m5 3 7 5-7 5Z"/> : <path d="M5 3v10M11 3v10"/>}
  55 |       </svg>

Parsing ecmascript source code failed

Import traces:
  Client Component Browser:
    ./app/components/shader-background.tsx [Client Component Browser]
    ./app/components/fact-check-dashboard.tsx [Client Component Browser]
    ./app/components/fact-check-dashboard.tsx [Server Component]
    ./app/page.tsx [Server Component]

  Client Component SSR:
    ./app/components/shader-background.tsx [Client Component SSR]
    ./app/components/fact-check-dashboard.tsx [Client Component SSR]
    ./app/components/fact-check-dashboard.tsx [Server Component]
    ./app/page.tsx [Server Component] @ http://localhost:3000/_next/static/chunks/node_modules_next_dist_1e8vcs8._.js:1052
[  614692ms] [ERROR] ./app/components/shader-background.tsx:52:5
Error: Unexpected token. Did you mean `{'>'}` or `&gt;`?
  50 |       aria-pressed={!paused}
  51 |       onClick={() => setPaused(value => !value)}
> 52 |     >
     |     ^
  53 |       <svg width="14" height="14" viewBox="0 0 16 16" fill="none" stroke="currentColor" st...
  54 |         {paused ? <path d="m5 3 7 5-7 5Z"/> : <path d="M5 3v10M11 3v10"/>}
  55 |       </svg>

Parsing ecmascript source code failed

Import traces:
  Client Component Browser:
    ./app/components/shader-background.tsx [Client Component Browser]
    ./app/components/fact-check-dashboard.tsx [Client Component Browser]
    ./app/components/fact-check-dashboard.tsx [Server Component]
    ./app/page.tsx [Server Component]

  Client Component SSR:
    ./app/components/shader-background.tsx [Client Component SSR]
    ./app/components/fact-check-dashboard.tsx [Client Component SSR]
    ./app/components/fact-check-dashboard.tsx [Server Component]
    ./app/page.tsx [Server Component] @ http://localhost:3000/_next/static/chunks/node_modules_next_dist_1e8vcs8._.js:1052
[  614754ms] [ERROR] ./app/components/shader-background.tsx:52:5
Error: Unexpected token. Did you mean `{'>'}` or `&gt;`?
  50 |       aria-pressed={!paused}
  51 |       onClick={() => setPaused(value => !value)}
> 52 |     >
     |     ^
  53 |       <svg width="14" height="14" viewBox="0 0 16 16" fill="none" stroke="currentColor" st...
  54 |         {paused ? <path d="m5 3 7 5-7 5Z"/> : <path d="M5 3v10M11 3v10"/>}
  55 |       </svg>

Parsing ecmascript source code failed

Import traces:
  Client Component Browser:
    ./app/components/shader-background.tsx [Client Component Browser]
    ./app/components/fact-check-dashboard.tsx [Client Component Browser]
    ./app/components/fact-check-dashboard.tsx [Server Component]
    ./app/page.tsx [Server Component]

  Client Component SSR:
    ./app/components/shader-background.tsx [Client Component SSR]
    ./app/components/fact-check-dashboard.tsx [Client Component SSR]
    ./app/components/fact-check-dashboard.tsx [Server Component]
    ./app/page.tsx [Server Component] @ http://localhost:3000/_next/static/chunks/node_modules_next_dist_1e8vcs8._.js:1052
[  614817ms] [ERROR] ./app/components/shader-background.tsx:52:5
Error: Unexpected token. Did you mean `{'>'}` or `&gt;`?
  50 |       aria-pressed={!paused}
  51 |       onClick={() => setPaused(value => !value)}
> 52 |     >
     |     ^
  53 |       <svg width="14" height="14" viewBox="0 0 16 16" fill="none" stroke="currentColor" st...
  54 |         {paused ? <path d="m5 3 7 5-7 5Z"/> : <path d="M5 3v10M11 3v10"/>}
  55 |       </svg>

Parsing ecmascript source code failed

Import traces:
  Client Component Browser:
    ./app/components/shader-background.tsx [Client Component Browser]
    ./app/components/fact-check-dashboard.tsx [Client Component Browser]
    ./app/components/fact-check-dashboard.tsx [Server Component]
    ./app/page.tsx [Server Component]

  Client Component SSR:
    ./app/components/shader-background.tsx [Client Component SSR]
    ./app/components/fact-check-dashboard.tsx [Client Component SSR]
    ./app/components/fact-check-dashboard.tsx [Server Component]
    ./app/page.tsx [Server Component] @ http://localhost:3000/_next/static/chunks/node_modules_next_dist_1e8vcs8._.js:1052
[  614879ms] [ERROR] ./app/components/shader-background.tsx:52:5
Error: Unexpected token. Did you mean `{'>'}` or `&gt;`?
  50 |       aria-pressed={!paused}
  51 |       onClick={() => setPaused(value => !value)}
> 52 |     >
     |     ^
  53 |       <svg width="14" height="14" viewBox="0 0 16 16" fill="none" stroke="currentColor" st...
  54 |         {paused ? <path d="m5 3 7 5-7 5Z"/> : <path d="M5 3v10M11 3v10"/>}
  55 |       </svg>

Parsing ecmascript source code failed

Import traces:
  Client Component Browser:
    ./app/components/shader-background.tsx [Client Component Browser]
    ./app/components/fact-check-dashboard.tsx [Client Component Browser]
    ./app/components/fact-check-dashboard.tsx [Server Component]
    ./app/page.tsx [Server Component]

  Client Component SSR:
    ./app/components/shader-background.tsx [Client Component SSR]
    ./app/components/fact-check-dashboard.tsx [Client Component SSR]
    ./app/components/fact-check-dashboard.tsx [Server Component]
    ./app/page.tsx [Server Component] @ http://localhost:3000/_next/static/chunks/node_modules_next_dist_1e8vcs8._.js:1052
[  614941ms] [ERROR] ./app/components/shader-background.tsx:52:5
Error: Unexpected token. Did you mean `{'>'}` or `&gt;`?
  50 |       aria-pressed={!paused}
  51 |       onClick={() => setPaused(value => !value)}
> 52 |     >
     |     ^
  53 |       <svg width="14" height="14" viewBox="0 0 16 16" fill="none" stroke="currentColor" st...
  54 |         {paused ? <path d="m5 3 7 5-7 5Z"/> : <path d="M5 3v10M11 3v10"/>}
  55 |       </svg>

Parsing ecmascript source code failed

Import traces:
  Client Component Browser:
    ./app/components/shader-background.tsx [Client Component Browser]
    ./app/components/fact-check-dashboard.tsx [Client Component Browser]
    ./app/components/fact-check-dashboard.tsx [Server Component]
    ./app/page.tsx [Server Component]

  Client Component SSR:
    ./app/components/shader-background.tsx [Client Component SSR]
    ./app/components/fact-check-dashboard.tsx [Client Component SSR]
    ./app/components/fact-check-dashboard.tsx [Server Component]
    ./app/page.tsx [Server Component] @ http://localhost:3000/_next/static/chunks/node_modules_next_dist_1e8vcs8._.js:1052
[  615003ms] [ERROR] ./app/components/shader-background.tsx:52:5
Error: Unexpected token. Did you mean `{'>'}` or `&gt;`?
  50 |       aria-pressed={!paused}
  51 |       onClick={() => setPaused(value => !value)}
> 52 |     >
     |     ^
  53 |       <svg width="14" height="14" viewBox="0 0 16 16" fill="none" stroke="currentColor" st...
  54 |         {paused ? <path d="m5 3 7 5-7 5Z"/> : <path d="M5 3v10M11 3v10"/>}
  55 |       </svg>

Parsing ecmascript source code failed

Import traces:
  Client Component Browser:
    ./app/components/shader-background.tsx [Client Component Browser]
    ./app/components/fact-check-dashboard.tsx [Client Component Browser]
    ./app/components/fact-check-dashboard.tsx [Server Component]
    ./app/page.tsx [Server Component]

  Client Component SSR:
    ./app/components/shader-background.tsx [Client Component SSR]
    ./app/components/fact-check-dashboard.tsx [Client Component SSR]
    ./app/components/fact-check-dashboard.tsx [Server Component]
    ./app/page.tsx [Server Component] @ http://localhost:3000/_next/static/chunks/node_modules_next_dist_1e8vcs8._.js:1052
[  615066ms] [ERROR] ./app/components/shader-background.tsx:52:5
Error: Unexpected token. Did you mean `{'>'}` or `&gt;`?
  50 |       aria-pressed={!paused}
  51 |       onClick={() => setPaused(value => !value)}
> 52 |     >
     |     ^
  53 |       <svg width="14" height="14" viewBox="0 0 16 16" fill="none" stroke="currentColor" st...
  54 |         {paused ? <path d="m5 3 7 5-7 5Z"/> : <path d="M5 3v10M11 3v10"/>}
  55 |       </svg>

Parsing ecmascript source code failed

Import traces:
  Client Component Browser:
    ./app/components/shader-background.tsx [Client Component Browser]
    ./app/components/fact-check-dashboard.tsx [Client Component Browser]
    ./app/components/fact-check-dashboard.tsx [Server Component]
    ./app/page.tsx [Server Component]

  Client Component SSR:
    ./app/components/shader-background.tsx [Client Component SSR]
    ./app/components/fact-check-dashboard.tsx [Client Component SSR]
    ./app/components/fact-check-dashboard.tsx [Server Component]
    ./app/page.tsx [Server Component] @ http://localhost:3000/_next/static/chunks/node_modules_next_dist_1e8vcs8._.js:1052
[  615128ms] [ERROR] ./app/components/shader-background.tsx:52:5
Error: Unexpected token. Did you mean `{'>'}` or `&gt;`?
  50 |       aria-pressed={!paused}
  51 |       onClick={() => setPaused(value => !value)}
> 52 |     >
     |     ^
  53 |       <svg width="14" height="14" viewBox="0 0 16 16" fill="none" stroke="currentColor" st...
  54 |         {paused ? <path d="m5 3 7 5-7 5Z"/> : <path d="M5 3v10M11 3v10"/>}
  55 |       </svg>

Parsing ecmascript source code failed

Import traces:
  Client Component Browser:
    ./app/components/shader-background.tsx [Client Component Browser]
    ./app/components/fact-check-dashboard.tsx [Client Component Browser]
    ./app/components/fact-check-dashboard.tsx [Server Component]
    ./app/page.tsx [Server Component]

  Client Component SSR:
    ./app/components/shader-background.tsx [Client Component SSR]
    ./app/components/fact-check-dashboard.tsx [Client Component SSR]
    ./app/components/fact-check-dashboard.tsx [Server Component]
    ./app/page.tsx [Server Component] @ http://localhost:3000/_next/static/chunks/node_modules_next_dist_1e8vcs8._.js:1052
[  615189ms] [ERROR] ./app/components/shader-background.tsx:52:5
Error: Unexpected token. Did you mean `{'>'}` or `&gt;`?
  50 |       aria-pressed={!paused}
  51 |       onClick={() => setPaused(value => !value)}
> 52 |     >
     |     ^
  53 |       <svg width="14" height="14" viewBox="0 0 16 16" fill="none" stroke="currentColor" st...
  54 |         {paused ? <path d="m5 3 7 5-7 5Z"/> : <path d="M5 3v10M11 3v10"/>}
  55 |       </svg>

Parsing ecmascript source code failed

Import traces:
  Client Component Browser:
    ./app/components/shader-background.tsx [Client Component Browser]
    ./app/components/fact-check-dashboard.tsx [Client Component Browser]
    ./app/components/fact-check-dashboard.tsx [Server Component]
    ./app/page.tsx [Server Component]

  Client Component SSR:
    ./app/components/shader-background.tsx [Client Component SSR]
    ./app/components/fact-check-dashboard.tsx [Client Component SSR]
    ./app/components/fact-check-dashboard.tsx [Server Component]
    ./app/page.tsx [Server Component] @ http://localhost:3000/_next/static/chunks/node_modules_next_dist_1e8vcs8._.js:1052
[  615250ms] [ERROR] ./app/components/shader-background.tsx:52:5
Error: Unexpected token. Did you mean `{'>'}` or `&gt;`?
  50 |       aria-pressed={!paused}
  51 |       onClick={() => setPaused(value => !value)}
> 52 |     >
     |     ^
  53 |       <svg width="14" height="14" viewBox="0 0 16 16" fill="none" stroke="currentColor" st...
  54 |         {paused ? <path d="m5 3 7 5-7 5Z"/> : <path d="M5 3v10M11 3v10"/>}
  55 |       </svg>

Parsing ecmascript source code failed

Import traces:
  Client Component Browser:
    ./app/components/shader-background.tsx [Client Component Browser]
    ./app/components/fact-check-dashboard.tsx [Client Component Browser]
    ./app/components/fact-check-dashboard.tsx [Server Component]
    ./app/page.tsx [Server Component]

  Client Component SSR:
    ./app/components/shader-background.tsx [Client Component SSR]
    ./app/components/fact-check-dashboard.tsx [Client Component SSR]
    ./app/components/fact-check-dashboard.tsx [Server Component]
    ./app/page.tsx [Server Component] @ http://localhost:3000/_next/static/chunks/node_modules_next_dist_1e8vcs8._.js:1052
[  615298ms] [ERROR] ./app/components/shader-background.tsx:52:5
Error: Unexpected token. Did you mean `{'>'}` or `&gt;`?
  50 |       aria-pressed={!paused}
  51 |       onClick={() => setPaused(value => !value)}
> 52 |     >
     |     ^
  53 |       <svg width="14" height="14" viewBox="0 0 16 16" fill="none" stroke="currentColor" st...
  54 |         {paused ? <path d="m5 3 7 5-7 5Z"/> : <path d="M5 3v10M11 3v10"/>}
  55 |       </svg>

Parsing ecmascript source code failed

Import traces:
  Client Component Browser:
    ./app/components/shader-background.tsx [Client Component Browser]
    ./app/components/fact-check-dashboard.tsx [Client Component Browser]
    ./app/components/fact-check-dashboard.tsx [Server Component]
    ./app/page.tsx [Server Component]

  Client Component SSR:
    ./app/components/shader-background.tsx [Client Component SSR]
    ./app/components/fact-check-dashboard.tsx [Client Component SSR]
    ./app/components/fact-check-dashboard.tsx [Server Component]
    ./app/page.tsx [Server Component] @ http://localhost:3000/_next/static/chunks/node_modules_next_dist_1e8vcs8._.js:1052
[  615360ms] [ERROR] ./app/components/shader-background.tsx:52:5
Error: Unexpected token. Did you mean `{'>'}` or `&gt;`?
  50 |       aria-pressed={!paused}
  51 |       onClick={() => setPaused(value => !value)}
> 52 |     >
     |     ^
  53 |       <svg width="14" height="14" viewBox="0 0 16 16" fill="none" stroke="currentColor" st...
  54 |         {paused ? <path d="m5 3 7 5-7 5Z"/> : <path d="M5 3v10M11 3v10"/>}
  55 |       </svg>

Parsing ecmascript source code failed

Import traces:
  Client Component Browser:
    ./app/components/shader-background.tsx [Client Component Browser]
    ./app/components/fact-check-dashboard.tsx [Client Component Browser]
    ./app/components/fact-check-dashboard.tsx [Server Component]
    ./app/page.tsx [Server Component]

  Client Component SSR:
    ./app/components/shader-background.tsx [Client Component SSR]
    ./app/components/fact-check-dashboard.tsx [Client Component SSR]
    ./app/components/fact-check-dashboard.tsx [Server Component]
    ./app/page.tsx [Server Component] @ http://localhost:3000/_next/static/chunks/node_modules_next_dist_1e8vcs8._.js:1052
[  615408ms] [ERROR] ./app/components/shader-background.tsx:52:5
Error: Unexpected token. Did you mean `{'>'}` or `&gt;`?
  50 |       aria-pressed={!paused}
  51 |       onClick={() => setPaused(value => !value)}
> 52 |     >
     |     ^
  53 |       <svg width="14" height="14" viewBox="0 0 16 16" fill="none" stroke="currentColor" st...
  54 |         {paused ? <path d="m5 3 7 5-7 5Z"/> : <path d="M5 3v10M11 3v10"/>}
  55 |       </svg>

Parsing ecmascript source code failed

Import traces:
  Client Component Browser:
    ./app/components/shader-background.tsx [Client Component Browser]
    ./app/components/fact-check-dashboard.tsx [Client Component Browser]
    ./app/components/fact-check-dashboard.tsx [Server Component]
    ./app/page.tsx [Server Component]

  Client Component SSR:
    ./app/components/shader-background.tsx [Client Component SSR]
    ./app/components/fact-check-dashboard.tsx [Client Component SSR]
    ./app/components/fact-check-dashboard.tsx [Server Component]
    ./app/page.tsx [Server Component] @ http://localhost:3000/_next/static/chunks/node_modules_next_dist_1e8vcs8._.js:1052
[  615469ms] [ERROR] ./app/components/shader-background.tsx:52:5
Error: Unexpected token. Did you mean `{'>'}` or `&gt;`?
  50 |       aria-pressed={!paused}
  51 |       onClick={() => setPaused(value => !value)}
> 52 |     >
     |     ^
  53 |       <svg width="14" height="14" viewBox="0 0 16 16" fill="none" stroke="currentColor" st...
  54 |         {paused ? <path d="m5 3 7 5-7 5Z"/> : <path d="M5 3v10M11 3v10"/>}
  55 |       </svg>

Parsing ecmascript source code failed

Import traces:
  Client Component Browser:
    ./app/components/shader-background.tsx [Client Component Browser]
    ./app/components/fact-check-dashboard.tsx [Client Component Browser]
    ./app/components/fact-check-dashboard.tsx [Server Component]
    ./app/page.tsx [Server Component]

  Client Component SSR:
    ./app/components/shader-background.tsx [Client Component SSR]
    ./app/components/fact-check-dashboard.tsx [Client Component SSR]
    ./app/components/fact-check-dashboard.tsx [Server Component]
    ./app/page.tsx [Server Component] @ http://localhost:3000/_next/static/chunks/node_modules_next_dist_1e8vcs8._.js:1052
[  615530ms] [ERROR] ./app/components/shader-background.tsx:52:5
Error: Unexpected token. Did you mean `{'>'}` or `&gt;`?
  50 |       aria-pressed={!paused}
  51 |       onClick={() => setPaused(value => !value)}
> 52 |     >
     |     ^
  53 |       <svg width="14" height="14" viewBox="0 0 16 16" fill="none" stroke="currentColor" st...
  54 |         {paused ? <path d="m5 3 7 5-7 5Z"/> : <path d="M5 3v10M11 3v10"/>}
  55 |       </svg>

Parsing ecmascript source code failed

Import traces:
  Client Component Browser:
    ./app/components/shader-background.tsx [Client Component Browser]
    ./app/components/fact-check-dashboard.tsx [Client Component Browser]
    ./app/components/fact-check-dashboard.tsx [Server Component]
    ./app/page.tsx [Server Component]

  Client Component SSR:
    ./app/components/shader-background.tsx [Client Component SSR]
    ./app/components/fact-check-dashboard.tsx [Client Component SSR]
    ./app/components/fact-check-dashboard.tsx [Server Component]
    ./app/page.tsx [Server Component] @ http://localhost:3000/_next/static/chunks/node_modules_next_dist_1e8vcs8._.js:1052
[  615591ms] [ERROR] ./app/components/shader-background.tsx:52:5
Error: Unexpected token. Did you mean `{'>'}` or `&gt;`?
  50 |       aria-pressed={!paused}
  51 |       onClick={() => setPaused(value => !value)}
> 52 |     >
     |     ^
  53 |       <svg width="14" height="14" viewBox="0 0 16 16" fill="none" stroke="currentColor" st...
  54 |         {paused ? <path d="m5 3 7 5-7 5Z"/> : <path d="M5 3v10M11 3v10"/>}
  55 |       </svg>

Parsing ecmascript source code failed

Import traces:
  Client Component Browser:
    ./app/components/shader-background.tsx [Client Component Browser]
    ./app/components/fact-check-dashboard.tsx [Client Component Browser]
    ./app/components/fact-check-dashboard.tsx [Server Component]
    ./app/page.tsx [Server Component]

  Client Component SSR:
    ./app/components/shader-background.tsx [Client Component SSR]
    ./app/components/fact-check-dashboard.tsx [Client Component SSR]
    ./app/components/fact-check-dashboard.tsx [Server Component]
    ./app/page.tsx [Server Component] @ http://localhost:3000/_next/static/chunks/node_modules_next_dist_1e8vcs8._.js:1052
[  615652ms] [ERROR] ./app/components/shader-background.tsx:52:5
Error: Unexpected token. Did you mean `{'>'}` or `&gt;`?
  50 |       aria-pressed={!paused}
  51 |       onClick={() => setPaused(value => !value)}
> 52 |     >
     |     ^
  53 |       <svg width="14" height="14" viewBox="0 0 16 16" fill="none" stroke="currentColor" st...
  54 |         {paused ? <path d="m5 3 7 5-7 5Z"/> : <path d="M5 3v10M11 3v10"/>}
  55 |       </svg>

Parsing ecmascript source code failed

Import traces:
  Client Component Browser:
    ./app/components/shader-background.tsx [Client Component Browser]
    ./app/components/fact-check-dashboard.tsx [Client Component Browser]
    ./app/components/fact-check-dashboard.tsx [Server Component]
    ./app/page.tsx [Server Component]

  Client Component SSR:
    ./app/components/shader-background.tsx [Client Component SSR]
    ./app/components/fact-check-dashboard.tsx [Client Component SSR]
    ./app/components/fact-check-dashboard.tsx [Server Component]
    ./app/page.tsx [Server Component] @ http://localhost:3000/_next/static/chunks/node_modules_next_dist_1e8vcs8._.js:1052
[  615715ms] [ERROR] ./app/components/shader-background.tsx:52:5
Error: Unexpected token. Did you mean `{'>'}` or `&gt;`?
  50 |       aria-pressed={!paused}
  51 |       onClick={() => setPaused(value => !value)}
> 52 |     >
     |     ^
  53 |       <svg width="14" height="14" viewBox="0 0 16 16" fill="none" stroke="currentColor" st...
  54 |         {paused ? <path d="m5 3 7 5-7 5Z"/> : <path d="M5 3v10M11 3v10"/>}
  55 |       </svg>

Parsing ecmascript source code failed

Import traces:
  Client Component Browser:
    ./app/components/shader-background.tsx [Client Component Browser]
    ./app/components/fact-check-dashboard.tsx [Client Component Browser]
    ./app/components/fact-check-dashboard.tsx [Server Component]
    ./app/page.tsx [Server Component]

  Client Component SSR:
    ./app/components/shader-background.tsx [Client Component SSR]
    ./app/components/fact-check-dashboard.tsx [Client Component SSR]
    ./app/components/fact-check-dashboard.tsx [Server Component]
    ./app/page.tsx [Server Component] @ http://localhost:3000/_next/static/chunks/node_modules_next_dist_1e8vcs8._.js:1052
[  615777ms] [ERROR] ./app/components/shader-background.tsx:52:5
Error: Unexpected token. Did you mean `{'>'}` or `&gt;`?
  50 |       aria-pressed={!paused}
  51 |       onClick={() => setPaused(value => !value)}
> 52 |     >
     |     ^
  53 |       <svg width="14" height="14" viewBox="0 0 16 16" fill="none" stroke="currentColor" st...
  54 |         {paused ? <path d="m5 3 7 5-7 5Z"/> : <path d="M5 3v10M11 3v10"/>}
  55 |       </svg>

Parsing ecmascript source code failed

Import traces:
  Client Component Browser:
    ./app/components/shader-background.tsx [Client Component Browser]
    ./app/components/fact-check-dashboard.tsx [Client Component Browser]
    ./app/components/fact-check-dashboard.tsx [Server Component]
    ./app/page.tsx [Server Component]

  Client Component SSR:
    ./app/components/shader-background.tsx [Client Component SSR]
    ./app/components/fact-check-dashboard.tsx [Client Component SSR]
    ./app/components/fact-check-dashboard.tsx [Server Component]
    ./app/page.tsx [Server Component] @ http://localhost:3000/_next/static/chunks/node_modules_next_dist_1e8vcs8._.js:1052
[  615839ms] [ERROR] ./app/components/shader-background.tsx:52:5
Error: Unexpected token. Did you mean `{'>'}` or `&gt;`?
  50 |       aria-pressed={!paused}
  51 |       onClick={() => setPaused(value => !value)}
> 52 |     >
     |     ^
  53 |       <svg width="14" height="14" viewBox="0 0 16 16" fill="none" stroke="currentColor" st...
  54 |         {paused ? <path d="m5 3 7 5-7 5Z"/> : <path d="M5 3v10M11 3v10"/>}
  55 |       </svg>

Parsing ecmascript source code failed

Import traces:
  Client Component Browser:
    ./app/components/shader-background.tsx [Client Component Browser]
    ./app/components/fact-check-dashboard.tsx [Client Component Browser]
    ./app/components/fact-check-dashboard.tsx [Server Component]
    ./app/page.tsx [Server Component]

  Client Component SSR:
    ./app/components/shader-background.tsx [Client Component SSR]
    ./app/components/fact-check-dashboard.tsx [Client Component SSR]
    ./app/components/fact-check-dashboard.tsx [Server Component]
    ./app/page.tsx [Server Component] @ http://localhost:3000/_next/static/chunks/node_modules_next_dist_1e8vcs8._.js:1052
[  615886ms] [ERROR] ./app/components/shader-background.tsx:52:5
Error: Unexpected token. Did you mean `{'>'}` or `&gt;`?
  50 |       aria-pressed={!paused}
  51 |       onClick={() => setPaused(value => !value)}
> 52 |     >
     |     ^
  53 |       <svg width="14" height="14" viewBox="0 0 16 16" fill="none" stroke="currentColor" st...
  54 |         {paused ? <path d="m5 3 7 5-7 5Z"/> : <path d="M5 3v10M11 3v10"/>}
  55 |       </svg>

Parsing ecmascript source code failed

Import traces:
  Client Component Browser:
    ./app/components/shader-background.tsx [Client Component Browser]
    ./app/components/fact-check-dashboard.tsx [Client Component Browser]
    ./app/components/fact-check-dashboard.tsx [Server Component]
    ./app/page.tsx [Server Component]

  Client Component SSR:
    ./app/components/shader-background.tsx [Client Component SSR]
    ./app/components/fact-check-dashboard.tsx [Client Component SSR]
    ./app/components/fact-check-dashboard.tsx [Server Component]
    ./app/page.tsx [Server Component] @ http://localhost:3000/_next/static/chunks/node_modules_next_dist_1e8vcs8._.js:1052
[  615949ms] [ERROR] ./app/components/shader-background.tsx:52:5
Error: Unexpected token. Did you mean `{'>'}` or `&gt;`?
  50 |       aria-pressed={!paused}
  51 |       onClick={() => setPaused(value => !value)}
> 52 |     >
     |     ^
  53 |       <svg width="14" height="14" viewBox="0 0 16 16" fill="none" stroke="currentColor" st...
  54 |         {paused ? <path d="m5 3 7 5-7 5Z"/> : <path d="M5 3v10M11 3v10"/>}
  55 |       </svg>

Parsing ecmascript source code failed

Import traces:
  Client Component Browser:
    ./app/components/shader-background.tsx [Client Component Browser]
    ./app/components/fact-check-dashboard.tsx [Client Component Browser]
    ./app/components/fact-check-dashboard.tsx [Server Component]
    ./app/page.tsx [Server Component]

  Client Component SSR:
    ./app/components/shader-background.tsx [Client Component SSR]
    ./app/components/fact-check-dashboard.tsx [Client Component SSR]
    ./app/components/fact-check-dashboard.tsx [Server Component]
    ./app/page.tsx [Server Component] @ http://localhost:3000/_next/static/chunks/node_modules_next_dist_1e8vcs8._.js:1052
[  616012ms] [ERROR] ./app/components/shader-background.tsx:52:5
Error: Unexpected token. Did you mean `{'>'}` or `&gt;`?
  50 |       aria-pressed={!paused}
  51 |       onClick={() => setPaused(value => !value)}
> 52 |     >
     |     ^
  53 |       <svg width="14" height="14" viewBox="0 0 16 16" fill="none" stroke="currentColor" st...
  54 |         {paused ? <path d="m5 3 7 5-7 5Z"/> : <path d="M5 3v10M11 3v10"/>}
  55 |       </svg>

Parsing ecmascript source code failed

Import traces:
  Client Component Browser:
    ./app/components/shader-background.tsx [Client Component Browser]
    ./app/components/fact-check-dashboard.tsx [Client Component Browser]
    ./app/components/fact-check-dashboard.tsx [Server Component]
    ./app/page.tsx [Server Component]

  Client Component SSR:
    ./app/components/shader-background.tsx [Client Component SSR]
    ./app/components/fact-check-dashboard.tsx [Client Component SSR]
    ./app/components/fact-check-dashboard.tsx [Server Component]
    ./app/page.tsx [Server Component] @ http://localhost:3000/_next/static/chunks/node_modules_next_dist_1e8vcs8._.js:1052
[  616059ms] [ERROR] ./app/components/shader-background.tsx:52:5
Error: Unexpected token. Did you mean `{'>'}` or `&gt;`?
  50 |       aria-pressed={!paused}
  51 |       onClick={() => setPaused(value => !value)}
> 52 |     >
     |     ^
  53 |       <svg width="14" height="14" viewBox="0 0 16 16" fill="none" stroke="currentColor" st...
  54 |         {paused ? <path d="m5 3 7 5-7 5Z"/> : <path d="M5 3v10M11 3v10"/>}
  55 |       </svg>

Parsing ecmascript source code failed

Import traces:
  Client Component Browser:
    ./app/components/shader-background.tsx [Client Component Browser]
    ./app/components/fact-check-dashboard.tsx [Client Component Browser]
    ./app/components/fact-check-dashboard.tsx [Server Component]
    ./app/page.tsx [Server Component]

  Client Component SSR:
    ./app/components/shader-background.tsx [Client Component SSR]
    ./app/components/fact-check-dashboard.tsx [Client Component SSR]
    ./app/components/fact-check-dashboard.tsx [Server Component]
    ./app/page.tsx [Server Component] @ http://localhost:3000/_next/static/chunks/node_modules_next_dist_1e8vcs8._.js:1052
[  616121ms] [ERROR] ./app/components/shader-background.tsx:52:5
Error: Unexpected token. Did you mean `{'>'}` or `&gt;`?
  50 |       aria-pressed={!paused}
  51 |       onClick={() => setPaused(value => !value)}
> 52 |     >
     |     ^
  53 |       <svg width="14" height="14" viewBox="0 0 16 16" fill="none" stroke="currentColor" st...
  54 |         {paused ? <path d="m5 3 7 5-7 5Z"/> : <path d="M5 3v10M11 3v10"/>}
  55 |       </svg>

Parsing ecmascript source code failed

Import traces:
  Client Component Browser:
    ./app/components/shader-background.tsx [Client Component Browser]
    ./app/components/fact-check-dashboard.tsx [Client Component Browser]
    ./app/components/fact-check-dashboard.tsx [Server Component]
    ./app/page.tsx [Server Component]

  Client Component SSR:
    ./app/components/shader-background.tsx [Client Component SSR]
    ./app/components/fact-check-dashboard.tsx [Client Component SSR]
    ./app/components/fact-check-dashboard.tsx [Server Component]
    ./app/page.tsx [Server Component] @ http://localhost:3000/_next/static/chunks/node_modules_next_dist_1e8vcs8._.js:1052
[  616169ms] [ERROR] ./app/components/shader-background.tsx:52:5
Error: Unexpected token. Did you mean `{'>'}` or `&gt;`?
  50 |       aria-pressed={!paused}
  51 |       onClick={() => setPaused(value => !value)}
> 52 |     >
     |     ^
  53 |       <svg width="14" height="14" viewBox="0 0 16 16" fill="none" stroke="currentColor" st...
  54 |         {paused ? <path d="m5 3 7 5-7 5Z"/> : <path d="M5 3v10M11 3v10"/>}
  55 |       </svg>

Parsing ecmascript source code failed

Import traces:
  Client Component Browser:
    ./app/components/shader-background.tsx [Client Component Browser]
    ./app/components/fact-check-dashboard.tsx [Client Component Browser]
    ./app/components/fact-check-dashboard.tsx [Server Component]
    ./app/page.tsx [Server Component]

  Client Component SSR:
    ./app/components/shader-background.tsx [Client Component SSR]
    ./app/components/fact-check-dashboard.tsx [Client Component SSR]
    ./app/components/fact-check-dashboard.tsx [Server Component]
    ./app/page.tsx [Server Component] @ http://localhost:3000/_next/static/chunks/node_modules_next_dist_1e8vcs8._.js:1052
[  616232ms] [ERROR] ./app/components/shader-background.tsx:52:5
Error: Unexpected token. Did you mean `{'>'}` or `&gt;`?
  50 |       aria-pressed={!paused}
  51 |       onClick={() => setPaused(value => !value)}
> 52 |     >
     |     ^
  53 |       <svg width="14" height="14" viewBox="0 0 16 16" fill="none" stroke="currentColor" st...
  54 |         {paused ? <path d="m5 3 7 5-7 5Z"/> : <path d="M5 3v10M11 3v10"/>}
  55 |       </svg>

Parsing ecmascript source code failed

Import traces:
  Client Component Browser:
    ./app/components/shader-background.tsx [Client Component Browser]
    ./app/components/fact-check-dashboard.tsx [Client Component Browser]
    ./app/components/fact-check-dashboard.tsx [Server Component]
    ./app/page.tsx [Server Component]

  Client Component SSR:
    ./app/components/shader-background.tsx [Client Component SSR]
    ./app/components/fact-check-dashboard.tsx [Client Component SSR]
    ./app/components/fact-check-dashboard.tsx [Server Component]
    ./app/page.tsx [Server Component] @ http://localhost:3000/_next/static/chunks/node_modules_next_dist_1e8vcs8._.js:1052
[  616294ms] [ERROR] ./app/components/shader-background.tsx:52:5
Error: Unexpected token. Did you mean `{'>'}` or `&gt;`?
  50 |       aria-pressed={!paused}
  51 |       onClick={() => setPaused(value => !value)}
> 52 |     >
     |     ^
  53 |       <svg width="14" height="14" viewBox="0 0 16 16" fill="none" stroke="currentColor" st...
  54 |         {paused ? <path d="m5 3 7 5-7 5Z"/> : <path d="M5 3v10M11 3v10"/>}
  55 |       </svg>

Parsing ecmascript source code failed

Import traces:
  Client Component Browser:
    ./app/components/shader-background.tsx [Client Component Browser]
    ./app/components/fact-check-dashboard.tsx [Client Component Browser]
    ./app/components/fact-check-dashboard.tsx [Server Component]
    ./app/page.tsx [Server Component]

  Client Component SSR:
    ./app/components/shader-background.tsx [Client Component SSR]
    ./app/components/fact-check-dashboard.tsx [Client Component SSR]
    ./app/components/fact-check-dashboard.tsx [Server Component]
    ./app/page.tsx [Server Component] @ http://localhost:3000/_next/static/chunks/node_modules_next_dist_1e8vcs8._.js:1052
[  616341ms] [ERROR] ./app/components/shader-background.tsx:52:5
Error: Unexpected token. Did you mean `{'>'}` or `&gt;`?
  50 |       aria-pressed={!paused}
  51 |       onClick={() => setPaused(value => !value)}
> 52 |     >
     |     ^
  53 |       <svg width="14" height="14" viewBox="0 0 16 16" fill="none" stroke="currentColor" st...
  54 |         {paused ? <path d="m5 3 7 5-7 5Z"/> : <path d="M5 3v10M11 3v10"/>}
  55 |       </svg>

Parsing ecmascript source code failed

Import traces:
  Client Component Browser:
    ./app/components/shader-background.tsx [Client Component Browser]
    ./app/components/fact-check-dashboard.tsx [Client Component Browser]
    ./app/components/fact-check-dashboard.tsx [Server Component]
    ./app/page.tsx [Server Component]

  Client Component SSR:
    ./app/components/shader-background.tsx [Client Component SSR]
    ./app/components/fact-check-dashboard.tsx [Client Component SSR]
    ./app/components/fact-check-dashboard.tsx [Server Component]
    ./app/page.tsx [Server Component] @ http://localhost:3000/_next/static/chunks/node_modules_next_dist_1e8vcs8._.js:1052
[  616388ms] [ERROR] ./app/components/shader-background.tsx:52:5
Error: Unexpected token. Did you mean `{'>'}` or `&gt;`?
  50 |       aria-pressed={!paused}
  51 |       onClick={() => setPaused(value => !value)}
> 52 |     >
     |     ^
  53 |       <svg width="14" height="14" viewBox="0 0 16 16" fill="none" stroke="currentColor" st...
  54 |         {paused ? <path d="m5 3 7 5-7 5Z"/> : <path d="M5 3v10M11 3v10"/>}
  55 |       </svg>

Parsing ecmascript source code failed

Import traces:
  Client Component Browser:
    ./app/components/shader-background.tsx [Client Component Browser]
    ./app/components/fact-check-dashboard.tsx [Client Component Browser]
    ./app/components/fact-check-dashboard.tsx [Server Component]
    ./app/page.tsx [Server Component]

  Client Component SSR:
    ./app/components/shader-background.tsx [Client Component SSR]
    ./app/components/fact-check-dashboard.tsx [Client Component SSR]
    ./app/components/fact-check-dashboard.tsx [Server Component]
    ./app/page.tsx [Server Component] @ http://localhost:3000/_next/static/chunks/node_modules_next_dist_1e8vcs8._.js:1052
[  616435ms] [ERROR] ./app/components/shader-background.tsx:52:5
Error: Unexpected token. Did you mean `{'>'}` or `&gt;`?
  50 |       aria-pressed={!paused}
  51 |       onClick={() => setPaused(value => !value)}
> 52 |     >
     |     ^
  53 |       <svg width="14" height="14" viewBox="0 0 16 16" fill="none" stroke="currentColor" st...
  54 |         {paused ? <path d="m5 3 7 5-7 5Z"/> : <path d="M5 3v10M11 3v10"/>}
  55 |       </svg>

Parsing ecmascript source code failed

Import traces:
  Client Component Browser:
    ./app/components/shader-background.tsx [Client Component Browser]
    ./app/components/fact-check-dashboard.tsx [Client Component Browser]
    ./app/components/fact-check-dashboard.tsx [Server Component]
    ./app/page.tsx [Server Component]

  Client Component SSR:
    ./app/components/shader-background.tsx [Client Component SSR]
    ./app/components/fact-check-dashboard.tsx [Client Component SSR]
    ./app/components/fact-check-dashboard.tsx [Server Component]
    ./app/page.tsx [Server Component] @ http://localhost:3000/_next/static/chunks/node_modules_next_dist_1e8vcs8._.js:1052
[  616497ms] [ERROR] ./app/components/shader-background.tsx:52:5
Error: Unexpected token. Did you mean `{'>'}` or `&gt;`?
  50 |       aria-pressed={!paused}
  51 |       onClick={() => setPaused(value => !value)}
> 52 |     >
     |     ^
  53 |       <svg width="14" height="14" viewBox="0 0 16 16" fill="none" stroke="currentColor" st...
  54 |         {paused ? <path d="m5 3 7 5-7 5Z"/> : <path d="M5 3v10M11 3v10"/>}
  55 |       </svg>

Parsing ecmascript source code failed

Import traces:
  Client Component Browser:
    ./app/components/shader-background.tsx [Client Component Browser]
    ./app/components/fact-check-dashboard.tsx [Client Component Browser]
    ./app/components/fact-check-dashboard.tsx [Server Component]
    ./app/page.tsx [Server Component]

  Client Component SSR:
    ./app/components/shader-background.tsx [Client Component SSR]
    ./app/components/fact-check-dashboard.tsx [Client Component SSR]
    ./app/components/fact-check-dashboard.tsx [Server Component]
    ./app/page.tsx [Server Component] @ http://localhost:3000/_next/static/chunks/node_modules_next_dist_1e8vcs8._.js:1052
[  616559ms] [ERROR] ./app/components/shader-background.tsx:52:5
Error: Unexpected token. Did you mean `{'>'}` or `&gt;`?
  50 |       aria-pressed={!paused}
  51 |       onClick={() => setPaused(value => !value)}
> 52 |     >
     |     ^
  53 |       <svg width="14" height="14" viewBox="0 0 16 16" fill="none" stroke="currentColor" st...
  54 |         {paused ? <path d="m5 3 7 5-7 5Z"/> : <path d="M5 3v10M11 3v10"/>}
  55 |       </svg>

Parsing ecmascript source code failed

Import traces:
  Client Component Browser:
    ./app/components/shader-background.tsx [Client Component Browser]
    ./app/components/fact-check-dashboard.tsx [Client Component Browser]
    ./app/components/fact-check-dashboard.tsx [Server Component]
    ./app/page.tsx [Server Component]

  Client Component SSR:
    ./app/components/shader-background.tsx [Client Component SSR]
    ./app/components/fact-check-dashboard.tsx [Client Component SSR]
    ./app/components/fact-check-dashboard.tsx [Server Component]
    ./app/page.tsx [Server Component] @ http://localhost:3000/_next/static/chunks/node_modules_next_dist_1e8vcs8._.js:1052
[  616620ms] [ERROR] ./app/components/shader-background.tsx:52:5
Error: Unexpected token. Did you mean `{'>'}` or `&gt;`?
  50 |       aria-pressed={!paused}
  51 |       onClick={() => setPaused(value => !value)}
> 52 |     >
     |     ^
  53 |       <svg width="14" height="14" viewBox="0 0 16 16" fill="none" stroke="currentColor" st...
  54 |         {paused ? <path d="m5 3 7 5-7 5Z"/> : <path d="M5 3v10M11 3v10"/>}
  55 |       </svg>

Parsing ecmascript source code failed

Import traces:
  Client Component Browser:
    ./app/components/shader-background.tsx [Client Component Browser]
    ./app/components/fact-check-dashboard.tsx [Client Component Browser]
    ./app/components/fact-check-dashboard.tsx [Server Component]
    ./app/page.tsx [Server Component]

  Client Component SSR:
    ./app/components/shader-background.tsx [Client Component SSR]
    ./app/components/fact-check-dashboard.tsx [Client Component SSR]
    ./app/components/fact-check-dashboard.tsx [Server Component]
    ./app/page.tsx [Server Component] @ http://localhost:3000/_next/static/chunks/node_modules_next_dist_1e8vcs8._.js:1052
[  616681ms] [ERROR] ./app/components/shader-background.tsx:52:5
Error: Unexpected token. Did you mean `{'>'}` or `&gt;`?
  50 |       aria-pressed={!paused}
  51 |       onClick={() => setPaused(value => !value)}
> 52 |     >
     |     ^
  53 |       <svg width="14" height="14" viewBox="0 0 16 16" fill="none" stroke="currentColor" st...
  54 |         {paused ? <path d="m5 3 7 5-7 5Z"/> : <path d="M5 3v10M11 3v10"/>}
  55 |       </svg>

Parsing ecmascript source code failed

Import traces:
  Client Component Browser:
    ./app/components/shader-background.tsx [Client Component Browser]
    ./app/components/fact-check-dashboard.tsx [Client Component Browser]
    ./app/components/fact-check-dashboard.tsx [Server Component]
    ./app/page.tsx [Server Component]

  Client Component SSR:
    ./app/components/shader-background.tsx [Client Component SSR]
    ./app/components/fact-check-dashboard.tsx [Client Component SSR]
    ./app/components/fact-check-dashboard.tsx [Server Component]
    ./app/page.tsx [Server Component] @ http://localhost:3000/_next/static/chunks/node_modules_next_dist_1e8vcs8._.js:1052
[  616743ms] [ERROR] ./app/components/shader-background.tsx:52:5
Error: Unexpected token. Did you mean `{'>'}` or `&gt;`?
  50 |       aria-pressed={!paused}
  51 |       onClick={() => setPaused(value => !value)}
> 52 |     >
     |     ^
  53 |       <svg width="14" height="14" viewBox="0 0 16 16" fill="none" stroke="currentColor" st...
  54 |         {paused ? <path d="m5 3 7 5-7 5Z"/> : <path d="M5 3v10M11 3v10"/>}
  55 |       </svg>

Parsing ecmascript source code failed

Import traces:
  Client Component Browser:
    ./app/components/shader-background.tsx [Client Component Browser]
    ./app/components/fact-check-dashboard.tsx [Client Component Browser]
    ./app/components/fact-check-dashboard.tsx [Server Component]
    ./app/page.tsx [Server Component]

  Client Component SSR:
    ./app/components/shader-background.tsx [Client Component SSR]
    ./app/components/fact-check-dashboard.tsx [Client Component SSR]
    ./app/components/fact-check-dashboard.tsx [Server Component]
    ./app/page.tsx [Server Component] @ http://localhost:3000/_next/static/chunks/node_modules_next_dist_1e8vcs8._.js:1052
[  616803ms] [ERROR] ./app/components/shader-background.tsx:52:5
Error: Unexpected token. Did you mean `{'>'}` or `&gt;`?
  50 |       aria-pressed={!paused}
  51 |       onClick={() => setPaused(value => !value)}
> 52 |     >
     |     ^
  53 |       <svg width="14" height="14" viewBox="0 0 16 16" fill="none" stroke="currentColor" st...
  54 |         {paused ? <path d="m5 3 7 5-7 5Z"/> : <path d="M5 3v10M11 3v10"/>}
  55 |       </svg>

Parsing ecmascript source code failed

Import traces:
  Client Component Browser:
    ./app/components/shader-background.tsx [Client Component Browser]
    ./app/components/fact-check-dashboard.tsx [Client Component Browser]
    ./app/components/fact-check-dashboard.tsx [Server Component]
    ./app/page.tsx [Server Component]

  Client Component SSR:
    ./app/components/shader-background.tsx [Client Component SSR]
    ./app/components/fact-check-dashboard.tsx [Client Component SSR]
    ./app/components/fact-check-dashboard.tsx [Server Component]
    ./app/page.tsx [Server Component] @ http://localhost:3000/_next/static/chunks/node_modules_next_dist_1e8vcs8._.js:1052
[  616865ms] [ERROR] ./app/components/shader-background.tsx:52:5
Error: Unexpected token. Did you mean `{'>'}` or `&gt;`?
  50 |       aria-pressed={!paused}
  51 |       onClick={() => setPaused(value => !value)}
> 52 |     >
     |     ^
  53 |       <svg width="14" height="14" viewBox="0 0 16 16" fill="none" stroke="currentColor" st...
  54 |         {paused ? <path d="m5 3 7 5-7 5Z"/> : <path d="M5 3v10M11 3v10"/>}
  55 |       </svg>

Parsing ecmascript source code failed

Import traces:
  Client Component Browser:
    ./app/components/shader-background.tsx [Client Component Browser]
    ./app/components/fact-check-dashboard.tsx [Client Component Browser]
    ./app/components/fact-check-dashboard.tsx [Server Component]
    ./app/page.tsx [Server Component]

  Client Component SSR:
    ./app/components/shader-background.tsx [Client Component SSR]
    ./app/components/fact-check-dashboard.tsx [Client Component SSR]
    ./app/components/fact-check-dashboard.tsx [Server Component]
    ./app/page.tsx [Server Component] @ http://localhost:3000/_next/static/chunks/node_modules_next_dist_1e8vcs8._.js:1052
[  616928ms] [ERROR] ./app/components/shader-background.tsx:52:5
Error: Unexpected token. Did you mean `{'>'}` or `&gt;`?
  50 |       aria-pressed={!paused}
  51 |       onClick={() => setPaused(value => !value)}
> 52 |     >
     |     ^
  53 |       <svg width="14" height="14" viewBox="0 0 16 16" fill="none" stroke="currentColor" st...
  54 |         {paused ? <path d="m5 3 7 5-7 5Z"/> : <path d="M5 3v10M11 3v10"/>}
  55 |       </svg>

Parsing ecmascript source code failed

Import traces:
  Client Component Browser:
    ./app/components/shader-background.tsx [Client Component Browser]
    ./app/components/fact-check-dashboard.tsx [Client Component Browser]
    ./app/components/fact-check-dashboard.tsx [Server Component]
    ./app/page.tsx [Server Component]

  Client Component SSR:
    ./app/components/shader-background.tsx [Client Component SSR]
    ./app/components/fact-check-dashboard.tsx [Client Component SSR]
    ./app/components/fact-check-dashboard.tsx [Server Component]
    ./app/page.tsx [Server Component] @ http://localhost:3000/_next/static/chunks/node_modules_next_dist_1e8vcs8._.js:1052
[  616988ms] [ERROR] ./app/components/shader-background.tsx:52:5
Error: Unexpected token. Did you mean `{'>'}` or `&gt;`?
  50 |       aria-pressed={!paused}
  51 |       onClick={() => setPaused(value => !value)}
> 52 |     >
     |     ^
  53 |       <svg width="14" height="14" viewBox="0 0 16 16" fill="none" stroke="currentColor" st...
  54 |         {paused ? <path d="m5 3 7 5-7 5Z"/> : <path d="M5 3v10M11 3v10"/>}
  55 |       </svg>

Parsing ecmascript source code failed

Import traces:
  Client Component Browser:
    ./app/components/shader-background.tsx [Client Component Browser]
    ./app/components/fact-check-dashboard.tsx [Client Component Browser]
    ./app/components/fact-check-dashboard.tsx [Server Component]
    ./app/page.tsx [Server Component]

  Client Component SSR:
    ./app/components/shader-background.tsx [Client Component SSR]
    ./app/components/fact-check-dashboard.tsx [Client Component SSR]
    ./app/components/fact-check-dashboard.tsx [Server Component]
    ./app/page.tsx [Server Component] @ http://localhost:3000/_next/static/chunks/node_modules_next_dist_1e8vcs8._.js:1052
[  617049ms] [ERROR] ./app/components/shader-background.tsx:52:5
Error: Unexpected token. Did you mean `{'>'}` or `&gt;`?
  50 |       aria-pressed={!paused}
  51 |       onClick={() => setPaused(value => !value)}
> 52 |     >
     |     ^
  53 |       <svg width="14" height="14" viewBox="0 0 16 16" fill="none" stroke="currentColor" st...
  54 |         {paused ? <path d="m5 3 7 5-7 5Z"/> : <path d="M5 3v10M11 3v10"/>}
  55 |       </svg>

Parsing ecmascript source code failed

Import traces:
  Client Component Browser:
    ./app/components/shader-background.tsx [Client Component Browser]
    ./app/components/fact-check-dashboard.tsx [Client Component Browser]
    ./app/components/fact-check-dashboard.tsx [Server Component]
    ./app/page.tsx [Server Component]

  Client Component SSR:
    ./app/components/shader-background.tsx [Client Component SSR]
    ./app/components/fact-check-dashboard.tsx [Client Component SSR]
    ./app/components/fact-check-dashboard.tsx [Server Component]
    ./app/page.tsx [Server Component] @ http://localhost:3000/_next/static/chunks/node_modules_next_dist_1e8vcs8._.js:1052
[  617097ms] [ERROR] ./app/components/shader-background.tsx:52:5
Error: Unexpected token. Did you mean `{'>'}` or `&gt;`?
  50 |       aria-pressed={!paused}
  51 |       onClick={() => setPaused(value => !value)}
> 52 |     >
     |     ^
  53 |       <svg width="14" height="14" viewBox="0 0 16 16" fill="none" stroke="currentColor" st...
  54 |         {paused ? <path d="m5 3 7 5-7 5Z"/> : <path d="M5 3v10M11 3v10"/>}
  55 |       </svg>

Parsing ecmascript source code failed

Import traces:
  Client Component Browser:
    ./app/components/shader-background.tsx [Client Component Browser]
    ./app/components/fact-check-dashboard.tsx [Client Component Browser]
    ./app/components/fact-check-dashboard.tsx [Server Component]
    ./app/page.tsx [Server Component]

  Client Component SSR:
    ./app/components/shader-background.tsx [Client Component SSR]
    ./app/components/fact-check-dashboard.tsx [Client Component SSR]
    ./app/components/fact-check-dashboard.tsx [Server Component]
    ./app/page.tsx [Server Component] @ http://localhost:3000/_next/static/chunks/node_modules_next_dist_1e8vcs8._.js:1052
[  617158ms] [ERROR] ./app/components/shader-background.tsx:52:5
Error: Unexpected token. Did you mean `{'>'}` or `&gt;`?
  50 |       aria-pressed={!paused}
  51 |       onClick={() => setPaused(value => !value)}
> 52 |     >
     |     ^
  53 |       <svg width="14" height="14" viewBox="0 0 16 16" fill="none" stroke="currentColor" st...
  54 |         {paused ? <path d="m5 3 7 5-7 5Z"/> : <path d="M5 3v10M11 3v10"/>}
  55 |       </svg>

Parsing ecmascript source code failed

Import traces:
  Client Component Browser:
    ./app/components/shader-background.tsx [Client Component Browser]
    ./app/components/fact-check-dashboard.tsx [Client Component Browser]
    ./app/components/fact-check-dashboard.tsx [Server Component]
    ./app/page.tsx [Server Component]

  Client Component SSR:
    ./app/components/shader-background.tsx [Client Component SSR]
    ./app/components/fact-check-dashboard.tsx [Client Component SSR]
    ./app/components/fact-check-dashboard.tsx [Server Component]
    ./app/page.tsx [Server Component] @ http://localhost:3000/_next/static/chunks/node_modules_next_dist_1e8vcs8._.js:1052
[  617221ms] [ERROR] ./app/components/shader-background.tsx:52:5
Error: Unexpected token. Did you mean `{'>'}` or `&gt;`?
  50 |       aria-pressed={!paused}
  51 |       onClick={() => setPaused(value => !value)}
> 52 |     >
     |     ^
  53 |       <svg width="14" height="14" viewBox="0 0 16 16" fill="none" stroke="currentColor" st...
  54 |         {paused ? <path d="m5 3 7 5-7 5Z"/> : <path d="M5 3v10M11 3v10"/>}
  55 |       </svg>

Parsing ecmascript source code failed

Import traces:
  Client Component Browser:
    ./app/components/shader-background.tsx [Client Component Browser]
    ./app/components/fact-check-dashboard.tsx [Client Component Browser]
    ./app/components/fact-check-dashboard.tsx [Server Component]
    ./app/page.tsx [Server Component]

  Client Component SSR:
    ./app/components/shader-background.tsx [Client Component SSR]
    ./app/components/fact-check-dashboard.tsx [Client Component SSR]
    ./app/components/fact-check-dashboard.tsx [Server Component]
    ./app/page.tsx [Server Component] @ http://localhost:3000/_next/static/chunks/node_modules_next_dist_1e8vcs8._.js:1052
[  617268ms] [ERROR] ./app/components/shader-background.tsx:52:5
Error: Unexpected token. Did you mean `{'>'}` or `&gt;`?
  50 |       aria-pressed={!paused}
  51 |       onClick={() => setPaused(value => !value)}
> 52 |     >
     |     ^
  53 |       <svg width="14" height="14" viewBox="0 0 16 16" fill="none" stroke="currentColor" st...
  54 |         {paused ? <path d="m5 3 7 5-7 5Z"/> : <path d="M5 3v10M11 3v10"/>}
  55 |       </svg>

Parsing ecmascript source code failed

Import traces:
  Client Component Browser:
    ./app/components/shader-background.tsx [Client Component Browser]
    ./app/components/fact-check-dashboard.tsx [Client Component Browser]
    ./app/components/fact-check-dashboard.tsx [Server Component]
    ./app/page.tsx [Server Component]

  Client Component SSR:
    ./app/components/shader-background.tsx [Client Component SSR]
    ./app/components/fact-check-dashboard.tsx [Client Component SSR]
    ./app/components/fact-check-dashboard.tsx [Server Component]
    ./app/page.tsx [Server Component] @ http://localhost:3000/_next/static/chunks/node_modules_next_dist_1e8vcs8._.js:1052
[  617331ms] [ERROR] ./app/components/shader-background.tsx:52:5
Error: Unexpected token. Did you mean `{'>'}` or `&gt;`?
  50 |       aria-pressed={!paused}
  51 |       onClick={() => setPaused(value => !value)}
> 52 |     >
     |     ^
  53 |       <svg width="14" height="14" viewBox="0 0 16 16" fill="none" stroke="currentColor" st...
  54 |         {paused ? <path d="m5 3 7 5-7 5Z"/> : <path d="M5 3v10M11 3v10"/>}
  55 |       </svg>

Parsing ecmascript source code failed

Import traces:
  Client Component Browser:
    ./app/components/shader-background.tsx [Client Component Browser]
    ./app/components/fact-check-dashboard.tsx [Client Component Browser]
    ./app/components/fact-check-dashboard.tsx [Server Component]
    ./app/page.tsx [Server Component]

  Client Component SSR:
    ./app/components/shader-background.tsx [Client Component SSR]
    ./app/components/fact-check-dashboard.tsx [Client Component SSR]
    ./app/components/fact-check-dashboard.tsx [Server Component]
    ./app/page.tsx [Server Component] @ http://localhost:3000/_next/static/chunks/node_modules_next_dist_1e8vcs8._.js:1052
[  617392ms] [ERROR] ./app/components/shader-background.tsx:52:5
Error: Unexpected token. Did you mean `{'>'}` or `&gt;`?
  50 |       aria-pressed={!paused}
  51 |       onClick={() => setPaused(value => !value)}
> 52 |     >
     |     ^
  53 |       <svg width="14" height="14" viewBox="0 0 16 16" fill="none" stroke="currentColor" st...
  54 |         {paused ? <path d="m5 3 7 5-7 5Z"/> : <path d="M5 3v10M11 3v10"/>}
  55 |       </svg>

Parsing ecmascript source code failed

Import traces:
  Client Component Browser:
    ./app/components/shader-background.tsx [Client Component Browser]
    ./app/components/fact-check-dashboard.tsx [Client Component Browser]
    ./app/components/fact-check-dashboard.tsx [Server Component]
    ./app/page.tsx [Server Component]

  Client Component SSR:
    ./app/components/shader-background.tsx [Client Component SSR]
    ./app/components/fact-check-dashboard.tsx [Client Component SSR]
    ./app/components/fact-check-dashboard.tsx [Server Component]
    ./app/page.tsx [Server Component] @ http://localhost:3000/_next/static/chunks/node_modules_next_dist_1e8vcs8._.js:1052
[  617454ms] [ERROR] ./app/components/shader-background.tsx:52:5
Error: Unexpected token. Did you mean `{'>'}` or `&gt;`?
  50 |       aria-pressed={!paused}
  51 |       onClick={() => setPaused(value => !value)}
> 52 |     >
     |     ^
  53 |       <svg width="14" height="14" viewBox="0 0 16 16" fill="none" stroke="currentColor" st...
  54 |         {paused ? <path d="m5 3 7 5-7 5Z"/> : <path d="M5 3v10M11 3v10"/>}
  55 |       </svg>

Parsing ecmascript source code failed

Import traces:
  Client Component Browser:
    ./app/components/shader-background.tsx [Client Component Browser]
    ./app/components/fact-check-dashboard.tsx [Client Component Browser]
    ./app/components/fact-check-dashboard.tsx [Server Component]
    ./app/page.tsx [Server Component]

  Client Component SSR:
    ./app/components/shader-background.tsx [Client Component SSR]
    ./app/components/fact-check-dashboard.tsx [Client Component SSR]
    ./app/components/fact-check-dashboard.tsx [Server Component]
    ./app/page.tsx [Server Component] @ http://localhost:3000/_next/static/chunks/node_modules_next_dist_1e8vcs8._.js:1052
[  617516ms] [ERROR] ./app/components/shader-background.tsx:52:5
Error: Unexpected token. Did you mean `{'>'}` or `&gt;`?
  50 |       aria-pressed={!paused}
  51 |       onClick={() => setPaused(value => !value)}
> 52 |     >
     |     ^
  53 |       <svg width="14" height="14" viewBox="0 0 16 16" fill="none" stroke="currentColor" st...
  54 |         {paused ? <path d="m5 3 7 5-7 5Z"/> : <path d="M5 3v10M11 3v10"/>}
  55 |       </svg>

Parsing ecmascript source code failed

Import traces:
  Client Component Browser:
    ./app/components/shader-background.tsx [Client Component Browser]
    ./app/components/fact-check-dashboard.tsx [Client Component Browser]
    ./app/components/fact-check-dashboard.tsx [Server Component]
    ./app/page.tsx [Server Component]

  Client Component SSR:
    ./app/components/shader-background.tsx [Client Component SSR]
    ./app/components/fact-check-dashboard.tsx [Client Component SSR]
    ./app/components/fact-check-dashboard.tsx [Server Component]
    ./app/page.tsx [Server Component] @ http://localhost:3000/_next/static/chunks/node_modules_next_dist_1e8vcs8._.js:1052
[  617562ms] [ERROR] ./app/components/shader-background.tsx:52:5
Error: Unexpected token. Did you mean `{'>'}` or `&gt;`?
  50 |       aria-pressed={!paused}
  51 |       onClick={() => setPaused(value => !value)}
> 52 |     >
     |     ^
  53 |       <svg width="14" height="14" viewBox="0 0 16 16" fill="none" stroke="currentColor" st...
  54 |         {paused ? <path d="m5 3 7 5-7 5Z"/> : <path d="M5 3v10M11 3v10"/>}
  55 |       </svg>

Parsing ecmascript source code failed

Import traces:
  Client Component Browser:
    ./app/components/shader-background.tsx [Client Component Browser]
    ./app/components/fact-check-dashboard.tsx [Client Component Browser]
    ./app/components/fact-check-dashboard.tsx [Server Component]
    ./app/page.tsx [Server Component]

  Client Component SSR:
    ./app/components/shader-background.tsx [Client Component SSR]
    ./app/components/fact-check-dashboard.tsx [Client Component SSR]
    ./app/components/fact-check-dashboard.tsx [Server Component]
    ./app/page.tsx [Server Component] @ http://localhost:3000/_next/static/chunks/node_modules_next_dist_1e8vcs8._.js:1052
[  617623ms] [ERROR] ./app/components/shader-background.tsx:52:5
Error: Unexpected token. Did you mean `{'>'}` or `&gt;`?
  50 |       aria-pressed={!paused}
  51 |       onClick={() => setPaused(value => !value)}
> 52 |     >
     |     ^
  53 |       <svg width="14" height="14" viewBox="0 0 16 16" fill="none" stroke="currentColor" st...
  54 |         {paused ? <path d="m5 3 7 5-7 5Z"/> : <path d="M5 3v10M11 3v10"/>}
  55 |       </svg>

Parsing ecmascript source code failed

Import traces:
  Client Component Browser:
    ./app/components/shader-background.tsx [Client Component Browser]
    ./app/components/fact-check-dashboard.tsx [Client Component Browser]
    ./app/components/fact-check-dashboard.tsx [Server Component]
    ./app/page.tsx [Server Component]

  Client Component SSR:
    ./app/components/shader-background.tsx [Client Component SSR]
    ./app/components/fact-check-dashboard.tsx [Client Component SSR]
    ./app/components/fact-check-dashboard.tsx [Server Component]
    ./app/page.tsx [Server Component] @ http://localhost:3000/_next/static/chunks/node_modules_next_dist_1e8vcs8._.js:1052
[  617685ms] [ERROR] ./app/components/shader-background.tsx:52:5
Error: Unexpected token. Did you mean `{'>'}` or `&gt;`?
  50 |       aria-pressed={!paused}
  51 |       onClick={() => setPaused(value => !value)}
> 52 |     >
     |     ^
  53 |       <svg width="14" height="14" viewBox="0 0 16 16" fill="none" stroke="currentColor" st...
  54 |         {paused ? <path d="m5 3 7 5-7 5Z"/> : <path d="M5 3v10M11 3v10"/>}
  55 |       </svg>

Parsing ecmascript source code failed

Import traces:
  Client Component Browser:
    ./app/components/shader-background.tsx [Client Component Browser]
    ./app/components/fact-check-dashboard.tsx [Client Component Browser]
    ./app/components/fact-check-dashboard.tsx [Server Component]
    ./app/page.tsx [Server Component]

  Client Component SSR:
    ./app/components/shader-background.tsx [Client Component SSR]
    ./app/components/fact-check-dashboard.tsx [Client Component SSR]
    ./app/components/fact-check-dashboard.tsx [Server Component]
    ./app/page.tsx [Server Component] @ http://localhost:3000/_next/static/chunks/node_modules_next_dist_1e8vcs8._.js:1052
[  617746ms] [ERROR] ./app/components/shader-background.tsx:52:5
Error: Unexpected token. Did you mean `{'>'}` or `&gt;`?
  50 |       aria-pressed={!paused}
  51 |       onClick={() => setPaused(value => !value)}
> 52 |     >
     |     ^
  53 |       <svg width="14" height="14" viewBox="0 0 16 16" fill="none" stroke="currentColor" st...
  54 |         {paused ? <path d="m5 3 7 5-7 5Z"/> : <path d="M5 3v10M11 3v10"/>}
  55 |       </svg>

Parsing ecmascript source code failed

Import traces:
  Client Component Browser:
    ./app/components/shader-background.tsx [Client Component Browser]
    ./app/components/fact-check-dashboard.tsx [Client Component Browser]
    ./app/components/fact-check-dashboard.tsx [Server Component]
    ./app/page.tsx [Server Component]

  Client Component SSR:
    ./app/components/shader-background.tsx [Client Component SSR]
    ./app/components/fact-check-dashboard.tsx [Client Component SSR]
    ./app/components/fact-check-dashboard.tsx [Server Component]
    ./app/page.tsx [Server Component] @ http://localhost:3000/_next/static/chunks/node_modules_next_dist_1e8vcs8._.js:1052
[  617808ms] [ERROR] ./app/components/shader-background.tsx:52:5
Error: Unexpected token. Did you mean `{'>'}` or `&gt;`?
  50 |       aria-pressed={!paused}
  51 |       onClick={() => setPaused(value => !value)}
> 52 |     >
     |     ^
  53 |       <svg width="14" height="14" viewBox="0 0 16 16" fill="none" stroke="currentColor" st...
  54 |         {paused ? <path d="m5 3 7 5-7 5Z"/> : <path d="M5 3v10M11 3v10"/>}
  55 |       </svg>

Parsing ecmascript source code failed

Import traces:
  Client Component Browser:
    ./app/components/shader-background.tsx [Client Component Browser]
    ./app/components/fact-check-dashboard.tsx [Client Component Browser]
    ./app/components/fact-check-dashboard.tsx [Server Component]
    ./app/page.tsx [Server Component]

  Client Component SSR:
    ./app/components/shader-background.tsx [Client Component SSR]
    ./app/components/fact-check-dashboard.tsx [Client Component SSR]
    ./app/components/fact-check-dashboard.tsx [Server Component]
    ./app/page.tsx [Server Component] @ http://localhost:3000/_next/static/chunks/node_modules_next_dist_1e8vcs8._.js:1052
[  617872ms] [ERROR] ./app/components/shader-background.tsx:52:5
Error: Unexpected token. Did you mean `{'>'}` or `&gt;`?
  50 |       aria-pressed={!paused}
  51 |       onClick={() => setPaused(value => !value)}
> 52 |     >
     |     ^
  53 |       <svg width="14" height="14" viewBox="0 0 16 16" fill="none" stroke="currentColor" st...
  54 |         {paused ? <path d="m5 3 7 5-7 5Z"/> : <path d="M5 3v10M11 3v10"/>}
  55 |       </svg>

Parsing ecmascript source code failed

Import traces:
  Client Component Browser:
    ./app/components/shader-background.tsx [Client Component Browser]
    ./app/components/fact-check-dashboard.tsx [Client Component Browser]
    ./app/components/fact-check-dashboard.tsx [Server Component]
    ./app/page.tsx [Server Component]

  Client Component SSR:
    ./app/components/shader-background.tsx [Client Component SSR]
    ./app/components/fact-check-dashboard.tsx [Client Component SSR]
    ./app/components/fact-check-dashboard.tsx [Server Component]
    ./app/page.tsx [Server Component] @ http://localhost:3000/_next/static/chunks/node_modules_next_dist_1e8vcs8._.js:1052
[  617919ms] [ERROR] ./app/components/shader-background.tsx:52:5
Error: Unexpected token. Did you mean `{'>'}` or `&gt;`?
  50 |       aria-pressed={!paused}
  51 |       onClick={() => setPaused(value => !value)}
> 52 |     >
     |     ^
  53 |       <svg width="14" height="14" viewBox="0 0 16 16" fill="none" stroke="currentColor" st...
  54 |         {paused ? <path d="m5 3 7 5-7 5Z"/> : <path d="M5 3v10M11 3v10"/>}
  55 |       </svg>

Parsing ecmascript source code failed

Import traces:
  Client Component Browser:
    ./app/components/shader-background.tsx [Client Component Browser]
    ./app/components/fact-check-dashboard.tsx [Client Component Browser]
    ./app/components/fact-check-dashboard.tsx [Server Component]
    ./app/page.tsx [Server Component]

  Client Component SSR:
    ./app/components/shader-background.tsx [Client Component SSR]
    ./app/components/fact-check-dashboard.tsx [Client Component SSR]
    ./app/components/fact-check-dashboard.tsx [Server Component]
    ./app/page.tsx [Server Component] @ http://localhost:3000/_next/static/chunks/node_modules_next_dist_1e8vcs8._.js:1052
[  617980ms] [ERROR] ./app/components/shader-background.tsx:52:5
Error: Unexpected token. Did you mean `{'>'}` or `&gt;`?
  50 |       aria-pressed={!paused}
  51 |       onClick={() => setPaused(value => !value)}
> 52 |     >
     |     ^
  53 |       <svg width="14" height="14" viewBox="0 0 16 16" fill="none" stroke="currentColor" st...
  54 |         {paused ? <path d="m5 3 7 5-7 5Z"/> : <path d="M5 3v10M11 3v10"/>}
  55 |       </svg>

Parsing ecmascript source code failed

Import traces:
  Client Component Browser:
    ./app/components/shader-background.tsx [Client Component Browser]
    ./app/components/fact-check-dashboard.tsx [Client Component Browser]
    ./app/components/fact-check-dashboard.tsx [Server Component]
    ./app/page.tsx [Server Component]

  Client Component SSR:
    ./app/components/shader-background.tsx [Client Component SSR]
    ./app/components/fact-check-dashboard.tsx [Client Component SSR]
    ./app/components/fact-check-dashboard.tsx [Server Component]
    ./app/page.tsx [Server Component] @ http://localhost:3000/_next/static/chunks/node_modules_next_dist_1e8vcs8._.js:1052
[  618043ms] [ERROR] ./app/components/shader-background.tsx:52:5
Error: Unexpected token. Did you mean `{'>'}` or `&gt;`?
  50 |       aria-pressed={!paused}
  51 |       onClick={() => setPaused(value => !value)}
> 52 |     >
     |     ^
  53 |       <svg width="14" height="14" viewBox="0 0 16 16" fill="none" stroke="currentColor" st...
  54 |         {paused ? <path d="m5 3 7 5-7 5Z"/> : <path d="M5 3v10M11 3v10"/>}
  55 |       </svg>

Parsing ecmascript source code failed

Import traces:
  Client Component Browser:
    ./app/components/shader-background.tsx [Client Component Browser]
    ./app/components/fact-check-dashboard.tsx [Client Component Browser]
    ./app/components/fact-check-dashboard.tsx [Server Component]
    ./app/page.tsx [Server Component]

  Client Component SSR:
    ./app/components/shader-background.tsx [Client Component SSR]
    ./app/components/fact-check-dashboard.tsx [Client Component SSR]
    ./app/components/fact-check-dashboard.tsx [Server Component]
    ./app/page.tsx [Server Component] @ http://localhost:3000/_next/static/chunks/node_modules_next_dist_1e8vcs8._.js:1052
[  618090ms] [ERROR] ./app/components/shader-background.tsx:52:5
Error: Unexpected token. Did you mean `{'>'}` or `&gt;`?
  50 |       aria-pressed={!paused}
  51 |       onClick={() => setPaused(value => !value)}
> 52 |     >
     |     ^
  53 |       <svg width="14" height="14" viewBox="0 0 16 16" fill="none" stroke="currentColor" st...
  54 |         {paused ? <path d="m5 3 7 5-7 5Z"/> : <path d="M5 3v10M11 3v10"/>}
  55 |       </svg>

Parsing ecmascript source code failed

Import traces:
  Client Component Browser:
    ./app/components/shader-background.tsx [Client Component Browser]
    ./app/components/fact-check-dashboard.tsx [Client Component Browser]
    ./app/components/fact-check-dashboard.tsx [Server Component]
    ./app/page.tsx [Server Component]

  Client Component SSR:
    ./app/components/shader-background.tsx [Client Component SSR]
    ./app/components/fact-check-dashboard.tsx [Client Component SSR]
    ./app/components/fact-check-dashboard.tsx [Server Component]
    ./app/page.tsx [Server Component] @ http://localhost:3000/_next/static/chunks/node_modules_next_dist_1e8vcs8._.js:1052
[  618152ms] [ERROR] ./app/components/shader-background.tsx:52:5
Error: Unexpected token. Did you mean `{'>'}` or `&gt;`?
  50 |       aria-pressed={!paused}
  51 |       onClick={() => setPaused(value => !value)}
> 52 |     >
     |     ^
  53 |       <svg width="14" height="14" viewBox="0 0 16 16" fill="none" stroke="currentColor" st...
  54 |         {paused ? <path d="m5 3 7 5-7 5Z"/> : <path d="M5 3v10M11 3v10"/>}
  55 |       </svg>

Parsing ecmascript source code failed

Import traces:
  Client Component Browser:
    ./app/components/shader-background.tsx [Client Component Browser]
    ./app/components/fact-check-dashboard.tsx [Client Component Browser]
    ./app/components/fact-check-dashboard.tsx [Server Component]
    ./app/page.tsx [Server Component]

  Client Component SSR:
    ./app/components/shader-background.tsx [Client Component SSR]
    ./app/components/fact-check-dashboard.tsx [Client Component SSR]
    ./app/components/fact-check-dashboard.tsx [Server Component]
    ./app/page.tsx [Server Component] @ http://localhost:3000/_next/static/chunks/node_modules_next_dist_1e8vcs8._.js:1052
[  618215ms] [ERROR] ./app/components/shader-background.tsx:52:5
Error: Unexpected token. Did you mean `{'>'}` or `&gt;`?
  50 |       aria-pressed={!paused}
  51 |       onClick={() => setPaused(value => !value)}
> 52 |     >
     |     ^
  53 |       <svg width="14" height="14" viewBox="0 0 16 16" fill="none" stroke="currentColor" st...
  54 |         {paused ? <path d="m5 3 7 5-7 5Z"/> : <path d="M5 3v10M11 3v10"/>}
  55 |       </svg>

Parsing ecmascript source code failed

Import traces:
  Client Component Browser:
    ./app/components/shader-background.tsx [Client Component Browser]
    ./app/components/fact-check-dashboard.tsx [Client Component Browser]
    ./app/components/fact-check-dashboard.tsx [Server Component]
    ./app/page.tsx [Server Component]

  Client Component SSR:
    ./app/components/shader-background.tsx [Client Component SSR]
    ./app/components/fact-check-dashboard.tsx [Client Component SSR]
    ./app/components/fact-check-dashboard.tsx [Server Component]
    ./app/page.tsx [Server Component] @ http://localhost:3000/_next/static/chunks/node_modules_next_dist_1e8vcs8._.js:1052
[  618276ms] [ERROR] ./app/components/shader-background.tsx:52:5
Error: Unexpected token. Did you mean `{'>'}` or `&gt;`?
  50 |       aria-pressed={!paused}
  51 |       onClick={() => setPaused(value => !value)}
> 52 |     >
     |     ^
  53 |       <svg width="14" height="14" viewBox="0 0 16 16" fill="none" stroke="currentColor" st...
  54 |         {paused ? <path d="m5 3 7 5-7 5Z"/> : <path d="M5 3v10M11 3v10"/>}
  55 |       </svg>

Parsing ecmascript source code failed

Import traces:
  Client Component Browser:
    ./app/components/shader-background.tsx [Client Component Browser]
    ./app/components/fact-check-dashboard.tsx [Client Component Browser]
    ./app/components/fact-check-dashboard.tsx [Server Component]
    ./app/page.tsx [Server Component]

  Client Component SSR:
    ./app/components/shader-background.tsx [Client Component SSR]
    ./app/components/fact-check-dashboard.tsx [Client Component SSR]
    ./app/components/fact-check-dashboard.tsx [Server Component]
    ./app/page.tsx [Server Component] @ http://localhost:3000/_next/static/chunks/node_modules_next_dist_1e8vcs8._.js:1052
[  618338ms] [ERROR] ./app/components/shader-background.tsx:52:5
Error: Unexpected token. Did you mean `{'>'}` or `&gt;`?
  50 |       aria-pressed={!paused}
  51 |       onClick={() => setPaused(value => !value)}
> 52 |     >
     |     ^
  53 |       <svg width="14" height="14" viewBox="0 0 16 16" fill="none" stroke="currentColor" st...
  54 |         {paused ? <path d="m5 3 7 5-7 5Z"/> : <path d="M5 3v10M11 3v10"/>}
  55 |       </svg>

Parsing ecmascript source code failed

Import traces:
  Client Component Browser:
    ./app/components/shader-background.tsx [Client Component Browser]
    ./app/components/fact-check-dashboard.tsx [Client Component Browser]
    ./app/components/fact-check-dashboard.tsx [Server Component]
    ./app/page.tsx [Server Component]

  Client Component SSR:
    ./app/components/shader-background.tsx [Client Component SSR]
    ./app/components/fact-check-dashboard.tsx [Client Component SSR]
    ./app/components/fact-check-dashboard.tsx [Server Component]
    ./app/page.tsx [Server Component] @ http://localhost:3000/_next/static/chunks/node_modules_next_dist_1e8vcs8._.js:1052
[  618400ms] [ERROR] ./app/components/shader-background.tsx:52:5
Error: Unexpected token. Did you mean `{'>'}` or `&gt;`?
  50 |       aria-pressed={!paused}
  51 |       onClick={() => setPaused(value => !value)}
> 52 |     >
     |     ^
  53 |       <svg width="14" height="14" viewBox="0 0 16 16" fill="none" stroke="currentColor" st...
  54 |         {paused ? <path d="m5 3 7 5-7 5Z"/> : <path d="M5 3v10M11 3v10"/>}
  55 |       </svg>

Parsing ecmascript source code failed

Import traces:
  Client Component Browser:
    ./app/components/shader-background.tsx [Client Component Browser]
    ./app/components/fact-check-dashboard.tsx [Client Component Browser]
    ./app/components/fact-check-dashboard.tsx [Server Component]
    ./app/page.tsx [Server Component]

  Client Component SSR:
    ./app/components/shader-background.tsx [Client Component SSR]
    ./app/components/fact-check-dashboard.tsx [Client Component SSR]
    ./app/components/fact-check-dashboard.tsx [Server Component]
    ./app/page.tsx [Server Component] @ http://localhost:3000/_next/static/chunks/node_modules_next_dist_1e8vcs8._.js:1052
[  618462ms] [ERROR] ./app/components/shader-background.tsx:52:5
Error: Unexpected token. Did you mean `{'>'}` or `&gt;`?
  50 |       aria-pressed={!paused}
  51 |       onClick={() => setPaused(value => !value)}
> 52 |     >
     |     ^
  53 |       <svg width="14" height="14" viewBox="0 0 16 16" fill="none" stroke="currentColor" st...
  54 |         {paused ? <path d="m5 3 7 5-7 5Z"/> : <path d="M5 3v10M11 3v10"/>}
  55 |       </svg>

Parsing ecmascript source code failed

Import traces:
  Client Component Browser:
    ./app/components/shader-background.tsx [Client Component Browser]
    ./app/components/fact-check-dashboard.tsx [Client Component Browser]
    ./app/components/fact-check-dashboard.tsx [Server Component]
    ./app/page.tsx [Server Component]

  Client Component SSR:
    ./app/components/shader-background.tsx [Client Component SSR]
    ./app/components/fact-check-dashboard.tsx [Client Component SSR]
    ./app/components/fact-check-dashboard.tsx [Server Component]
    ./app/page.tsx [Server Component] @ http://localhost:3000/_next/static/chunks/node_modules_next_dist_1e8vcs8._.js:1052
[  618524ms] [ERROR] ./app/components/shader-background.tsx:52:5
Error: Unexpected token. Did you mean `{'>'}` or `&gt;`?
  50 |       aria-pressed={!paused}
  51 |       onClick={() => setPaused(value => !value)}
> 52 |     >
     |     ^
  53 |       <svg width="14" height="14" viewBox="0 0 16 16" fill="none" stroke="currentColor" st...
  54 |         {paused ? <path d="m5 3 7 5-7 5Z"/> : <path d="M5 3v10M11 3v10"/>}
  55 |       </svg>

Parsing ecmascript source code failed

Import traces:
  Client Component Browser:
    ./app/components/shader-background.tsx [Client Component Browser]
    ./app/components/fact-check-dashboard.tsx [Client Component Browser]
    ./app/components/fact-check-dashboard.tsx [Server Component]
    ./app/page.tsx [Server Component]

  Client Component SSR:
    ./app/components/shader-background.tsx [Client Component SSR]
    ./app/components/fact-check-dashboard.tsx [Client Component SSR]
    ./app/components/fact-check-dashboard.tsx [Server Component]
    ./app/page.tsx [Server Component] @ http://localhost:3000/_next/static/chunks/node_modules_next_dist_1e8vcs8._.js:1052
[  618572ms] [ERROR] ./app/components/shader-background.tsx:52:5
Error: Unexpected token. Did you mean `{'>'}` or `&gt;`?
  50 |       aria-pressed={!paused}
  51 |       onClick={() => setPaused(value => !value)}
> 52 |     >
     |     ^
  53 |       <svg width="14" height="14" viewBox="0 0 16 16" fill="none" stroke="currentColor" st...
  54 |         {paused ? <path d="m5 3 7 5-7 5Z"/> : <path d="M5 3v10M11 3v10"/>}
  55 |       </svg>

Parsing ecmascript source code failed

Import traces:
  Client Component Browser:
    ./app/components/shader-background.tsx [Client Component Browser]
    ./app/components/fact-check-dashboard.tsx [Client Component Browser]
    ./app/components/fact-check-dashboard.tsx [Server Component]
    ./app/page.tsx [Server Component]

  Client Component SSR:
    ./app/components/shader-background.tsx [Client Component SSR]
    ./app/components/fact-check-dashboard.tsx [Client Component SSR]
    ./app/components/fact-check-dashboard.tsx [Server Component]
    ./app/page.tsx [Server Component] @ http://localhost:3000/_next/static/chunks/node_modules_next_dist_1e8vcs8._.js:1052
[  618632ms] [ERROR] ./app/components/shader-background.tsx:52:5
Error: Unexpected token. Did you mean `{'>'}` or `&gt;`?
  50 |       aria-pressed={!paused}
  51 |       onClick={() => setPaused(value => !value)}
> 52 |     >
     |     ^
  53 |       <svg width="14" height="14" viewBox="0 0 16 16" fill="none" stroke="currentColor" st...
  54 |         {paused ? <path d="m5 3 7 5-7 5Z"/> : <path d="M5 3v10M11 3v10"/>}
  55 |       </svg>

Parsing ecmascript source code failed

Import traces:
  Client Component Browser:
    ./app/components/shader-background.tsx [Client Component Browser]
    ./app/components/fact-check-dashboard.tsx [Client Component Browser]
    ./app/components/fact-check-dashboard.tsx [Server Component]
    ./app/page.tsx [Server Component]

  Client Component SSR:
    ./app/components/shader-background.tsx [Client Component SSR]
    ./app/components/fact-check-dashboard.tsx [Client Component SSR]
    ./app/components/fact-check-dashboard.tsx [Server Component]
    ./app/page.tsx [Server Component] @ http://localhost:3000/_next/static/chunks/node_modules_next_dist_1e8vcs8._.js:1052
[  618694ms] [ERROR] ./app/components/shader-background.tsx:52:5
Error: Unexpected token. Did you mean `{'>'}` or `&gt;`?
  50 |       aria-pressed={!paused}
  51 |       onClick={() => setPaused(value => !value)}
> 52 |     >
     |     ^
  53 |       <svg width="14" height="14" viewBox="0 0 16 16" fill="none" stroke="currentColor" st...
  54 |         {paused ? <path d="m5 3 7 5-7 5Z"/> : <path d="M5 3v10M11 3v10"/>}
  55 |       </svg>

Parsing ecmascript source code failed

Import traces:
  Client Component Browser:
    ./app/components/shader-background.tsx [Client Component Browser]
    ./app/components/fact-check-dashboard.tsx [Client Component Browser]
    ./app/components/fact-check-dashboard.tsx [Server Component]
    ./app/page.tsx [Server Component]

  Client Component SSR:
    ./app/components/shader-background.tsx [Client Component SSR]
    ./app/components/fact-check-dashboard.tsx [Client Component SSR]
    ./app/components/fact-check-dashboard.tsx [Server Component]
    ./app/page.tsx [Server Component] @ http://localhost:3000/_next/static/chunks/node_modules_next_dist_1e8vcs8._.js:1052
[  618755ms] [ERROR] ./app/components/shader-background.tsx:52:5
Error: Unexpected token. Did you mean `{'>'}` or `&gt;`?
  50 |       aria-pressed={!paused}
  51 |       onClick={() => setPaused(value => !value)}
> 52 |     >
     |     ^
  53 |       <svg width="14" height="14" viewBox="0 0 16 16" fill="none" stroke="currentColor" st...
  54 |         {paused ? <path d="m5 3 7 5-7 5Z"/> : <path d="M5 3v10M11 3v10"/>}
  55 |       </svg>

Parsing ecmascript source code failed

Import traces:
  Client Component Browser:
    ./app/components/shader-background.tsx [Client Component Browser]
    ./app/components/fact-check-dashboard.tsx [Client Component Browser]
    ./app/components/fact-check-dashboard.tsx [Server Component]
    ./app/page.tsx [Server Component]

  Client Component SSR:
    ./app/components/shader-background.tsx [Client Component SSR]
    ./app/components/fact-check-dashboard.tsx [Client Component SSR]
    ./app/components/fact-check-dashboard.tsx [Server Component]
    ./app/page.tsx [Server Component] @ http://localhost:3000/_next/static/chunks/node_modules_next_dist_1e8vcs8._.js:1052
[  618816ms] [ERROR] ./app/components/shader-background.tsx:52:5
Error: Unexpected token. Did you mean `{'>'}` or `&gt;`?
  50 |       aria-pressed={!paused}
  51 |       onClick={() => setPaused(value => !value)}
> 52 |     >
     |     ^
  53 |       <svg width="14" height="14" viewBox="0 0 16 16" fill="none" stroke="currentColor" st...
  54 |         {paused ? <path d="m5 3 7 5-7 5Z"/> : <path d="M5 3v10M11 3v10"/>}
  55 |       </svg>

Parsing ecmascript source code failed

Import traces:
  Client Component Browser:
    ./app/components/shader-background.tsx [Client Component Browser]
    ./app/components/fact-check-dashboard.tsx [Client Component Browser]
    ./app/components/fact-check-dashboard.tsx [Server Component]
    ./app/page.tsx [Server Component]

  Client Component SSR:
    ./app/components/shader-background.tsx [Client Component SSR]
    ./app/components/fact-check-dashboard.tsx [Client Component SSR]
    ./app/components/fact-check-dashboard.tsx [Server Component]
    ./app/page.tsx [Server Component] @ http://localhost:3000/_next/static/chunks/node_modules_next_dist_1e8vcs8._.js:1052
[  618878ms] [ERROR] ./app/components/shader-background.tsx:52:5
Error: Unexpected token. Did you mean `{'>'}` or `&gt;`?
  50 |       aria-pressed={!paused}
  51 |       onClick={() => setPaused(value => !value)}
> 52 |     >
     |     ^
  53 |       <svg width="14" height="14" viewBox="0 0 16 16" fill="none" stroke="currentColor" st...
  54 |         {paused ? <path d="m5 3 7 5-7 5Z"/> : <path d="M5 3v10M11 3v10"/>}
  55 |       </svg>

Parsing ecmascript source code failed

Import traces:
  Client Component Browser:
    ./app/components/shader-background.tsx [Client Component Browser]
    ./app/components/fact-check-dashboard.tsx [Client Component Browser]
    ./app/components/fact-check-dashboard.tsx [Server Component]
    ./app/page.tsx [Server Component]

  Client Component SSR:
    ./app/components/shader-background.tsx [Client Component SSR]
    ./app/components/fact-check-dashboard.tsx [Client Component SSR]
    ./app/components/fact-check-dashboard.tsx [Server Component]
    ./app/page.tsx [Server Component] @ http://localhost:3000/_next/static/chunks/node_modules_next_dist_1e8vcs8._.js:1052
[  618926ms] [ERROR] ./app/components/shader-background.tsx:52:5
Error: Unexpected token. Did you mean `{'>'}` or `&gt;`?
  50 |       aria-pressed={!paused}
  51 |       onClick={() => setPaused(value => !value)}
> 52 |     >
     |     ^
  53 |       <svg width="14" height="14" viewBox="0 0 16 16" fill="none" stroke="currentColor" st...
  54 |         {paused ? <path d="m5 3 7 5-7 5Z"/> : <path d="M5 3v10M11 3v10"/>}
  55 |       </svg>

Parsing ecmascript source code failed

Import traces:
  Client Component Browser:
    ./app/components/shader-background.tsx [Client Component Browser]
    ./app/components/fact-check-dashboard.tsx [Client Component Browser]
    ./app/components/fact-check-dashboard.tsx [Server Component]
    ./app/page.tsx [Server Component]

  Client Component SSR:
    ./app/components/shader-background.tsx [Client Component SSR]
    ./app/components/fact-check-dashboard.tsx [Client Component SSR]
    ./app/components/fact-check-dashboard.tsx [Server Component]
    ./app/page.tsx [Server Component] @ http://localhost:3000/_next/static/chunks/node_modules_next_dist_1e8vcs8._.js:1052
[  618988ms] [ERROR] ./app/components/shader-background.tsx:52:5
Error: Unexpected token. Did you mean `{'>'}` or `&gt;`?
  50 |       aria-pressed={!paused}
  51 |       onClick={() => setPaused(value => !value)}
> 52 |     >
     |     ^
  53 |       <svg width="14" height="14" viewBox="0 0 16 16" fill="none" stroke="currentColor" st...
  54 |         {paused ? <path d="m5 3 7 5-7 5Z"/> : <path d="M5 3v10M11 3v10"/>}
  55 |       </svg>

Parsing ecmascript source code failed

Import traces:
  Client Component Browser:
    ./app/components/shader-background.tsx [Client Component Browser]
    ./app/components/fact-check-dashboard.tsx [Client Component Browser]
    ./app/components/fact-check-dashboard.tsx [Server Component]
    ./app/page.tsx [Server Component]

  Client Component SSR:
    ./app/components/shader-background.tsx [Client Component SSR]
    ./app/components/fact-check-dashboard.tsx [Client Component SSR]
    ./app/components/fact-check-dashboard.tsx [Server Component]
    ./app/page.tsx [Server Component] @ http://localhost:3000/_next/static/chunks/node_modules_next_dist_1e8vcs8._.js:1052
[  619050ms] [ERROR] ./app/components/shader-background.tsx:52:5
Error: Unexpected token. Did you mean `{'>'}` or `&gt;`?
  50 |       aria-pressed={!paused}
  51 |       onClick={() => setPaused(value => !value)}
> 52 |     >
     |     ^
  53 |       <svg width="14" height="14" viewBox="0 0 16 16" fill="none" stroke="currentColor" st...
  54 |         {paused ? <path d="m5 3 7 5-7 5Z"/> : <path d="M5 3v10M11 3v10"/>}
  55 |       </svg>

Parsing ecmascript source code failed

Import traces:
  Client Component Browser:
    ./app/components/shader-background.tsx [Client Component Browser]
    ./app/components/fact-check-dashboard.tsx [Client Component Browser]
    ./app/components/fact-check-dashboard.tsx [Server Component]
    ./app/page.tsx [Server Component]

  Client Component SSR:
    ./app/components/shader-background.tsx [Client Component SSR]
    ./app/components/fact-check-dashboard.tsx [Client Component SSR]
    ./app/components/fact-check-dashboard.tsx [Server Component]
    ./app/page.tsx [Server Component] @ http://localhost:3000/_next/static/chunks/node_modules_next_dist_1e8vcs8._.js:1052
[  619113ms] [ERROR] ./app/components/shader-background.tsx:52:5
Error: Unexpected token. Did you mean `{'>'}` or `&gt;`?
  50 |       aria-pressed={!paused}
  51 |       onClick={() => setPaused(value => !value)}
> 52 |     >
     |     ^
  53 |       <svg width="14" height="14" viewBox="0 0 16 16" fill="none" stroke="currentColor" st...
  54 |         {paused ? <path d="m5 3 7 5-7 5Z"/> : <path d="M5 3v10M11 3v10"/>}
  55 |       </svg>

Parsing ecmascript source code failed

Import traces:
  Client Component Browser:
    ./app/components/shader-background.tsx [Client Component Browser]
    ./app/components/fact-check-dashboard.tsx [Client Component Browser]
    ./app/components/fact-check-dashboard.tsx [Server Component]
    ./app/page.tsx [Server Component]

  Client Component SSR:
    ./app/components/shader-background.tsx [Client Component SSR]
    ./app/components/fact-check-dashboard.tsx [Client Component SSR]
    ./app/components/fact-check-dashboard.tsx [Server Component]
    ./app/page.tsx [Server Component] @ http://localhost:3000/_next/static/chunks/node_modules_next_dist_1e8vcs8._.js:1052
[  619175ms] [ERROR] ./app/components/shader-background.tsx:52:5
Error: Unexpected token. Did you mean `{'>'}` or `&gt;`?
  50 |       aria-pressed={!paused}
  51 |       onClick={() => setPaused(value => !value)}
> 52 |     >
     |     ^
  53 |       <svg width="14" height="14" viewBox="0 0 16 16" fill="none" stroke="currentColor" st...
  54 |         {paused ? <path d="m5 3 7 5-7 5Z"/> : <path d="M5 3v10M11 3v10"/>}
  55 |       </svg>

Parsing ecmascript source code failed

Import traces:
  Client Component Browser:
    ./app/components/shader-background.tsx [Client Component Browser]
    ./app/components/fact-check-dashboard.tsx [Client Component Browser]
    ./app/components/fact-check-dashboard.tsx [Server Component]
    ./app/page.tsx [Server Component]

  Client Component SSR:
    ./app/components/shader-background.tsx [Client Component SSR]
    ./app/components/fact-check-dashboard.tsx [Client Component SSR]
    ./app/components/fact-check-dashboard.tsx [Server Component]
    ./app/page.tsx [Server Component] @ http://localhost:3000/_next/static/chunks/node_modules_next_dist_1e8vcs8._.js:1052
[  619238ms] [ERROR] ./app/components/shader-background.tsx:52:5
Error: Unexpected token. Did you mean `{'>'}` or `&gt;`?
  50 |       aria-pressed={!paused}
  51 |       onClick={() => setPaused(value => !value)}
> 52 |     >
     |     ^
  53 |       <svg width="14" height="14" viewBox="0 0 16 16" fill="none" stroke="currentColor" st...
  54 |         {paused ? <path d="m5 3 7 5-7 5Z"/> : <path d="M5 3v10M11 3v10"/>}
  55 |       </svg>

Parsing ecmascript source code failed

Import traces:
  Client Component Browser:
    ./app/components/shader-background.tsx [Client Component Browser]
    ./app/components/fact-check-dashboard.tsx [Client Component Browser]
    ./app/components/fact-check-dashboard.tsx [Server Component]
    ./app/page.tsx [Server Component]

  Client Component SSR:
    ./app/components/shader-background.tsx [Client Component SSR]
    ./app/components/fact-check-dashboard.tsx [Client Component SSR]
    ./app/components/fact-check-dashboard.tsx [Server Component]
    ./app/page.tsx [Server Component] @ http://localhost:3000/_next/static/chunks/node_modules_next_dist_1e8vcs8._.js:1052
[  619300ms] [ERROR] ./app/components/shader-background.tsx:52:5
Error: Unexpected token. Did you mean `{'>'}` or `&gt;`?
  50 |       aria-pressed={!paused}
  51 |       onClick={() => setPaused(value => !value)}
> 52 |     >
     |     ^
  53 |       <svg width="14" height="14" viewBox="0 0 16 16" fill="none" stroke="currentColor" st...
  54 |         {paused ? <path d="m5 3 7 5-7 5Z"/> : <path d="M5 3v10M11 3v10"/>}
  55 |       </svg>

Parsing ecmascript source code failed

Import traces:
  Client Component Browser:
    ./app/components/shader-background.tsx [Client Component Browser]
    ./app/components/fact-check-dashboard.tsx [Client Component Browser]
    ./app/components/fact-check-dashboard.tsx [Server Component]
    ./app/page.tsx [Server Component]

  Client Component SSR:
    ./app/components/shader-background.tsx [Client Component SSR]
    ./app/components/fact-check-dashboard.tsx [Client Component SSR]
    ./app/components/fact-check-dashboard.tsx [Server Component]
    ./app/page.tsx [Server Component] @ http://localhost:3000/_next/static/chunks/node_modules_next_dist_1e8vcs8._.js:1052
[  619362ms] [ERROR] ./app/components/shader-background.tsx:52:5
Error: Unexpected token. Did you mean `{'>'}` or `&gt;`?
  50 |       aria-pressed={!paused}
  51 |       onClick={() => setPaused(value => !value)}
> 52 |     >
     |     ^
  53 |       <svg width="14" height="14" viewBox="0 0 16 16" fill="none" stroke="currentColor" st...
  54 |         {paused ? <path d="m5 3 7 5-7 5Z"/> : <path d="M5 3v10M11 3v10"/>}
  55 |       </svg>

Parsing ecmascript source code failed

Import traces:
  Client Component Browser:
    ./app/components/shader-background.tsx [Client Component Browser]
    ./app/components/fact-check-dashboard.tsx [Client Component Browser]
    ./app/components/fact-check-dashboard.tsx [Server Component]
    ./app/page.tsx [Server Component]

  Client Component SSR:
    ./app/components/shader-background.tsx [Client Component SSR]
    ./app/components/fact-check-dashboard.tsx [Client Component SSR]
    ./app/components/fact-check-dashboard.tsx [Server Component]
    ./app/page.tsx [Server Component] @ http://localhost:3000/_next/static/chunks/node_modules_next_dist_1e8vcs8._.js:1052
[  619422ms] [ERROR] ./app/components/shader-background.tsx:52:5
Error: Unexpected token. Did you mean `{'>'}` or `&gt;`?
  50 |       aria-pressed={!paused}
  51 |       onClick={() => setPaused(value => !value)}
> 52 |     >
     |     ^
  53 |       <svg width="14" height="14" viewBox="0 0 16 16" fill="none" stroke="currentColor" st...
  54 |         {paused ? <path d="m5 3 7 5-7 5Z"/> : <path d="M5 3v10M11 3v10"/>}
  55 |       </svg>

Parsing ecmascript source code failed

Import traces:
  Client Component Browser:
    ./app/components/shader-background.tsx [Client Component Browser]
    ./app/components/fact-check-dashboard.tsx [Client Component Browser]
    ./app/components/fact-check-dashboard.tsx [Server Component]
    ./app/page.tsx [Server Component]

  Client Component SSR:
    ./app/components/shader-background.tsx [Client Component SSR]
    ./app/components/fact-check-dashboard.tsx [Client Component SSR]
    ./app/components/fact-check-dashboard.tsx [Server Component]
    ./app/page.tsx [Server Component] @ http://localhost:3000/_next/static/chunks/node_modules_next_dist_1e8vcs8._.js:1052
[  619485ms] [ERROR] ./app/components/shader-background.tsx:52:5
Error: Unexpected token. Did you mean `{'>'}` or `&gt;`?
  50 |       aria-pressed={!paused}
  51 |       onClick={() => setPaused(value => !value)}
> 52 |     >
     |     ^
  53 |       <svg width="14" height="14" viewBox="0 0 16 16" fill="none" stroke="currentColor" st...
  54 |         {paused ? <path d="m5 3 7 5-7 5Z"/> : <path d="M5 3v10M11 3v10"/>}
  55 |       </svg>

Parsing ecmascript source code failed

Import traces:
  Client Component Browser:
    ./app/components/shader-background.tsx [Client Component Browser]
    ./app/components/fact-check-dashboard.tsx [Client Component Browser]
    ./app/components/fact-check-dashboard.tsx [Server Component]
    ./app/page.tsx [Server Component]

  Client Component SSR:
    ./app/components/shader-background.tsx [Client Component SSR]
    ./app/components/fact-check-dashboard.tsx [Client Component SSR]
    ./app/components/fact-check-dashboard.tsx [Server Component]
    ./app/page.tsx [Server Component] @ http://localhost:3000/_next/static/chunks/node_modules_next_dist_1e8vcs8._.js:1052
[  619544ms] [ERROR] ./app/components/shader-background.tsx:52:5
Error: Unexpected token. Did you mean `{'>'}` or `&gt;`?
  50 |       aria-pressed={!paused}
  51 |       onClick={() => setPaused(value => !value)}
> 52 |     >
     |     ^
  53 |       <svg width="14" height="14" viewBox="0 0 16 16" fill="none" stroke="currentColor" st...
  54 |         {paused ? <path d="m5 3 7 5-7 5Z"/> : <path d="M5 3v10M11 3v10"/>}
  55 |       </svg>

Parsing ecmascript source code failed

Import traces:
  Client Component Browser:
    ./app/components/shader-background.tsx [Client Component Browser]
    ./app/components/fact-check-dashboard.tsx [Client Component Browser]
    ./app/components/fact-check-dashboard.tsx [Server Component]
    ./app/page.tsx [Server Component]

  Client Component SSR:
    ./app/components/shader-background.tsx [Client Component SSR]
    ./app/components/fact-check-dashboard.tsx [Client Component SSR]
    ./app/components/fact-check-dashboard.tsx [Server Component]
    ./app/page.tsx [Server Component] @ http://localhost:3000/_next/static/chunks/node_modules_next_dist_1e8vcs8._.js:1052
[  619592ms] [ERROR] ./app/components/shader-background.tsx:52:5
Error: Unexpected token. Did you mean `{'>'}` or `&gt;`?
  50 |       aria-pressed={!paused}
  51 |       onClick={() => setPaused(value => !value)}
> 52 |     >
     |     ^
  53 |       <svg width="14" height="14" viewBox="0 0 16 16" fill="none" stroke="currentColor" st...
  54 |         {paused ? <path d="m5 3 7 5-7 5Z"/> : <path d="M5 3v10M11 3v10"/>}
  55 |       </svg>

Parsing ecmascript source code failed

Import traces:
  Client Component Browser:
    ./app/components/shader-background.tsx [Client Component Browser]
    ./app/components/fact-check-dashboard.tsx [Client Component Browser]
    ./app/components/fact-check-dashboard.tsx [Server Component]
    ./app/page.tsx [Server Component]

  Client Component SSR:
    ./app/components/shader-background.tsx [Client Component SSR]
    ./app/components/fact-check-dashboard.tsx [Client Component SSR]
    ./app/components/fact-check-dashboard.tsx [Server Component]
    ./app/page.tsx [Server Component] @ http://localhost:3000/_next/static/chunks/node_modules_next_dist_1e8vcs8._.js:1052
[  619638ms] [ERROR] ./app/components/shader-background.tsx:52:5
Error: Unexpected token. Did you mean `{'>'}` or `&gt;`?
  50 |       aria-pressed={!paused}
  51 |       onClick={() => setPaused(value => !value)}
> 52 |     >
     |     ^
  53 |       <svg width="14" height="14" viewBox="0 0 16 16" fill="none" stroke="currentColor" st...
  54 |         {paused ? <path d="m5 3 7 5-7 5Z"/> : <path d="M5 3v10M11 3v10"/>}
  55 |       </svg>

Parsing ecmascript source code failed

Import traces:
  Client Component Browser:
    ./app/components/shader-background.tsx [Client Component Browser]
    ./app/components/fact-check-dashboard.tsx [Client Component Browser]
    ./app/components/fact-check-dashboard.tsx [Server Component]
    ./app/page.tsx [Server Component]

  Client Component SSR:
    ./app/components/shader-background.tsx [Client Component SSR]
    ./app/components/fact-check-dashboard.tsx [Client Component SSR]
    ./app/components/fact-check-dashboard.tsx [Server Component]
    ./app/page.tsx [Server Component] @ http://localhost:3000/_next/static/chunks/node_modules_next_dist_1e8vcs8._.js:1052
[  619699ms] [ERROR] ./app/components/shader-background.tsx:52:5
Error: Unexpected token. Did you mean `{'>'}` or `&gt;`?
  50 |       aria-pressed={!paused}
  51 |       onClick={() => setPaused(value => !value)}
> 52 |     >
     |     ^
  53 |       <svg width="14" height="14" viewBox="0 0 16 16" fill="none" stroke="currentColor" st...
  54 |         {paused ? <path d="m5 3 7 5-7 5Z"/> : <path d="M5 3v10M11 3v10"/>}
  55 |       </svg>

Parsing ecmascript source code failed

Import traces:
  Client Component Browser:
    ./app/components/shader-background.tsx [Client Component Browser]
    ./app/components/fact-check-dashboard.tsx [Client Component Browser]
    ./app/components/fact-check-dashboard.tsx [Server Component]
    ./app/page.tsx [Server Component]

  Client Component SSR:
    ./app/components/shader-background.tsx [Client Component SSR]
    ./app/components/fact-check-dashboard.tsx [Client Component SSR]
    ./app/components/fact-check-dashboard.tsx [Server Component]
    ./app/page.tsx [Server Component] @ http://localhost:3000/_next/static/chunks/node_modules_next_dist_1e8vcs8._.js:1052
[  619747ms] [ERROR] ./app/components/shader-background.tsx:52:5
Error: Unexpected token. Did you mean `{'>'}` or `&gt;`?
  50 |       aria-pressed={!paused}
  51 |       onClick={() => setPaused(value => !value)}
> 52 |     >
     |     ^
  53 |       <svg width="14" height="14" viewBox="0 0 16 16" fill="none" stroke="currentColor" st...
  54 |         {paused ? <path d="m5 3 7 5-7 5Z"/> : <path d="M5 3v10M11 3v10"/>}
  55 |       </svg>

Parsing ecmascript source code failed

Import traces:
  Client Component Browser:
    ./app/components/shader-background.tsx [Client Component Browser]
    ./app/components/fact-check-dashboard.tsx [Client Component Browser]
    ./app/components/fact-check-dashboard.tsx [Server Component]
    ./app/page.tsx [Server Component]

  Client Component SSR:
    ./app/components/shader-background.tsx [Client Component SSR]
    ./app/components/fact-check-dashboard.tsx [Client Component SSR]
    ./app/components/fact-check-dashboard.tsx [Server Component]
    ./app/page.tsx [Server Component] @ http://localhost:3000/_next/static/chunks/node_modules_next_dist_1e8vcs8._.js:1052
[  619809ms] [ERROR] ./app/components/shader-background.tsx:52:5
Error: Unexpected token. Did you mean `{'>'}` or `&gt;`?
  50 |       aria-pressed={!paused}
  51 |       onClick={() => setPaused(value => !value)}
> 52 |     >
     |     ^
  53 |       <svg width="14" height="14" viewBox="0 0 16 16" fill="none" stroke="currentColor" st...
  54 |         {paused ? <path d="m5 3 7 5-7 5Z"/> : <path d="M5 3v10M11 3v10"/>}
  55 |       </svg>

Parsing ecmascript source code failed

Import traces:
  Client Component Browser:
    ./app/components/shader-background.tsx [Client Component Browser]
    ./app/components/fact-check-dashboard.tsx [Client Component Browser]
    ./app/components/fact-check-dashboard.tsx [Server Component]
    ./app/page.tsx [Server Component]

  Client Component SSR:
    ./app/components/shader-background.tsx [Client Component SSR]
    ./app/components/fact-check-dashboard.tsx [Client Component SSR]
    ./app/components/fact-check-dashboard.tsx [Server Component]
    ./app/page.tsx [Server Component] @ http://localhost:3000/_next/static/chunks/node_modules_next_dist_1e8vcs8._.js:1052
[  619870ms] [ERROR] ./app/components/shader-background.tsx:52:5
Error: Unexpected token. Did you mean `{'>'}` or `&gt;`?
  50 |       aria-pressed={!paused}
  51 |       onClick={() => setPaused(value => !value)}
> 52 |     >
     |     ^
  53 |       <svg width="14" height="14" viewBox="0 0 16 16" fill="none" stroke="currentColor" st...
  54 |         {paused ? <path d="m5 3 7 5-7 5Z"/> : <path d="M5 3v10M11 3v10"/>}
  55 |       </svg>

Parsing ecmascript source code failed

Import traces:
  Client Component Browser:
    ./app/components/shader-background.tsx [Client Component Browser]
    ./app/components/fact-check-dashboard.tsx [Client Component Browser]
    ./app/components/fact-check-dashboard.tsx [Server Component]
    ./app/page.tsx [Server Component]

  Client Component SSR:
    ./app/components/shader-background.tsx [Client Component SSR]
    ./app/components/fact-check-dashboard.tsx [Client Component SSR]
    ./app/components/fact-check-dashboard.tsx [Server Component]
    ./app/page.tsx [Server Component] @ http://localhost:3000/_next/static/chunks/node_modules_next_dist_1e8vcs8._.js:1052
[  619933ms] [ERROR] ./app/components/shader-background.tsx:52:5
Error: Unexpected token. Did you mean `{'>'}` or `&gt;`?
  50 |       aria-pressed={!paused}
  51 |       onClick={() => setPaused(value => !value)}
> 52 |     >
     |     ^
  53 |       <svg width="14" height="14" viewBox="0 0 16 16" fill="none" stroke="currentColor" st...
  54 |         {paused ? <path d="m5 3 7 5-7 5Z"/> : <path d="M5 3v10M11 3v10"/>}
  55 |       </svg>

Parsing ecmascript source code failed

Import traces:
  Client Component Browser:
    ./app/components/shader-background.tsx [Client Component Browser]
    ./app/components/fact-check-dashboard.tsx [Client Component Browser]
    ./app/components/fact-check-dashboard.tsx [Server Component]
    ./app/page.tsx [Server Component]

  Client Component SSR:
    ./app/components/shader-background.tsx [Client Component SSR]
    ./app/components/fact-check-dashboard.tsx [Client Component SSR]
    ./app/components/fact-check-dashboard.tsx [Server Component]
    ./app/page.tsx [Server Component] @ http://localhost:3000/_next/static/chunks/node_modules_next_dist_1e8vcs8._.js:1052
[  619994ms] [ERROR] ./app/components/shader-background.tsx:52:5
Error: Unexpected token. Did you mean `{'>'}` or `&gt;`?
  50 |       aria-pressed={!paused}
  51 |       onClick={() => setPaused(value => !value)}
> 52 |     >
     |     ^
  53 |       <svg width="14" height="14" viewBox="0 0 16 16" fill="none" stroke="currentColor" st...
  54 |         {paused ? <path d="m5 3 7 5-7 5Z"/> : <path d="M5 3v10M11 3v10"/>}
  55 |       </svg>

Parsing ecmascript source code failed

Import traces:
  Client Component Browser:
    ./app/components/shader-background.tsx [Client Component Browser]
    ./app/components/fact-check-dashboard.tsx [Client Component Browser]
    ./app/components/fact-check-dashboard.tsx [Server Component]
    ./app/page.tsx [Server Component]

  Client Component SSR:
    ./app/components/shader-background.tsx [Client Component SSR]
    ./app/components/fact-check-dashboard.tsx [Client Component SSR]
    ./app/components/fact-check-dashboard.tsx [Server Component]
    ./app/page.tsx [Server Component] @ http://localhost:3000/_next/static/chunks/node_modules_next_dist_1e8vcs8._.js:1052
[  620041ms] [ERROR] ./app/components/shader-background.tsx:52:5
Error: Unexpected token. Did you mean `{'>'}` or `&gt;`?
  50 |       aria-pressed={!paused}
  51 |       onClick={() => setPaused(value => !value)}
> 52 |     >
     |     ^
  53 |       <svg width="14" height="14" viewBox="0 0 16 16" fill="none" stroke="currentColor" st...
  54 |         {paused ? <path d="m5 3 7 5-7 5Z"/> : <path d="M5 3v10M11 3v10"/>}
  55 |       </svg>

Parsing ecmascript source code failed

Import traces:
  Client Component Browser:
    ./app/components/shader-background.tsx [Client Component Browser]
    ./app/components/fact-check-dashboard.tsx [Client Component Browser]
    ./app/components/fact-check-dashboard.tsx [Server Component]
    ./app/page.tsx [Server Component]

  Client Component SSR:
    ./app/components/shader-background.tsx [Client Component SSR]
    ./app/components/fact-check-dashboard.tsx [Client Component SSR]
    ./app/components/fact-check-dashboard.tsx [Server Component]
    ./app/page.tsx [Server Component] @ http://localhost:3000/_next/static/chunks/node_modules_next_dist_1e8vcs8._.js:1052
[  620103ms] [ERROR] ./app/components/shader-background.tsx:52:5
Error: Unexpected token. Did you mean `{'>'}` or `&gt;`?
  50 |       aria-pressed={!paused}
  51 |       onClick={() => setPaused(value => !value)}
> 52 |     >
     |     ^
  53 |       <svg width="14" height="14" viewBox="0 0 16 16" fill="none" stroke="currentColor" st...
  54 |         {paused ? <path d="m5 3 7 5-7 5Z"/> : <path d="M5 3v10M11 3v10"/>}
  55 |       </svg>

Parsing ecmascript source code failed

Import traces:
  Client Component Browser:
    ./app/components/shader-background.tsx [Client Component Browser]
    ./app/components/fact-check-dashboard.tsx [Client Component Browser]
    ./app/components/fact-check-dashboard.tsx [Server Component]
    ./app/page.tsx [Server Component]

  Client Component SSR:
    ./app/components/shader-background.tsx [Client Component SSR]
    ./app/components/fact-check-dashboard.tsx [Client Component SSR]
    ./app/components/fact-check-dashboard.tsx [Server Component]
    ./app/page.tsx [Server Component] @ http://localhost:3000/_next/static/chunks/node_modules_next_dist_1e8vcs8._.js:1052
[  620166ms] [ERROR] ./app/components/shader-background.tsx:52:5
Error: Unexpected token. Did you mean `{'>'}` or `&gt;`?
  50 |       aria-pressed={!paused}
  51 |       onClick={() => setPaused(value => !value)}
> 52 |     >
     |     ^
  53 |       <svg width="14" height="14" viewBox="0 0 16 16" fill="none" stroke="currentColor" st...
  54 |         {paused ? <path d="m5 3 7 5-7 5Z"/> : <path d="M5 3v10M11 3v10"/>}
  55 |       </svg>

Parsing ecmascript source code failed

Import traces:
  Client Component Browser:
    ./app/components/shader-background.tsx [Client Component Browser]
    ./app/components/fact-check-dashboard.tsx [Client Component Browser]
    ./app/components/fact-check-dashboard.tsx [Server Component]
    ./app/page.tsx [Server Component]

  Client Component SSR:
    ./app/components/shader-background.tsx [Client Component SSR]
    ./app/components/fact-check-dashboard.tsx [Client Component SSR]
    ./app/components/fact-check-dashboard.tsx [Server Component]
    ./app/page.tsx [Server Component] @ http://localhost:3000/_next/static/chunks/node_modules_next_dist_1e8vcs8._.js:1052
[  620213ms] [ERROR] ./app/components/shader-background.tsx:52:5
Error: Unexpected token. Did you mean `{'>'}` or `&gt;`?
  50 |       aria-pressed={!paused}
  51 |       onClick={() => setPaused(value => !value)}
> 52 |     >
     |     ^
  53 |       <svg width="14" height="14" viewBox="0 0 16 16" fill="none" stroke="currentColor" st...
  54 |         {paused ? <path d="m5 3 7 5-7 5Z"/> : <path d="M5 3v10M11 3v10"/>}
  55 |       </svg>

Parsing ecmascript source code failed

Import traces:
  Client Component Browser:
    ./app/components/shader-background.tsx [Client Component Browser]
    ./app/components/fact-check-dashboard.tsx [Client Component Browser]
    ./app/components/fact-check-dashboard.tsx [Server Component]
    ./app/page.tsx [Server Component]

  Client Component SSR:
    ./app/components/shader-background.tsx [Client Component SSR]
    ./app/components/fact-check-dashboard.tsx [Client Component SSR]
    ./app/components/fact-check-dashboard.tsx [Server Component]
    ./app/page.tsx [Server Component] @ http://localhost:3000/_next/static/chunks/node_modules_next_dist_1e8vcs8._.js:1052
[  620275ms] [ERROR] ./app/components/shader-background.tsx:52:5
Error: Unexpected token. Did you mean `{'>'}` or `&gt;`?
  50 |       aria-pressed={!paused}
  51 |       onClick={() => setPaused(value => !value)}
> 52 |     >
     |     ^
  53 |       <svg width="14" height="14" viewBox="0 0 16 16" fill="none" stroke="currentColor" st...
  54 |         {paused ? <path d="m5 3 7 5-7 5Z"/> : <path d="M5 3v10M11 3v10"/>}
  55 |       </svg>

Parsing ecmascript source code failed

Import traces:
  Client Component Browser:
    ./app/components/shader-background.tsx [Client Component Browser]
    ./app/components/fact-check-dashboard.tsx [Client Component Browser]
    ./app/components/fact-check-dashboard.tsx [Server Component]
    ./app/page.tsx [Server Component]

  Client Component SSR:
    ./app/components/shader-background.tsx [Client Component SSR]
    ./app/components/fact-check-dashboard.tsx [Client Component SSR]
    ./app/components/fact-check-dashboard.tsx [Server Component]
    ./app/page.tsx [Server Component] @ http://localhost:3000/_next/static/chunks/node_modules_next_dist_1e8vcs8._.js:1052
[  620323ms] [ERROR] ./app/components/shader-background.tsx:52:5
Error: Unexpected token. Did you mean `{'>'}` or `&gt;`?
  50 |       aria-pressed={!paused}
  51 |       onClick={() => setPaused(value => !value)}
> 52 |     >
     |     ^
  53 |       <svg width="14" height="14" viewBox="0 0 16 16" fill="none" stroke="currentColor" st...
  54 |         {paused ? <path d="m5 3 7 5-7 5Z"/> : <path d="M5 3v10M11 3v10"/>}
  55 |       </svg>

Parsing ecmascript source code failed

Import traces:
  Client Component Browser:
    ./app/components/shader-background.tsx [Client Component Browser]
    ./app/components/fact-check-dashboard.tsx [Client Component Browser]
    ./app/components/fact-check-dashboard.tsx [Server Component]
    ./app/page.tsx [Server Component]

  Client Component SSR:
    ./app/components/shader-background.tsx [Client Component SSR]
    ./app/components/fact-check-dashboard.tsx [Client Component SSR]
    ./app/components/fact-check-dashboard.tsx [Server Component]
    ./app/page.tsx [Server Component] @ http://localhost:3000/_next/static/chunks/node_modules_next_dist_1e8vcs8._.js:1052
[  620386ms] [ERROR] ./app/components/shader-background.tsx:52:5
Error: Unexpected token. Did you mean `{'>'}` or `&gt;`?
  50 |       aria-pressed={!paused}
  51 |       onClick={() => setPaused(value => !value)}
> 52 |     >
     |     ^
  53 |       <svg width="14" height="14" viewBox="0 0 16 16" fill="none" stroke="currentColor" st...
  54 |         {paused ? <path d="m5 3 7 5-7 5Z"/> : <path d="M5 3v10M11 3v10"/>}
  55 |       </svg>

Parsing ecmascript source code failed

Import traces:
  Client Component Browser:
    ./app/components/shader-background.tsx [Client Component Browser]
    ./app/components/fact-check-dashboard.tsx [Client Component Browser]
    ./app/components/fact-check-dashboard.tsx [Server Component]
    ./app/page.tsx [Server Component]

  Client Component SSR:
    ./app/components/shader-background.tsx [Client Component SSR]
    ./app/components/fact-check-dashboard.tsx [Client Component SSR]
    ./app/components/fact-check-dashboard.tsx [Server Component]
    ./app/page.tsx [Server Component] @ http://localhost:3000/_next/static/chunks/node_modules_next_dist_1e8vcs8._.js:1052
[  620433ms] [ERROR] ./app/components/shader-background.tsx:52:5
Error: Unexpected token. Did you mean `{'>'}` or `&gt;`?
  50 |       aria-pressed={!paused}
  51 |       onClick={() => setPaused(value => !value)}
> 52 |     >
     |     ^
  53 |       <svg width="14" height="14" viewBox="0 0 16 16" fill="none" stroke="currentColor" st...
  54 |         {paused ? <path d="m5 3 7 5-7 5Z"/> : <path d="M5 3v10M11 3v10"/>}
  55 |       </svg>

Parsing ecmascript source code failed

Import traces:
  Client Component Browser:
    ./app/components/shader-background.tsx [Client Component Browser]
    ./app/components/fact-check-dashboard.tsx [Client Component Browser]
    ./app/components/fact-check-dashboard.tsx [Server Component]
    ./app/page.tsx [Server Component]

  Client Component SSR:
    ./app/components/shader-background.tsx [Client Component SSR]
    ./app/components/fact-check-dashboard.tsx [Client Component SSR]
    ./app/components/fact-check-dashboard.tsx [Server Component]
    ./app/page.tsx [Server Component] @ http://localhost:3000/_next/static/chunks/node_modules_next_dist_1e8vcs8._.js:1052
[  620493ms] [ERROR] ./app/components/shader-background.tsx:52:5
Error: Unexpected token. Did you mean `{'>'}` or `&gt;`?
  50 |       aria-pressed={!paused}
  51 |       onClick={() => setPaused(value => !value)}
> 52 |     >
     |     ^
  53 |       <svg width="14" height="14" viewBox="0 0 16 16" fill="none" stroke="currentColor" st...
  54 |         {paused ? <path d="m5 3 7 5-7 5Z"/> : <path d="M5 3v10M11 3v10"/>}
  55 |       </svg>

Parsing ecmascript source code failed

Import traces:
  Client Component Browser:
    ./app/components/shader-background.tsx [Client Component Browser]
    ./app/components/fact-check-dashboard.tsx [Client Component Browser]
    ./app/components/fact-check-dashboard.tsx [Server Component]
    ./app/page.tsx [Server Component]

  Client Component SSR:
    ./app/components/shader-background.tsx [Client Component SSR]
    ./app/components/fact-check-dashboard.tsx [Client Component SSR]
    ./app/components/fact-check-dashboard.tsx [Server Component]
    ./app/page.tsx [Server Component] @ http://localhost:3000/_next/static/chunks/node_modules_next_dist_1e8vcs8._.js:1052
[  620555ms] [ERROR] ./app/components/shader-background.tsx:52:5
Error: Unexpected token. Did you mean `{'>'}` or `&gt;`?
  50 |       aria-pressed={!paused}
  51 |       onClick={() => setPaused(value => !value)}
> 52 |     >
     |     ^
  53 |       <svg width="14" height="14" viewBox="0 0 16 16" fill="none" stroke="currentColor" st...
  54 |         {paused ? <path d="m5 3 7 5-7 5Z"/> : <path d="M5 3v10M11 3v10"/>}
  55 |       </svg>

Parsing ecmascript source code failed

Import traces:
  Client Component Browser:
    ./app/components/shader-background.tsx [Client Component Browser]
    ./app/components/fact-check-dashboard.tsx [Client Component Browser]
    ./app/components/fact-check-dashboard.tsx [Server Component]
    ./app/page.tsx [Server Component]

  Client Component SSR:
    ./app/components/shader-background.tsx [Client Component SSR]
    ./app/components/fact-check-dashboard.tsx [Client Component SSR]
    ./app/components/fact-check-dashboard.tsx [Server Component]
    ./app/page.tsx [Server Component] @ http://localhost:3000/_next/static/chunks/node_modules_next_dist_1e8vcs8._.js:1052
[  620603ms] [ERROR] ./app/components/shader-background.tsx:52:5
Error: Unexpected token. Did you mean `{'>'}` or `&gt;`?
  50 |       aria-pressed={!paused}
  51 |       onClick={() => setPaused(value => !value)}
> 52 |     >
     |     ^
  53 |       <svg width="14" height="14" viewBox="0 0 16 16" fill="none" stroke="currentColor" st...
  54 |         {paused ? <path d="m5 3 7 5-7 5Z"/> : <path d="M5 3v10M11 3v10"/>}
  55 |       </svg>

Parsing ecmascript source code failed

Import traces:
  Client Component Browser:
    ./app/components/shader-background.tsx [Client Component Browser]
    ./app/components/fact-check-dashboard.tsx [Client Component Browser]
    ./app/components/fact-check-dashboard.tsx [Server Component]
    ./app/page.tsx [Server Component]

  Client Component SSR:
    ./app/components/shader-background.tsx [Client Component SSR]
    ./app/components/fact-check-dashboard.tsx [Client Component SSR]
    ./app/components/fact-check-dashboard.tsx [Server Component]
    ./app/page.tsx [Server Component] @ http://localhost:3000/_next/static/chunks/node_modules_next_dist_1e8vcs8._.js:1052
[  620649ms] [ERROR] ./app/components/shader-background.tsx:52:5
Error: Unexpected token. Did you mean `{'>'}` or `&gt;`?
  50 |       aria-pressed={!paused}
  51 |       onClick={() => setPaused(value => !value)}
> 52 |     >
     |     ^
  53 |       <svg width="14" height="14" viewBox="0 0 16 16" fill="none" stroke="currentColor" st...
  54 |         {paused ? <path d="m5 3 7 5-7 5Z"/> : <path d="M5 3v10M11 3v10"/>}
  55 |       </svg>

Parsing ecmascript source code failed

Import traces:
  Client Component Browser:
    ./app/components/shader-background.tsx [Client Component Browser]
    ./app/components/fact-check-dashboard.tsx [Client Component Browser]
    ./app/components/fact-check-dashboard.tsx [Server Component]
    ./app/page.tsx [Server Component]

  Client Component SSR:
    ./app/components/shader-background.tsx [Client Component SSR]
    ./app/components/fact-check-dashboard.tsx [Client Component SSR]
    ./app/components/fact-check-dashboard.tsx [Server Component]
    ./app/page.tsx [Server Component] @ http://localhost:3000/_next/static/chunks/node_modules_next_dist_1e8vcs8._.js:1052
[  620710ms] [ERROR] ./app/components/shader-background.tsx:52:5
Error: Unexpected token. Did you mean `{'>'}` or `&gt;`?
  50 |       aria-pressed={!paused}
  51 |       onClick={() => setPaused(value => !value)}
> 52 |     >
     |     ^
  53 |       <svg width="14" height="14" viewBox="0 0 16 16" fill="none" stroke="currentColor" st...
  54 |         {paused ? <path d="m5 3 7 5-7 5Z"/> : <path d="M5 3v10M11 3v10"/>}
  55 |       </svg>

Parsing ecmascript source code failed

Import traces:
  Client Component Browser:
    ./app/components/shader-background.tsx [Client Component Browser]
    ./app/components/fact-check-dashboard.tsx [Client Component Browser]
    ./app/components/fact-check-dashboard.tsx [Server Component]
    ./app/page.tsx [Server Component]

  Client Component SSR:
    ./app/components/shader-background.tsx [Client Component SSR]
    ./app/components/fact-check-dashboard.tsx [Client Component SSR]
    ./app/components/fact-check-dashboard.tsx [Server Component]
    ./app/page.tsx [Server Component] @ http://localhost:3000/_next/static/chunks/node_modules_next_dist_1e8vcs8._.js:1052
[  620770ms] [ERROR] ./app/components/shader-background.tsx:52:5
Error: Unexpected token. Did you mean `{'>'}` or `&gt;`?
  50 |       aria-pressed={!paused}
  51 |       onClick={() => setPaused(value => !value)}
> 52 |     >
     |     ^
  53 |       <svg width="14" height="14" viewBox="0 0 16 16" fill="none" stroke="currentColor" st...
  54 |         {paused ? <path d="m5 3 7 5-7 5Z"/> : <path d="M5 3v10M11 3v10"/>}
  55 |       </svg>

Parsing ecmascript source code failed

Import traces:
  Client Component Browser:
    ./app/components/shader-background.tsx [Client Component Browser]
    ./app/components/fact-check-dashboard.tsx [Client Component Browser]
    ./app/components/fact-check-dashboard.tsx [Server Component]
    ./app/page.tsx [Server Component]

  Client Component SSR:
    ./app/components/shader-background.tsx [Client Component SSR]
    ./app/components/fact-check-dashboard.tsx [Client Component SSR]
    ./app/components/fact-check-dashboard.tsx [Server Component]
    ./app/page.tsx [Server Component] @ http://localhost:3000/_next/static/chunks/node_modules_next_dist_1e8vcs8._.js:1052
[  620832ms] [ERROR] ./app/components/shader-background.tsx:52:5
Error: Unexpected token. Did you mean `{'>'}` or `&gt;`?
  50 |       aria-pressed={!paused}
  51 |       onClick={() => setPaused(value => !value)}
> 52 |     >
     |     ^
  53 |       <svg width="14" height="14" viewBox="0 0 16 16" fill="none" stroke="currentColor" st...
  54 |         {paused ? <path d="m5 3 7 5-7 5Z"/> : <path d="M5 3v10M11 3v10"/>}
  55 |       </svg>

Parsing ecmascript source code failed

Import traces:
  Client Component Browser:
    ./app/components/shader-background.tsx [Client Component Browser]
    ./app/components/fact-check-dashboard.tsx [Client Component Browser]
    ./app/components/fact-check-dashboard.tsx [Server Component]
    ./app/page.tsx [Server Component]

  Client Component SSR:
    ./app/components/shader-background.tsx [Client Component SSR]
    ./app/components/fact-check-dashboard.tsx [Client Component SSR]
    ./app/components/fact-check-dashboard.tsx [Server Component]
    ./app/page.tsx [Server Component] @ http://localhost:3000/_next/static/chunks/node_modules_next_dist_1e8vcs8._.js:1052
[  620895ms] [ERROR] ./app/components/shader-background.tsx:52:5
Error: Unexpected token. Did you mean `{'>'}` or `&gt;`?
  50 |       aria-pressed={!paused}
  51 |       onClick={() => setPaused(value => !value)}
> 52 |     >
     |     ^
  53 |       <svg width="14" height="14" viewBox="0 0 16 16" fill="none" stroke="currentColor" st...
  54 |         {paused ? <path d="m5 3 7 5-7 5Z"/> : <path d="M5 3v10M11 3v10"/>}
  55 |       </svg>

Parsing ecmascript source code failed

Import traces:
  Client Component Browser:
    ./app/components/shader-background.tsx [Client Component Browser]
    ./app/components/fact-check-dashboard.tsx [Client Component Browser]
    ./app/components/fact-check-dashboard.tsx [Server Component]
    ./app/page.tsx [Server Component]

  Client Component SSR:
    ./app/components/shader-background.tsx [Client Component SSR]
    ./app/components/fact-check-dashboard.tsx [Client Component SSR]
    ./app/components/fact-check-dashboard.tsx [Server Component]
    ./app/page.tsx [Server Component] @ http://localhost:3000/_next/static/chunks/node_modules_next_dist_1e8vcs8._.js:1052
[  620957ms] [ERROR] ./app/components/shader-background.tsx:52:5
Error: Unexpected token. Did you mean `{'>'}` or `&gt;`?
  50 |       aria-pressed={!paused}
  51 |       onClick={() => setPaused(value => !value)}
> 52 |     >
     |     ^
  53 |       <svg width="14" height="14" viewBox="0 0 16 16" fill="none" stroke="currentColor" st...
  54 |         {paused ? <path d="m5 3 7 5-7 5Z"/> : <path d="M5 3v10M11 3v10"/>}
  55 |       </svg>

Parsing ecmascript source code failed

Import traces:
  Client Component Browser:
    ./app/components/shader-background.tsx [Client Component Browser]
    ./app/components/fact-check-dashboard.tsx [Client Component Browser]
    ./app/components/fact-check-dashboard.tsx [Server Component]
    ./app/page.tsx [Server Component]

  Client Component SSR:
    ./app/components/shader-background.tsx [Client Component SSR]
    ./app/components/fact-check-dashboard.tsx [Client Component SSR]
    ./app/components/fact-check-dashboard.tsx [Server Component]
    ./app/page.tsx [Server Component] @ http://localhost:3000/_next/static/chunks/node_modules_next_dist_1e8vcs8._.js:1052
[  621019ms] [ERROR] ./app/components/shader-background.tsx:52:5
Error: Unexpected token. Did you mean `{'>'}` or `&gt;`?
  50 |       aria-pressed={!paused}
  51 |       onClick={() => setPaused(value => !value)}
> 52 |     >
     |     ^
  53 |       <svg width="14" height="14" viewBox="0 0 16 16" fill="none" stroke="currentColor" st...
  54 |         {paused ? <path d="m5 3 7 5-7 5Z"/> : <path d="M5 3v10M11 3v10"/>}
  55 |       </svg>

Parsing ecmascript source code failed

Import traces:
  Client Component Browser:
    ./app/components/shader-background.tsx [Client Component Browser]
    ./app/components/fact-check-dashboard.tsx [Client Component Browser]
    ./app/components/fact-check-dashboard.tsx [Server Component]
    ./app/page.tsx [Server Component]

  Client Component SSR:
    ./app/components/shader-background.tsx [Client Component SSR]
    ./app/components/fact-check-dashboard.tsx [Client Component SSR]
    ./app/components/fact-check-dashboard.tsx [Server Component]
    ./app/page.tsx [Server Component] @ http://localhost:3000/_next/static/chunks/node_modules_next_dist_1e8vcs8._.js:1052
[  621066ms] [ERROR] ./app/components/shader-background.tsx:52:5
Error: Unexpected token. Did you mean `{'>'}` or `&gt;`?
  50 |       aria-pressed={!paused}
  51 |       onClick={() => setPaused(value => !value)}
> 52 |     >
     |     ^
  53 |       <svg width="14" height="14" viewBox="0 0 16 16" fill="none" stroke="currentColor" st...
  54 |         {paused ? <path d="m5 3 7 5-7 5Z"/> : <path d="M5 3v10M11 3v10"/>}
  55 |       </svg>

Parsing ecmascript source code failed

Import traces:
  Client Component Browser:
    ./app/components/shader-background.tsx [Client Component Browser]
    ./app/components/fact-check-dashboard.tsx [Client Component Browser]
    ./app/components/fact-check-dashboard.tsx [Server Component]
    ./app/page.tsx [Server Component]

  Client Component SSR:
    ./app/components/shader-background.tsx [Client Component SSR]
    ./app/components/fact-check-dashboard.tsx [Client Component SSR]
    ./app/components/fact-check-dashboard.tsx [Server Component]
    ./app/page.tsx [Server Component] @ http://localhost:3000/_next/static/chunks/node_modules_next_dist_1e8vcs8._.js:1052
[  621113ms] [ERROR] ./app/components/shader-background.tsx:52:5
Error: Unexpected token. Did you mean `{'>'}` or `&gt;`?
  50 |       aria-pressed={!paused}
  51 |       onClick={() => setPaused(value => !value)}
> 52 |     >
     |     ^
  53 |       <svg width="14" height="14" viewBox="0 0 16 16" fill="none" stroke="currentColor" st...
  54 |         {paused ? <path d="m5 3 7 5-7 5Z"/> : <path d="M5 3v10M11 3v10"/>}
  55 |       </svg>

Parsing ecmascript source code failed

Import traces:
  Client Component Browser:
    ./app/components/shader-background.tsx [Client Component Browser]
    ./app/components/fact-check-dashboard.tsx [Client Component Browser]
    ./app/components/fact-check-dashboard.tsx [Server Component]
    ./app/page.tsx [Server Component]

  Client Component SSR:
    ./app/components/shader-background.tsx [Client Component SSR]
    ./app/components/fact-check-dashboard.tsx [Client Component SSR]
    ./app/components/fact-check-dashboard.tsx [Server Component]
    ./app/page.tsx [Server Component] @ http://localhost:3000/_next/static/chunks/node_modules_next_dist_1e8vcs8._.js:1052
[  621173ms] [ERROR] ./app/components/shader-background.tsx:52:5
Error: Unexpected token. Did you mean `{'>'}` or `&gt;`?
  50 |       aria-pressed={!paused}
  51 |       onClick={() => setPaused(value => !value)}
> 52 |     >
     |     ^
  53 |       <svg width="14" height="14" viewBox="0 0 16 16" fill="none" stroke="currentColor" st...
  54 |         {paused ? <path d="m5 3 7 5-7 5Z"/> : <path d="M5 3v10M11 3v10"/>}
  55 |       </svg>

Parsing ecmascript source code failed

Import traces:
  Client Component Browser:
    ./app/components/shader-background.tsx [Client Component Browser]
    ./app/components/fact-check-dashboard.tsx [Client Component Browser]
    ./app/components/fact-check-dashboard.tsx [Server Component]
    ./app/page.tsx [Server Component]

  Client Component SSR:
    ./app/components/shader-background.tsx [Client Component SSR]
    ./app/components/fact-check-dashboard.tsx [Client Component SSR]
    ./app/components/fact-check-dashboard.tsx [Server Component]
    ./app/page.tsx [Server Component] @ http://localhost:3000/_next/static/chunks/node_modules_next_dist_1e8vcs8._.js:1052
[  621237ms] [ERROR] ./app/components/shader-background.tsx:52:5
Error: Unexpected token. Did you mean `{'>'}` or `&gt;`?
  50 |       aria-pressed={!paused}
  51 |       onClick={() => setPaused(value => !value)}
> 52 |     >
     |     ^
  53 |       <svg width="14" height="14" viewBox="0 0 16 16" fill="none" stroke="currentColor" st...
  54 |         {paused ? <path d="m5 3 7 5-7 5Z"/> : <path d="M5 3v10M11 3v10"/>}
  55 |       </svg>

Parsing ecmascript source code failed

Import traces:
  Client Component Browser:
    ./app/components/shader-background.tsx [Client Component Browser]
    ./app/components/fact-check-dashboard.tsx [Client Component Browser]
    ./app/components/fact-check-dashboard.tsx [Server Component]
    ./app/page.tsx [Server Component]

  Client Component SSR:
    ./app/components/shader-background.tsx [Client Component SSR]
    ./app/components/fact-check-dashboard.tsx [Client Component SSR]
    ./app/components/fact-check-dashboard.tsx [Server Component]
    ./app/page.tsx [Server Component] @ http://localhost:3000/_next/static/chunks/node_modules_next_dist_1e8vcs8._.js:1052
[  621300ms] [ERROR] ./app/components/shader-background.tsx:52:5
Error: Unexpected token. Did you mean `{'>'}` or `&gt;`?
  50 |       aria-pressed={!paused}
  51 |       onClick={() => setPaused(value => !value)}
> 52 |     >
     |     ^
  53 |       <svg width="14" height="14" viewBox="0 0 16 16" fill="none" stroke="currentColor" st...
  54 |         {paused ? <path d="m5 3 7 5-7 5Z"/> : <path d="M5 3v10M11 3v10"/>}
  55 |       </svg>

Parsing ecmascript source code failed

Import traces:
  Client Component Browser:
    ./app/components/shader-background.tsx [Client Component Browser]
    ./app/components/fact-check-dashboard.tsx [Client Component Browser]
    ./app/components/fact-check-dashboard.tsx [Server Component]
    ./app/page.tsx [Server Component]

  Client Component SSR:
    ./app/components/shader-background.tsx [Client Component SSR]
    ./app/components/fact-check-dashboard.tsx [Client Component SSR]
    ./app/components/fact-check-dashboard.tsx [Server Component]
    ./app/page.tsx [Server Component] @ http://localhost:3000/_next/static/chunks/node_modules_next_dist_1e8vcs8._.js:1052
[  621360ms] [ERROR] ./app/components/shader-background.tsx:52:5
Error: Unexpected token. Did you mean `{'>'}` or `&gt;`?
  50 |       aria-pressed={!paused}
  51 |       onClick={() => setPaused(value => !value)}
> 52 |     >
     |     ^
  53 |       <svg width="14" height="14" viewBox="0 0 16 16" fill="none" stroke="currentColor" st...
  54 |         {paused ? <path d="m5 3 7 5-7 5Z"/> : <path d="M5 3v10M11 3v10"/>}
  55 |       </svg>

Parsing ecmascript source code failed

Import traces:
  Client Component Browser:
    ./app/components/shader-background.tsx [Client Component Browser]
    ./app/components/fact-check-dashboard.tsx [Client Component Browser]
    ./app/components/fact-check-dashboard.tsx [Server Component]
    ./app/page.tsx [Server Component]

  Client Component SSR:
    ./app/components/shader-background.tsx [Client Component SSR]
    ./app/components/fact-check-dashboard.tsx [Client Component SSR]
    ./app/components/fact-check-dashboard.tsx [Server Component]
    ./app/page.tsx [Server Component] @ http://localhost:3000/_next/static/chunks/node_modules_next_dist_1e8vcs8._.js:1052
[  621423ms] [ERROR] ./app/components/shader-background.tsx:52:5
Error: Unexpected token. Did you mean `{'>'}` or `&gt;`?
  50 |       aria-pressed={!paused}
  51 |       onClick={() => setPaused(value => !value)}
> 52 |     >
     |     ^
  53 |       <svg width="14" height="14" viewBox="0 0 16 16" fill="none" stroke="currentColor" st...
  54 |         {paused ? <path d="m5 3 7 5-7 5Z"/> : <path d="M5 3v10M11 3v10"/>}
  55 |       </svg>

Parsing ecmascript source code failed

Import traces:
  Client Component Browser:
    ./app/components/shader-background.tsx [Client Component Browser]
    ./app/components/fact-check-dashboard.tsx [Client Component Browser]
    ./app/components/fact-check-dashboard.tsx [Server Component]
    ./app/page.tsx [Server Component]

  Client Component SSR:
    ./app/components/shader-background.tsx [Client Component SSR]
    ./app/components/fact-check-dashboard.tsx [Client Component SSR]
    ./app/components/fact-check-dashboard.tsx [Server Component]
    ./app/page.tsx [Server Component] @ http://localhost:3000/_next/static/chunks/node_modules_next_dist_1e8vcs8._.js:1052
[  621484ms] [ERROR] ./app/components/shader-background.tsx:52:5
Error: Unexpected token. Did you mean `{'>'}` or `&gt;`?
  50 |       aria-pressed={!paused}
  51 |       onClick={() => setPaused(value => !value)}
> 52 |     >
     |     ^
  53 |       <svg width="14" height="14" viewBox="0 0 16 16" fill="none" stroke="currentColor" st...
  54 |         {paused ? <path d="m5 3 7 5-7 5Z"/> : <path d="M5 3v10M11 3v10"/>}
  55 |       </svg>

Parsing ecmascript source code failed

Import traces:
  Client Component Browser:
    ./app/components/shader-background.tsx [Client Component Browser]
    ./app/components/fact-check-dashboard.tsx [Client Component Browser]
    ./app/components/fact-check-dashboard.tsx [Server Component]
    ./app/page.tsx [Server Component]

  Client Component SSR:
    ./app/components/shader-background.tsx [Client Component SSR]
    ./app/components/fact-check-dashboard.tsx [Client Component SSR]
    ./app/components/fact-check-dashboard.tsx [Server Component]
    ./app/page.tsx [Server Component] @ http://localhost:3000/_next/static/chunks/node_modules_next_dist_1e8vcs8._.js:1052
[  621547ms] [ERROR] ./app/components/shader-background.tsx:52:5
Error: Unexpected token. Did you mean `{'>'}` or `&gt;`?
  50 |       aria-pressed={!paused}
  51 |       onClick={() => setPaused(value => !value)}
> 52 |     >
     |     ^
  53 |       <svg width="14" height="14" viewBox="0 0 16 16" fill="none" stroke="currentColor" st...
  54 |         {paused ? <path d="m5 3 7 5-7 5Z"/> : <path d="M5 3v10M11 3v10"/>}
  55 |       </svg>

Parsing ecmascript source code failed

Import traces:
  Client Component Browser:
    ./app/components/shader-background.tsx [Client Component Browser]
    ./app/components/fact-check-dashboard.tsx [Client Component Browser]
    ./app/components/fact-check-dashboard.tsx [Server Component]
    ./app/page.tsx [Server Component]

  Client Component SSR:
    ./app/components/shader-background.tsx [Client Component SSR]
    ./app/components/fact-check-dashboard.tsx [Client Component SSR]
    ./app/components/fact-check-dashboard.tsx [Server Component]
    ./app/page.tsx [Server Component] @ http://localhost:3000/_next/static/chunks/node_modules_next_dist_1e8vcs8._.js:1052
[  621608ms] [ERROR] ./app/components/shader-background.tsx:52:5
Error: Unexpected token. Did you mean `{'>'}` or `&gt;`?
  50 |       aria-pressed={!paused}
  51 |       onClick={() => setPaused(value => !value)}
> 52 |     >
     |     ^
  53 |       <svg width="14" height="14" viewBox="0 0 16 16" fill="none" stroke="currentColor" st...
  54 |         {paused ? <path d="m5 3 7 5-7 5Z"/> : <path d="M5 3v10M11 3v10"/>}
  55 |       </svg>

Parsing ecmascript source code failed

Import traces:
  Client Component Browser:
    ./app/components/shader-background.tsx [Client Component Browser]
    ./app/components/fact-check-dashboard.tsx [Client Component Browser]
    ./app/components/fact-check-dashboard.tsx [Server Component]
    ./app/page.tsx [Server Component]

  Client Component SSR:
    ./app/components/shader-background.tsx [Client Component SSR]
    ./app/components/fact-check-dashboard.tsx [Client Component SSR]
    ./app/components/fact-check-dashboard.tsx [Server Component]
    ./app/page.tsx [Server Component] @ http://localhost:3000/_next/static/chunks/node_modules_next_dist_1e8vcs8._.js:1052
[  621670ms] [ERROR] ./app/components/shader-background.tsx:52:5
Error: Unexpected token. Did you mean `{'>'}` or `&gt;`?
  50 |       aria-pressed={!paused}
  51 |       onClick={() => setPaused(value => !value)}
> 52 |     >
     |     ^
  53 |       <svg width="14" height="14" viewBox="0 0 16 16" fill="none" stroke="currentColor" st...
  54 |         {paused ? <path d="m5 3 7 5-7 5Z"/> : <path d="M5 3v10M11 3v10"/>}
  55 |       </svg>

Parsing ecmascript source code failed

Import traces:
  Client Component Browser:
    ./app/components/shader-background.tsx [Client Component Browser]
    ./app/components/fact-check-dashboard.tsx [Client Component Browser]
    ./app/components/fact-check-dashboard.tsx [Server Component]
    ./app/page.tsx [Server Component]

  Client Component SSR:
    ./app/components/shader-background.tsx [Client Component SSR]
    ./app/components/fact-check-dashboard.tsx [Client Component SSR]
    ./app/components/fact-check-dashboard.tsx [Server Component]
    ./app/page.tsx [Server Component] @ http://localhost:3000/_next/static/chunks/node_modules_next_dist_1e8vcs8._.js:1052
[  621731ms] [ERROR] ./app/components/shader-background.tsx:52:5
Error: Unexpected token. Did you mean `{'>'}` or `&gt;`?
  50 |       aria-pressed={!paused}
  51 |       onClick={() => setPaused(value => !value)}
> 52 |     >
     |     ^
  53 |       <svg width="14" height="14" viewBox="0 0 16 16" fill="none" stroke="currentColor" st...
  54 |         {paused ? <path d="m5 3 7 5-7 5Z"/> : <path d="M5 3v10M11 3v10"/>}
  55 |       </svg>

Parsing ecmascript source code failed

Import traces:
  Client Component Browser:
    ./app/components/shader-background.tsx [Client Component Browser]
    ./app/components/fact-check-dashboard.tsx [Client Component Browser]
    ./app/components/fact-check-dashboard.tsx [Server Component]
    ./app/page.tsx [Server Component]

  Client Component SSR:
    ./app/components/shader-background.tsx [Client Component SSR]
    ./app/components/fact-check-dashboard.tsx [Client Component SSR]
    ./app/components/fact-check-dashboard.tsx [Server Component]
    ./app/page.tsx [Server Component] @ http://localhost:3000/_next/static/chunks/node_modules_next_dist_1e8vcs8._.js:1052
[  621792ms] [ERROR] ./app/components/shader-background.tsx:52:5
Error: Unexpected token. Did you mean `{'>'}` or `&gt;`?
  50 |       aria-pressed={!paused}
  51 |       onClick={() => setPaused(value => !value)}
> 52 |     >
     |     ^
  53 |       <svg width="14" height="14" viewBox="0 0 16 16" fill="none" stroke="currentColor" st...
  54 |         {paused ? <path d="m5 3 7 5-7 5Z"/> : <path d="M5 3v10M11 3v10"/>}
  55 |       </svg>

Parsing ecmascript source code failed

Import traces:
  Client Component Browser:
    ./app/components/shader-background.tsx [Client Component Browser]
    ./app/components/fact-check-dashboard.tsx [Client Component Browser]
    ./app/components/fact-check-dashboard.tsx [Server Component]
    ./app/page.tsx [Server Component]

  Client Component SSR:
    ./app/components/shader-background.tsx [Client Component SSR]
    ./app/components/fact-check-dashboard.tsx [Client Component SSR]
    ./app/components/fact-check-dashboard.tsx [Server Component]
    ./app/page.tsx [Server Component] @ http://localhost:3000/_next/static/chunks/node_modules_next_dist_1e8vcs8._.js:1052
[  621855ms] [ERROR] ./app/components/shader-background.tsx:52:5
Error: Unexpected token. Did you mean `{'>'}` or `&gt;`?
  50 |       aria-pressed={!paused}
  51 |       onClick={() => setPaused(value => !value)}
> 52 |     >
     |     ^
  53 |       <svg width="14" height="14" viewBox="0 0 16 16" fill="none" stroke="currentColor" st...
  54 |         {paused ? <path d="m5 3 7 5-7 5Z"/> : <path d="M5 3v10M11 3v10"/>}
  55 |       </svg>

Parsing ecmascript source code failed

Import traces:
  Client Component Browser:
    ./app/components/shader-background.tsx [Client Component Browser]
    ./app/components/fact-check-dashboard.tsx [Client Component Browser]
    ./app/components/fact-check-dashboard.tsx [Server Component]
    ./app/page.tsx [Server Component]

  Client Component SSR:
    ./app/components/shader-background.tsx [Client Component SSR]
    ./app/components/fact-check-dashboard.tsx [Client Component SSR]
    ./app/components/fact-check-dashboard.tsx [Server Component]
    ./app/page.tsx [Server Component] @ http://localhost:3000/_next/static/chunks/node_modules_next_dist_1e8vcs8._.js:1052
[  621917ms] [ERROR] ./app/components/shader-background.tsx:52:5
Error: Unexpected token. Did you mean `{'>'}` or `&gt;`?
  50 |       aria-pressed={!paused}
  51 |       onClick={() => setPaused(value => !value)}
> 52 |     >
     |     ^
  53 |       <svg width="14" height="14" viewBox="0 0 16 16" fill="none" stroke="currentColor" st...
  54 |         {paused ? <path d="m5 3 7 5-7 5Z"/> : <path d="M5 3v10M11 3v10"/>}
  55 |       </svg>

Parsing ecmascript source code failed

Import traces:
  Client Component Browser:
    ./app/components/shader-background.tsx [Client Component Browser]
    ./app/components/fact-check-dashboard.tsx [Client Component Browser]
    ./app/components/fact-check-dashboard.tsx [Server Component]
    ./app/page.tsx [Server Component]

  Client Component SSR:
    ./app/components/shader-background.tsx [Client Component SSR]
    ./app/components/fact-check-dashboard.tsx [Client Component SSR]
    ./app/components/fact-check-dashboard.tsx [Server Component]
    ./app/page.tsx [Server Component] @ http://localhost:3000/_next/static/chunks/node_modules_next_dist_1e8vcs8._.js:1052
[  621977ms] [ERROR] ./app/components/shader-background.tsx:52:5
Error: Unexpected token. Did you mean `{'>'}` or `&gt;`?
  50 |       aria-pressed={!paused}
  51 |       onClick={() => setPaused(value => !value)}
> 52 |     >
     |     ^
  53 |       <svg width="14" height="14" viewBox="0 0 16 16" fill="none" stroke="currentColor" st...
  54 |         {paused ? <path d="m5 3 7 5-7 5Z"/> : <path d="M5 3v10M11 3v10"/>}
  55 |       </svg>

Parsing ecmascript source code failed

Import traces:
  Client Component Browser:
    ./app/components/shader-background.tsx [Client Component Browser]
    ./app/components/fact-check-dashboard.tsx [Client Component Browser]
    ./app/components/fact-check-dashboard.tsx [Server Component]
    ./app/page.tsx [Server Component]

  Client Component SSR:
    ./app/components/shader-background.tsx [Client Component SSR]
    ./app/components/fact-check-dashboard.tsx [Client Component SSR]
    ./app/components/fact-check-dashboard.tsx [Server Component]
    ./app/page.tsx [Server Component] @ http://localhost:3000/_next/static/chunks/node_modules_next_dist_1e8vcs8._.js:1052
[  622039ms] [ERROR] ./app/components/shader-background.tsx:52:5
Error: Unexpected token. Did you mean `{'>'}` or `&gt;`?
  50 |       aria-pressed={!paused}
  51 |       onClick={() => setPaused(value => !value)}
> 52 |     >
     |     ^
  53 |       <svg width="14" height="14" viewBox="0 0 16 16" fill="none" stroke="currentColor" st...
  54 |         {paused ? <path d="m5 3 7 5-7 5Z"/> : <path d="M5 3v10M11 3v10"/>}
  55 |       </svg>

Parsing ecmascript source code failed

Import traces:
  Client Component Browser:
    ./app/components/shader-background.tsx [Client Component Browser]
    ./app/components/fact-check-dashboard.tsx [Client Component Browser]
    ./app/components/fact-check-dashboard.tsx [Server Component]
    ./app/page.tsx [Server Component]

  Client Component SSR:
    ./app/components/shader-background.tsx [Client Component SSR]
    ./app/components/fact-check-dashboard.tsx [Client Component SSR]
    ./app/components/fact-check-dashboard.tsx [Server Component]
    ./app/page.tsx [Server Component] @ http://localhost:3000/_next/static/chunks/node_modules_next_dist_1e8vcs8._.js:1052
[  622102ms] [ERROR] ./app/components/shader-background.tsx:52:5
Error: Unexpected token. Did you mean `{'>'}` or `&gt;`?
  50 |       aria-pressed={!paused}
  51 |       onClick={() => setPaused(value => !value)}
> 52 |     >
     |     ^
  53 |       <svg width="14" height="14" viewBox="0 0 16 16" fill="none" stroke="currentColor" st...
  54 |         {paused ? <path d="m5 3 7 5-7 5Z"/> : <path d="M5 3v10M11 3v10"/>}
  55 |       </svg>

Parsing ecmascript source code failed

Import traces:
  Client Component Browser:
    ./app/components/shader-background.tsx [Client Component Browser]
    ./app/components/fact-check-dashboard.tsx [Client Component Browser]
    ./app/components/fact-check-dashboard.tsx [Server Component]
    ./app/page.tsx [Server Component]

  Client Component SSR:
    ./app/components/shader-background.tsx [Client Component SSR]
    ./app/components/fact-check-dashboard.tsx [Client Component SSR]
    ./app/components/fact-check-dashboard.tsx [Server Component]
    ./app/page.tsx [Server Component] @ http://localhost:3000/_next/static/chunks/node_modules_next_dist_1e8vcs8._.js:1052
[  622164ms] [ERROR] ./app/components/shader-background.tsx:52:5
Error: Unexpected token. Did you mean `{'>'}` or `&gt;`?
  50 |       aria-pressed={!paused}
  51 |       onClick={() => setPaused(value => !value)}
> 52 |     >
     |     ^
  53 |       <svg width="14" height="14" viewBox="0 0 16 16" fill="none" stroke="currentColor" st...
  54 |         {paused ? <path d="m5 3 7 5-7 5Z"/> : <path d="M5 3v10M11 3v10"/>}
  55 |       </svg>

Parsing ecmascript source code failed

Import traces:
  Client Component Browser:
    ./app/components/shader-background.tsx [Client Component Browser]
    ./app/components/fact-check-dashboard.tsx [Client Component Browser]
    ./app/components/fact-check-dashboard.tsx [Server Component]
    ./app/page.tsx [Server Component]

  Client Component SSR:
    ./app/components/shader-background.tsx [Client Component SSR]
    ./app/components/fact-check-dashboard.tsx [Client Component SSR]
    ./app/components/fact-check-dashboard.tsx [Server Component]
    ./app/page.tsx [Server Component] @ http://localhost:3000/_next/static/chunks/node_modules_next_dist_1e8vcs8._.js:1052
[  622226ms] [ERROR] ./app/components/shader-background.tsx:52:5
Error: Unexpected token. Did you mean `{'>'}` or `&gt;`?
  50 |       aria-pressed={!paused}
  51 |       onClick={() => setPaused(value => !value)}
> 52 |     >
     |     ^
  53 |       <svg width="14" height="14" viewBox="0 0 16 16" fill="none" stroke="currentColor" st...
  54 |         {paused ? <path d="m5 3 7 5-7 5Z"/> : <path d="M5 3v10M11 3v10"/>}
  55 |       </svg>

Parsing ecmascript source code failed

Import traces:
  Client Component Browser:
    ./app/components/shader-background.tsx [Client Component Browser]
    ./app/components/fact-check-dashboard.tsx [Client Component Browser]
    ./app/components/fact-check-dashboard.tsx [Server Component]
    ./app/page.tsx [Server Component]

  Client Component SSR:
    ./app/components/shader-background.tsx [Client Component SSR]
    ./app/components/fact-check-dashboard.tsx [Client Component SSR]
    ./app/components/fact-check-dashboard.tsx [Server Component]
    ./app/page.tsx [Server Component] @ http://localhost:3000/_next/static/chunks/node_modules_next_dist_1e8vcs8._.js:1052
[  622288ms] [ERROR] ./app/components/shader-background.tsx:52:5
Error: Unexpected token. Did you mean `{'>'}` or `&gt;`?
  50 |       aria-pressed={!paused}
  51 |       onClick={() => setPaused(value => !value)}
> 52 |     >
     |     ^
  53 |       <svg width="14" height="14" viewBox="0 0 16 16" fill="none" stroke="currentColor" st...
  54 |         {paused ? <path d="m5 3 7 5-7 5Z"/> : <path d="M5 3v10M11 3v10"/>}
  55 |       </svg>

Parsing ecmascript source code failed

Import traces:
  Client Component Browser:
    ./app/components/shader-background.tsx [Client Component Browser]
    ./app/components/fact-check-dashboard.tsx [Client Component Browser]
    ./app/components/fact-check-dashboard.tsx [Server Component]
    ./app/page.tsx [Server Component]

  Client Component SSR:
    ./app/components/shader-background.tsx [Client Component SSR]
    ./app/components/fact-check-dashboard.tsx [Client Component SSR]
    ./app/components/fact-check-dashboard.tsx [Server Component]
    ./app/page.tsx [Server Component] @ http://localhost:3000/_next/static/chunks/node_modules_next_dist_1e8vcs8._.js:1052
[  622336ms] [ERROR] ./app/components/shader-background.tsx:52:5
Error: Unexpected token. Did you mean `{'>'}` or `&gt;`?
  50 |       aria-pressed={!paused}
  51 |       onClick={() => setPaused(value => !value)}
> 52 |     >
     |     ^
  53 |       <svg width="14" height="14" viewBox="0 0 16 16" fill="none" stroke="currentColor" st...
  54 |         {paused ? <path d="m5 3 7 5-7 5Z"/> : <path d="M5 3v10M11 3v10"/>}
  55 |       </svg>

Parsing ecmascript source code failed

Import traces:
  Client Component Browser:
    ./app/components/shader-background.tsx [Client Component Browser]
    ./app/components/fact-check-dashboard.tsx [Client Component Browser]
    ./app/components/fact-check-dashboard.tsx [Server Component]
    ./app/page.tsx [Server Component]

  Client Component SSR:
    ./app/components/shader-background.tsx [Client Component SSR]
    ./app/components/fact-check-dashboard.tsx [Client Component SSR]
    ./app/components/fact-check-dashboard.tsx [Server Component]
    ./app/page.tsx [Server Component] @ http://localhost:3000/_next/static/chunks/node_modules_next_dist_1e8vcs8._.js:1052
[  622397ms] [ERROR] ./app/components/shader-background.tsx:52:5
Error: Unexpected token. Did you mean `{'>'}` or `&gt;`?
  50 |       aria-pressed={!paused}
  51 |       onClick={() => setPaused(value => !value)}
> 52 |     >
     |     ^
  53 |       <svg width="14" height="14" viewBox="0 0 16 16" fill="none" stroke="currentColor" st...
  54 |         {paused ? <path d="m5 3 7 5-7 5Z"/> : <path d="M5 3v10M11 3v10"/>}
  55 |       </svg>

Parsing ecmascript source code failed

Import traces:
  Client Component Browser:
    ./app/components/shader-background.tsx [Client Component Browser]
    ./app/components/fact-check-dashboard.tsx [Client Component Browser]
    ./app/components/fact-check-dashboard.tsx [Server Component]
    ./app/page.tsx [Server Component]

  Client Component SSR:
    ./app/components/shader-background.tsx [Client Component SSR]
    ./app/components/fact-check-dashboard.tsx [Client Component SSR]
    ./app/components/fact-check-dashboard.tsx [Server Component]
    ./app/page.tsx [Server Component] @ http://localhost:3000/_next/static/chunks/node_modules_next_dist_1e8vcs8._.js:1052
[  622458ms] [ERROR] ./app/components/shader-background.tsx:52:5
Error: Unexpected token. Did you mean `{'>'}` or `&gt;`?
  50 |       aria-pressed={!paused}
  51 |       onClick={() => setPaused(value => !value)}
> 52 |     >
     |     ^
  53 |       <svg width="14" height="14" viewBox="0 0 16 16" fill="none" stroke="currentColor" st...
  54 |         {paused ? <path d="m5 3 7 5-7 5Z"/> : <path d="M5 3v10M11 3v10"/>}
  55 |       </svg>

Parsing ecmascript source code failed

Import traces:
  Client Component Browser:
    ./app/components/shader-background.tsx [Client Component Browser]
    ./app/components/fact-check-dashboard.tsx [Client Component Browser]
    ./app/components/fact-check-dashboard.tsx [Server Component]
    ./app/page.tsx [Server Component]

  Client Component SSR:
    ./app/components/shader-background.tsx [Client Component SSR]
    ./app/components/fact-check-dashboard.tsx [Client Component SSR]
    ./app/components/fact-check-dashboard.tsx [Server Component]
    ./app/page.tsx [Server Component] @ http://localhost:3000/_next/static/chunks/node_modules_next_dist_1e8vcs8._.js:1052
[  622505ms] [ERROR] ./app/components/shader-background.tsx:52:5
Error: Unexpected token. Did you mean `{'>'}` or `&gt;`?
  50 |       aria-pressed={!paused}
  51 |       onClick={() => setPaused(value => !value)}
> 52 |     >
     |     ^
  53 |       <svg width="14" height="14" viewBox="0 0 16 16" fill="none" stroke="currentColor" st...
  54 |         {paused ? <path d="m5 3 7 5-7 5Z"/> : <path d="M5 3v10M11 3v10"/>}
  55 |       </svg>

Parsing ecmascript source code failed

Import traces:
  Client Component Browser:
    ./app/components/shader-background.tsx [Client Component Browser]
    ./app/components/fact-check-dashboard.tsx [Client Component Browser]
    ./app/components/fact-check-dashboard.tsx [Server Component]
    ./app/page.tsx [Server Component]

  Client Component SSR:
    ./app/components/shader-background.tsx [Client Component SSR]
    ./app/components/fact-check-dashboard.tsx [Client Component SSR]
    ./app/components/fact-check-dashboard.tsx [Server Component]
    ./app/page.tsx [Server Component] @ http://localhost:3000/_next/static/chunks/node_modules_next_dist_1e8vcs8._.js:1052
[  622566ms] [ERROR] ./app/components/shader-background.tsx:52:5
Error: Unexpected token. Did you mean `{'>'}` or `&gt;`?
  50 |       aria-pressed={!paused}
  51 |       onClick={() => setPaused(value => !value)}
> 52 |     >
     |     ^
  53 |       <svg width="14" height="14" viewBox="0 0 16 16" fill="none" stroke="currentColor" st...
  54 |         {paused ? <path d="m5 3 7 5-7 5Z"/> : <path d="M5 3v10M11 3v10"/>}
  55 |       </svg>

Parsing ecmascript source code failed

Import traces:
  Client Component Browser:
    ./app/components/shader-background.tsx [Client Component Browser]
    ./app/components/fact-check-dashboard.tsx [Client Component Browser]
    ./app/components/fact-check-dashboard.tsx [Server Component]
    ./app/page.tsx [Server Component]

  Client Component SSR:
    ./app/components/shader-background.tsx [Client Component SSR]
    ./app/components/fact-check-dashboard.tsx [Client Component SSR]
    ./app/components/fact-check-dashboard.tsx [Server Component]
    ./app/page.tsx [Server Component] @ http://localhost:3000/_next/static/chunks/node_modules_next_dist_1e8vcs8._.js:1052
[  622627ms] [ERROR] ./app/components/shader-background.tsx:52:5
Error: Unexpected token. Did you mean `{'>'}` or `&gt;`?
  50 |       aria-pressed={!paused}
  51 |       onClick={() => setPaused(value => !value)}
> 52 |     >
     |     ^
  53 |       <svg width="14" height="14" viewBox="0 0 16 16" fill="none" stroke="currentColor" st...
  54 |         {paused ? <path d="m5 3 7 5-7 5Z"/> : <path d="M5 3v10M11 3v10"/>}
  55 |       </svg>

Parsing ecmascript source code failed

Import traces:
  Client Component Browser:
    ./app/components/shader-background.tsx [Client Component Browser]
    ./app/components/fact-check-dashboard.tsx [Client Component Browser]
    ./app/components/fact-check-dashboard.tsx [Server Component]
    ./app/page.tsx [Server Component]

  Client Component SSR:
    ./app/components/shader-background.tsx [Client Component SSR]
    ./app/components/fact-check-dashboard.tsx [Client Component SSR]
    ./app/components/fact-check-dashboard.tsx [Server Component]
    ./app/page.tsx [Server Component] @ http://localhost:3000/_next/static/chunks/node_modules_next_dist_1e8vcs8._.js:1052
[  622689ms] [ERROR] ./app/components/shader-background.tsx:52:5
Error: Unexpected token. Did you mean `{'>'}` or `&gt;`?
  50 |       aria-pressed={!paused}
  51 |       onClick={() => setPaused(value => !value)}
> 52 |     >
     |     ^
  53 |       <svg width="14" height="14" viewBox="0 0 16 16" fill="none" stroke="currentColor" st...
  54 |         {paused ? <path d="m5 3 7 5-7 5Z"/> : <path d="M5 3v10M11 3v10"/>}
  55 |       </svg>

Parsing ecmascript source code failed

Import traces:
  Client Component Browser:
    ./app/components/shader-background.tsx [Client Component Browser]
    ./app/components/fact-check-dashboard.tsx [Client Component Browser]
    ./app/components/fact-check-dashboard.tsx [Server Component]
    ./app/page.tsx [Server Component]

  Client Component SSR:
    ./app/components/shader-background.tsx [Client Component SSR]
    ./app/components/fact-check-dashboard.tsx [Client Component SSR]
    ./app/components/fact-check-dashboard.tsx [Server Component]
    ./app/page.tsx [Server Component] @ http://localhost:3000/_next/static/chunks/node_modules_next_dist_1e8vcs8._.js:1052
[  622751ms] [ERROR] ./app/components/shader-background.tsx:52:5
Error: Unexpected token. Did you mean `{'>'}` or `&gt;`?
  50 |       aria-pressed={!paused}
  51 |       onClick={() => setPaused(value => !value)}
> 52 |     >
     |     ^
  53 |       <svg width="14" height="14" viewBox="0 0 16 16" fill="none" stroke="currentColor" st...
  54 |         {paused ? <path d="m5 3 7 5-7 5Z"/> : <path d="M5 3v10M11 3v10"/>}
  55 |       </svg>

Parsing ecmascript source code failed

Import traces:
  Client Component Browser:
    ./app/components/shader-background.tsx [Client Component Browser]
    ./app/components/fact-check-dashboard.tsx [Client Component Browser]
    ./app/components/fact-check-dashboard.tsx [Server Component]
    ./app/page.tsx [Server Component]

  Client Component SSR:
    ./app/components/shader-background.tsx [Client Component SSR]
    ./app/components/fact-check-dashboard.tsx [Client Component SSR]
    ./app/components/fact-check-dashboard.tsx [Server Component]
    ./app/page.tsx [Server Component] @ http://localhost:3000/_next/static/chunks/node_modules_next_dist_1e8vcs8._.js:1052
[  622811ms] [ERROR] ./app/components/shader-background.tsx:52:5
Error: Unexpected token. Did you mean `{'>'}` or `&gt;`?
  50 |       aria-pressed={!paused}
  51 |       onClick={() => setPaused(value => !value)}
> 52 |     >
     |     ^
  53 |       <svg width="14" height="14" viewBox="0 0 16 16" fill="none" stroke="currentColor" st...
  54 |         {paused ? <path d="m5 3 7 5-7 5Z"/> : <path d="M5 3v10M11 3v10"/>}
  55 |       </svg>

Parsing ecmascript source code failed

Import traces:
  Client Component Browser:
    ./app/components/shader-background.tsx [Client Component Browser]
    ./app/components/fact-check-dashboard.tsx [Client Component Browser]
    ./app/components/fact-check-dashboard.tsx [Server Component]
    ./app/page.tsx [Server Component]

  Client Component SSR:
    ./app/components/shader-background.tsx [Client Component SSR]
    ./app/components/fact-check-dashboard.tsx [Client Component SSR]
    ./app/components/fact-check-dashboard.tsx [Server Component]
    ./app/page.tsx [Server Component] @ http://localhost:3000/_next/static/chunks/node_modules_next_dist_1e8vcs8._.js:1052
[  622858ms] [ERROR] ./app/components/shader-background.tsx:52:5
Error: Unexpected token. Did you mean `{'>'}` or `&gt;`?
  50 |       aria-pressed={!paused}
  51 |       onClick={() => setPaused(value => !value)}
> 52 |     >
     |     ^
  53 |       <svg width="14" height="14" viewBox="0 0 16 16" fill="none" stroke="currentColor" st...
  54 |         {paused ? <path d="m5 3 7 5-7 5Z"/> : <path d="M5 3v10M11 3v10"/>}
  55 |       </svg>

Parsing ecmascript source code failed

Import traces:
  Client Component Browser:
    ./app/components/shader-background.tsx [Client Component Browser]
    ./app/components/fact-check-dashboard.tsx [Client Component Browser]
    ./app/components/fact-check-dashboard.tsx [Server Component]
    ./app/page.tsx [Server Component]

  Client Component SSR:
    ./app/components/shader-background.tsx [Client Component SSR]
    ./app/components/fact-check-dashboard.tsx [Client Component SSR]
    ./app/components/fact-check-dashboard.tsx [Server Component]
    ./app/page.tsx [Server Component] @ http://localhost:3000/_next/static/chunks/node_modules_next_dist_1e8vcs8._.js:1052
[  622922ms] [ERROR] ./app/components/shader-background.tsx:52:5
Error: Unexpected token. Did you mean `{'>'}` or `&gt;`?
  50 |       aria-pressed={!paused}
  51 |       onClick={() => setPaused(value => !value)}
> 52 |     >
     |     ^
  53 |       <svg width="14" height="14" viewBox="0 0 16 16" fill="none" stroke="currentColor" st...
  54 |         {paused ? <path d="m5 3 7 5-7 5Z"/> : <path d="M5 3v10M11 3v10"/>}
  55 |       </svg>

Parsing ecmascript source code failed

Import traces:
  Client Component Browser:
    ./app/components/shader-background.tsx [Client Component Browser]
    ./app/components/fact-check-dashboard.tsx [Client Component Browser]
    ./app/components/fact-check-dashboard.tsx [Server Component]
    ./app/page.tsx [Server Component]

  Client Component SSR:
    ./app/components/shader-background.tsx [Client Component SSR]
    ./app/components/fact-check-dashboard.tsx [Client Component SSR]
    ./app/components/fact-check-dashboard.tsx [Server Component]
    ./app/page.tsx [Server Component] @ http://localhost:3000/_next/static/chunks/node_modules_next_dist_1e8vcs8._.js:1052
[  622969ms] [ERROR] ./app/components/shader-background.tsx:52:5
Error: Unexpected token. Did you mean `{'>'}` or `&gt;`?
  50 |       aria-pressed={!paused}
  51 |       onClick={() => setPaused(value => !value)}
> 52 |     >
     |     ^
  53 |       <svg width="14" height="14" viewBox="0 0 16 16" fill="none" stroke="currentColor" st...
  54 |         {paused ? <path d="m5 3 7 5-7 5Z"/> : <path d="M5 3v10M11 3v10"/>}
  55 |       </svg>

Parsing ecmascript source code failed

Import traces:
  Client Component Browser:
    ./app/components/shader-background.tsx [Client Component Browser]
    ./app/components/fact-check-dashboard.tsx [Client Component Browser]
    ./app/components/fact-check-dashboard.tsx [Server Component]
    ./app/page.tsx [Server Component]

  Client Component SSR:
    ./app/components/shader-background.tsx [Client Component SSR]
    ./app/components/fact-check-dashboard.tsx [Client Component SSR]
    ./app/components/fact-check-dashboard.tsx [Server Component]
    ./app/page.tsx [Server Component] @ http://localhost:3000/_next/static/chunks/node_modules_next_dist_1e8vcs8._.js:1052
[  623031ms] [ERROR] ./app/components/shader-background.tsx:52:5
Error: Unexpected token. Did you mean `{'>'}` or `&gt;`?
  50 |       aria-pressed={!paused}
  51 |       onClick={() => setPaused(value => !value)}
> 52 |     >
     |     ^
  53 |       <svg width="14" height="14" viewBox="0 0 16 16" fill="none" stroke="currentColor" st...
  54 |         {paused ? <path d="m5 3 7 5-7 5Z"/> : <path d="M5 3v10M11 3v10"/>}
  55 |       </svg>

Parsing ecmascript source code failed

Import traces:
  Client Component Browser:
    ./app/components/shader-background.tsx [Client Component Browser]
    ./app/components/fact-check-dashboard.tsx [Client Component Browser]
    ./app/components/fact-check-dashboard.tsx [Server Component]
    ./app/page.tsx [Server Component]

  Client Component SSR:
    ./app/components/shader-background.tsx [Client Component SSR]
    ./app/components/fact-check-dashboard.tsx [Client Component SSR]
    ./app/components/fact-check-dashboard.tsx [Server Component]
    ./app/page.tsx [Server Component] @ http://localhost:3000/_next/static/chunks/node_modules_next_dist_1e8vcs8._.js:1052
[  623094ms] [ERROR] ./app/components/shader-background.tsx:52:5
Error: Unexpected token. Did you mean `{'>'}` or `&gt;`?
  50 |       aria-pressed={!paused}
  51 |       onClick={() => setPaused(value => !value)}
> 52 |     >
     |     ^
  53 |       <svg width="14" height="14" viewBox="0 0 16 16" fill="none" stroke="currentColor" st...
  54 |         {paused ? <path d="m5 3 7 5-7 5Z"/> : <path d="M5 3v10M11 3v10"/>}
  55 |       </svg>

Parsing ecmascript source code failed

Import traces:
  Client Component Browser:
    ./app/components/shader-background.tsx [Client Component Browser]
    ./app/components/fact-check-dashboard.tsx [Client Component Browser]
    ./app/components/fact-check-dashboard.tsx [Server Component]
    ./app/page.tsx [Server Component]

  Client Component SSR:
    ./app/components/shader-background.tsx [Client Component SSR]
    ./app/components/fact-check-dashboard.tsx [Client Component SSR]
    ./app/components/fact-check-dashboard.tsx [Server Component]
    ./app/page.tsx [Server Component] @ http://localhost:3000/_next/static/chunks/node_modules_next_dist_1e8vcs8._.js:1052
[  623157ms] [ERROR] ./app/components/shader-background.tsx:52:5
Error: Unexpected token. Did you mean `{'>'}` or `&gt;`?
  50 |       aria-pressed={!paused}
  51 |       onClick={() => setPaused(value => !value)}
> 52 |     >
     |     ^
  53 |       <svg width="14" height="14" viewBox="0 0 16 16" fill="none" stroke="currentColor" st...
  54 |         {paused ? <path d="m5 3 7 5-7 5Z"/> : <path d="M5 3v10M11 3v10"/>}
  55 |       </svg>

Parsing ecmascript source code failed

Import traces:
  Client Component Browser:
    ./app/components/shader-background.tsx [Client Component Browser]
    ./app/components/fact-check-dashboard.tsx [Client Component Browser]
    ./app/components/fact-check-dashboard.tsx [Server Component]
    ./app/page.tsx [Server Component]

  Client Component SSR:
    ./app/components/shader-background.tsx [Client Component SSR]
    ./app/components/fact-check-dashboard.tsx [Client Component SSR]
    ./app/components/fact-check-dashboard.tsx [Server Component]
    ./app/page.tsx [Server Component] @ http://localhost:3000/_next/static/chunks/node_modules_next_dist_1e8vcs8._.js:1052
[  623204ms] [ERROR] ./app/components/shader-background.tsx:52:5
Error: Unexpected token. Did you mean `{'>'}` or `&gt;`?
  50 |       aria-pressed={!paused}
  51 |       onClick={() => setPaused(value => !value)}
> 52 |     >
     |     ^
  53 |       <svg width="14" height="14" viewBox="0 0 16 16" fill="none" stroke="currentColor" st...
  54 |         {paused ? <path d="m5 3 7 5-7 5Z"/> : <path d="M5 3v10M11 3v10"/>}
  55 |       </svg>

Parsing ecmascript source code failed

Import traces:
  Client Component Browser:
    ./app/components/shader-background.tsx [Client Component Browser]
    ./app/components/fact-check-dashboard.tsx [Client Component Browser]
    ./app/components/fact-check-dashboard.tsx [Server Component]
    ./app/page.tsx [Server Component]

  Client Component SSR:
    ./app/components/shader-background.tsx [Client Component SSR]
    ./app/components/fact-check-dashboard.tsx [Client Component SSR]
    ./app/components/fact-check-dashboard.tsx [Server Component]
    ./app/page.tsx [Server Component] @ http://localhost:3000/_next/static/chunks/node_modules_next_dist_1e8vcs8._.js:1052
[  623251ms] [ERROR] ./app/components/shader-background.tsx:52:5
Error: Unexpected token. Did you mean `{'>'}` or `&gt;`?
  50 |       aria-pressed={!paused}
  51 |       onClick={() => setPaused(value => !value)}
> 52 |     >
     |     ^
  53 |       <svg width="14" height="14" viewBox="0 0 16 16" fill="none" stroke="currentColor" st...
  54 |         {paused ? <path d="m5 3 7 5-7 5Z"/> : <path d="M5 3v10M11 3v10"/>}
  55 |       </svg>

Parsing ecmascript source code failed

Import traces:
  Client Component Browser:
    ./app/components/shader-background.tsx [Client Component Browser]
    ./app/components/fact-check-dashboard.tsx [Client Component Browser]
    ./app/components/fact-check-dashboard.tsx [Server Component]
    ./app/page.tsx [Server Component]

  Client Component SSR:
    ./app/components/shader-background.tsx [Client Component SSR]
    ./app/components/fact-check-dashboard.tsx [Client Component SSR]
    ./app/components/fact-check-dashboard.tsx [Server Component]
    ./app/page.tsx [Server Component] @ http://localhost:3000/_next/static/chunks/node_modules_next_dist_1e8vcs8._.js:1052
[  623313ms] [ERROR] ./app/components/shader-background.tsx:52:5
Error: Unexpected token. Did you mean `{'>'}` or `&gt;`?
  50 |       aria-pressed={!paused}
  51 |       onClick={() => setPaused(value => !value)}
> 52 |     >
     |     ^
  53 |       <svg width="14" height="14" viewBox="0 0 16 16" fill="none" stroke="currentColor" st...
  54 |         {paused ? <path d="m5 3 7 5-7 5Z"/> : <path d="M5 3v10M11 3v10"/>}
  55 |       </svg>

Parsing ecmascript source code failed

Import traces:
  Client Component Browser:
    ./app/components/shader-background.tsx [Client Component Browser]
    ./app/components/fact-check-dashboard.tsx [Client Component Browser]
    ./app/components/fact-check-dashboard.tsx [Server Component]
    ./app/page.tsx [Server Component]

  Client Component SSR:
    ./app/components/shader-background.tsx [Client Component SSR]
    ./app/components/fact-check-dashboard.tsx [Client Component SSR]
    ./app/components/fact-check-dashboard.tsx [Server Component]
    ./app/page.tsx [Server Component] @ http://localhost:3000/_next/static/chunks/node_modules_next_dist_1e8vcs8._.js:1052
[  623361ms] [ERROR] ./app/components/shader-background.tsx:52:5
Error: Unexpected token. Did you mean `{'>'}` or `&gt;`?
  50 |       aria-pressed={!paused}
  51 |       onClick={() => setPaused(value => !value)}
> 52 |     >
     |     ^
  53 |       <svg width="14" height="14" viewBox="0 0 16 16" fill="none" stroke="currentColor" st...
  54 |         {paused ? <path d="m5 3 7 5-7 5Z"/> : <path d="M5 3v10M11 3v10"/>}
  55 |       </svg>

Parsing ecmascript source code failed

Import traces:
  Client Component Browser:
    ./app/components/shader-background.tsx [Client Component Browser]
    ./app/components/fact-check-dashboard.tsx [Client Component Browser]
    ./app/components/fact-check-dashboard.tsx [Server Component]
    ./app/page.tsx [Server Component]

  Client Component SSR:
    ./app/components/shader-background.tsx [Client Component SSR]
    ./app/components/fact-check-dashboard.tsx [Client Component SSR]
    ./app/components/fact-check-dashboard.tsx [Server Component]
    ./app/page.tsx [Server Component] @ http://localhost:3000/_next/static/chunks/node_modules_next_dist_1e8vcs8._.js:1052
[  623409ms] [ERROR] ./app/components/shader-background.tsx:52:5
Error: Unexpected token. Did you mean `{'>'}` or `&gt;`?
  50 |       aria-pressed={!paused}
  51 |       onClick={() => setPaused(value => !value)}
> 52 |     >
     |     ^
  53 |       <svg width="14" height="14" viewBox="0 0 16 16" fill="none" stroke="currentColor" st...
  54 |         {paused ? <path d="m5 3 7 5-7 5Z"/> : <path d="M5 3v10M11 3v10"/>}
  55 |       </svg>

Parsing ecmascript source code failed

Import traces:
  Client Component Browser:
    ./app/components/shader-background.tsx [Client Component Browser]
    ./app/components/fact-check-dashboard.tsx [Client Component Browser]
    ./app/components/fact-check-dashboard.tsx [Server Component]
    ./app/page.tsx [Server Component]

  Client Component SSR:
    ./app/components/shader-background.tsx [Client Component SSR]
    ./app/components/fact-check-dashboard.tsx [Client Component SSR]
    ./app/components/fact-check-dashboard.tsx [Server Component]
    ./app/page.tsx [Server Component] @ http://localhost:3000/_next/static/chunks/node_modules_next_dist_1e8vcs8._.js:1052
[  623470ms] [ERROR] ./app/components/shader-background.tsx:52:5
Error: Unexpected token. Did you mean `{'>'}` or `&gt;`?
  50 |       aria-pressed={!paused}
  51 |       onClick={() => setPaused(value => !value)}
> 52 |     >
     |     ^
  53 |       <svg width="14" height="14" viewBox="0 0 16 16" fill="none" stroke="currentColor" st...
  54 |         {paused ? <path d="m5 3 7 5-7 5Z"/> : <path d="M5 3v10M11 3v10"/>}
  55 |       </svg>

Parsing ecmascript source code failed

Import traces:
  Client Component Browser:
    ./app/components/shader-background.tsx [Client Component Browser]
    ./app/components/fact-check-dashboard.tsx [Client Component Browser]
    ./app/components/fact-check-dashboard.tsx [Server Component]
    ./app/page.tsx [Server Component]

  Client Component SSR:
    ./app/components/shader-background.tsx [Client Component SSR]
    ./app/components/fact-check-dashboard.tsx [Client Component SSR]
    ./app/components/fact-check-dashboard.tsx [Server Component]
    ./app/page.tsx [Server Component] @ http://localhost:3000/_next/static/chunks/node_modules_next_dist_1e8vcs8._.js:1052
[  623532ms] [ERROR] ./app/components/shader-background.tsx:52:5
Error: Unexpected token. Did you mean `{'>'}` or `&gt;`?
  50 |       aria-pressed={!paused}
  51 |       onClick={() => setPaused(value => !value)}
> 52 |     >
     |     ^
  53 |       <svg width="14" height="14" viewBox="0 0 16 16" fill="none" stroke="currentColor" st...
  54 |         {paused ? <path d="m5 3 7 5-7 5Z"/> : <path d="M5 3v10M11 3v10"/>}
  55 |       </svg>

Parsing ecmascript source code failed

Import traces:
  Client Component Browser:
    ./app/components/shader-background.tsx [Client Component Browser]
    ./app/components/fact-check-dashboard.tsx [Client Component Browser]
    ./app/components/fact-check-dashboard.tsx [Server Component]
    ./app/page.tsx [Server Component]

  Client Component SSR:
    ./app/components/shader-background.tsx [Client Component SSR]
    ./app/components/fact-check-dashboard.tsx [Client Component SSR]
    ./app/components/fact-check-dashboard.tsx [Server Component]
    ./app/page.tsx [Server Component] @ http://localhost:3000/_next/static/chunks/node_modules_next_dist_1e8vcs8._.js:1052
[  623581ms] [ERROR] ./app/components/shader-background.tsx:52:5
Error: Unexpected token. Did you mean `{'>'}` or `&gt;`?
  50 |       aria-pressed={!paused}
  51 |       onClick={() => setPaused(value => !value)}
> 52 |     >
     |     ^
  53 |       <svg width="14" height="14" viewBox="0 0 16 16" fill="none" stroke="currentColor" st...
  54 |         {paused ? <path d="m5 3 7 5-7 5Z"/> : <path d="M5 3v10M11 3v10"/>}
  55 |       </svg>

Parsing ecmascript source code failed

Import traces:
  Client Component Browser:
    ./app/components/shader-background.tsx [Client Component Browser]
    ./app/components/fact-check-dashboard.tsx [Client Component Browser]
    ./app/components/fact-check-dashboard.tsx [Server Component]
    ./app/page.tsx [Server Component]

  Client Component SSR:
    ./app/components/shader-background.tsx [Client Component SSR]
    ./app/components/fact-check-dashboard.tsx [Client Component SSR]
    ./app/components/fact-check-dashboard.tsx [Server Component]
    ./app/page.tsx [Server Component] @ http://localhost:3000/_next/static/chunks/node_modules_next_dist_1e8vcs8._.js:1052
[  623643ms] [ERROR] ./app/components/shader-background.tsx:52:5
Error: Unexpected token. Did you mean `{'>'}` or `&gt;`?
  50 |       aria-pressed={!paused}
  51 |       onClick={() => setPaused(value => !value)}
> 52 |     >
     |     ^
  53 |       <svg width="14" height="14" viewBox="0 0 16 16" fill="none" stroke="currentColor" st...
  54 |         {paused ? <path d="m5 3 7 5-7 5Z"/> : <path d="M5 3v10M11 3v10"/>}
  55 |       </svg>

Parsing ecmascript source code failed

Import traces:
  Client Component Browser:
    ./app/components/shader-background.tsx [Client Component Browser]
    ./app/components/fact-check-dashboard.tsx [Client Component Browser]
    ./app/components/fact-check-dashboard.tsx [Server Component]
    ./app/page.tsx [Server Component]

  Client Component SSR:
    ./app/components/shader-background.tsx [Client Component SSR]
    ./app/components/fact-check-dashboard.tsx [Client Component SSR]
    ./app/components/fact-check-dashboard.tsx [Server Component]
    ./app/page.tsx [Server Component] @ http://localhost:3000/_next/static/chunks/node_modules_next_dist_1e8vcs8._.js:1052
[  623702ms] [ERROR] ./app/components/shader-background.tsx:52:5
Error: Unexpected token. Did you mean `{'>'}` or `&gt;`?
  50 |       aria-pressed={!paused}
  51 |       onClick={() => setPaused(value => !value)}
> 52 |     >
     |     ^
  53 |       <svg width="14" height="14" viewBox="0 0 16 16" fill="none" stroke="currentColor" st...
  54 |         {paused ? <path d="m5 3 7 5-7 5Z"/> : <path d="M5 3v10M11 3v10"/>}
  55 |       </svg>

Parsing ecmascript source code failed

Import traces:
  Client Component Browser:
    ./app/components/shader-background.tsx [Client Component Browser]
    ./app/components/fact-check-dashboard.tsx [Client Component Browser]
    ./app/components/fact-check-dashboard.tsx [Server Component]
    ./app/page.tsx [Server Component]

  Client Component SSR:
    ./app/components/shader-background.tsx [Client Component SSR]
    ./app/components/fact-check-dashboard.tsx [Client Component SSR]
    ./app/components/fact-check-dashboard.tsx [Server Component]
    ./app/page.tsx [Server Component] @ http://localhost:3000/_next/static/chunks/node_modules_next_dist_1e8vcs8._.js:1052
[  623762ms] [ERROR] ./app/components/shader-background.tsx:52:5
Error: Unexpected token. Did you mean `{'>'}` or `&gt;`?
  50 |       aria-pressed={!paused}
  51 |       onClick={() => setPaused(value => !value)}
> 52 |     >
     |     ^
  53 |       <svg width="14" height="14" viewBox="0 0 16 16" fill="none" stroke="currentColor" st...
  54 |         {paused ? <path d="m5 3 7 5-7 5Z"/> : <path d="M5 3v10M11 3v10"/>}
  55 |       </svg>

Parsing ecmascript source code failed

Import traces:
  Client Component Browser:
    ./app/components/shader-background.tsx [Client Component Browser]
    ./app/components/fact-check-dashboard.tsx [Client Component Browser]
    ./app/components/fact-check-dashboard.tsx [Server Component]
    ./app/page.tsx [Server Component]

  Client Component SSR:
    ./app/components/shader-background.tsx [Client Component SSR]
    ./app/components/fact-check-dashboard.tsx [Client Component SSR]
    ./app/components/fact-check-dashboard.tsx [Server Component]
    ./app/page.tsx [Server Component] @ http://localhost:3000/_next/static/chunks/node_modules_next_dist_1e8vcs8._.js:1052
[  623822ms] [ERROR] ./app/components/shader-background.tsx:52:5
Error: Unexpected token. Did you mean `{'>'}` or `&gt;`?
  50 |       aria-pressed={!paused}
  51 |       onClick={() => setPaused(value => !value)}
> 52 |     >
     |     ^
  53 |       <svg width="14" height="14" viewBox="0 0 16 16" fill="none" stroke="currentColor" st...
  54 |         {paused ? <path d="m5 3 7 5-7 5Z"/> : <path d="M5 3v10M11 3v10"/>}
  55 |       </svg>

Parsing ecmascript source code failed

Import traces:
  Client Component Browser:
    ./app/components/shader-background.tsx [Client Component Browser]
    ./app/components/fact-check-dashboard.tsx [Client Component Browser]
    ./app/components/fact-check-dashboard.tsx [Server Component]
    ./app/page.tsx [Server Component]

  Client Component SSR:
    ./app/components/shader-background.tsx [Client Component SSR]
    ./app/components/fact-check-dashboard.tsx [Client Component SSR]
    ./app/components/fact-check-dashboard.tsx [Server Component]
    ./app/page.tsx [Server Component] @ http://localhost:3000/_next/static/chunks/node_modules_next_dist_1e8vcs8._.js:1052
[  623883ms] [ERROR] ./app/components/shader-background.tsx:52:5
Error: Unexpected token. Did you mean `{'>'}` or `&gt;`?
  50 |       aria-pressed={!paused}
  51 |       onClick={() => setPaused(value => !value)}
> 52 |     >
     |     ^
  53 |       <svg width="14" height="14" viewBox="0 0 16 16" fill="none" stroke="currentColor" st...
  54 |         {paused ? <path d="m5 3 7 5-7 5Z"/> : <path d="M5 3v10M11 3v10"/>}
  55 |       </svg>

Parsing ecmascript source code failed

Import traces:
  Client Component Browser:
    ./app/components/shader-background.tsx [Client Component Browser]
    ./app/components/fact-check-dashboard.tsx [Client Component Browser]
    ./app/components/fact-check-dashboard.tsx [Server Component]
    ./app/page.tsx [Server Component]

  Client Component SSR:
    ./app/components/shader-background.tsx [Client Component SSR]
    ./app/components/fact-check-dashboard.tsx [Client Component SSR]
    ./app/components/fact-check-dashboard.tsx [Server Component]
    ./app/page.tsx [Server Component] @ http://localhost:3000/_next/static/chunks/node_modules_next_dist_1e8vcs8._.js:1052
[  623930ms] [ERROR] ./app/components/shader-background.tsx:52:5
Error: Unexpected token. Did you mean `{'>'}` or `&gt;`?
  50 |       aria-pressed={!paused}
  51 |       onClick={() => setPaused(value => !value)}
> 52 |     >
     |     ^
  53 |       <svg width="14" height="14" viewBox="0 0 16 16" fill="none" stroke="currentColor" st...
  54 |         {paused ? <path d="m5 3 7 5-7 5Z"/> : <path d="M5 3v10M11 3v10"/>}
  55 |       </svg>

Parsing ecmascript source code failed

Import traces:
  Client Component Browser:
    ./app/components/shader-background.tsx [Client Component Browser]
    ./app/components/fact-check-dashboard.tsx [Client Component Browser]
    ./app/components/fact-check-dashboard.tsx [Server Component]
    ./app/page.tsx [Server Component]

  Client Component SSR:
    ./app/components/shader-background.tsx [Client Component SSR]
    ./app/components/fact-check-dashboard.tsx [Client Component SSR]
    ./app/components/fact-check-dashboard.tsx [Server Component]
    ./app/page.tsx [Server Component] @ http://localhost:3000/_next/static/chunks/node_modules_next_dist_1e8vcs8._.js:1052
[  623992ms] [ERROR] ./app/components/shader-background.tsx:52:5
Error: Unexpected token. Did you mean `{'>'}` or `&gt;`?
  50 |       aria-pressed={!paused}
  51 |       onClick={() => setPaused(value => !value)}
> 52 |     >
     |     ^
  53 |       <svg width="14" height="14" viewBox="0 0 16 16" fill="none" stroke="currentColor" st...
  54 |         {paused ? <path d="m5 3 7 5-7 5Z"/> : <path d="M5 3v10M11 3v10"/>}
  55 |       </svg>

Parsing ecmascript source code failed

Import traces:
  Client Component Browser:
    ./app/components/shader-background.tsx [Client Component Browser]
    ./app/components/fact-check-dashboard.tsx [Client Component Browser]
    ./app/components/fact-check-dashboard.tsx [Server Component]
    ./app/page.tsx [Server Component]

  Client Component SSR:
    ./app/components/shader-background.tsx [Client Component SSR]
    ./app/components/fact-check-dashboard.tsx [Client Component SSR]
    ./app/components/fact-check-dashboard.tsx [Server Component]
    ./app/page.tsx [Server Component] @ http://localhost:3000/_next/static/chunks/node_modules_next_dist_1e8vcs8._.js:1052
[  624054ms] [ERROR] ./app/components/shader-background.tsx:52:5
Error: Unexpected token. Did you mean `{'>'}` or `&gt;`?
  50 |       aria-pressed={!paused}
  51 |       onClick={() => setPaused(value => !value)}
> 52 |     >
     |     ^
  53 |       <svg width="14" height="14" viewBox="0 0 16 16" fill="none" stroke="currentColor" st...
  54 |         {paused ? <path d="m5 3 7 5-7 5Z"/> : <path d="M5 3v10M11 3v10"/>}
  55 |       </svg>

Parsing ecmascript source code failed

Import traces:
  Client Component Browser:
    ./app/components/shader-background.tsx [Client Component Browser]
    ./app/components/fact-check-dashboard.tsx [Client Component Browser]
    ./app/components/fact-check-dashboard.tsx [Server Component]
    ./app/page.tsx [Server Component]

  Client Component SSR:
    ./app/components/shader-background.tsx [Client Component SSR]
    ./app/components/fact-check-dashboard.tsx [Client Component SSR]
    ./app/components/fact-check-dashboard.tsx [Server Component]
    ./app/page.tsx [Server Component] @ http://localhost:3000/_next/static/chunks/node_modules_next_dist_1e8vcs8._.js:1052
[  624116ms] [ERROR] ./app/components/shader-background.tsx:52:5
Error: Unexpected token. Did you mean `{'>'}` or `&gt;`?
  50 |       aria-pressed={!paused}
  51 |       onClick={() => setPaused(value => !value)}
> 52 |     >
     |     ^
  53 |       <svg width="14" height="14" viewBox="0 0 16 16" fill="none" stroke="currentColor" st...
  54 |         {paused ? <path d="m5 3 7 5-7 5Z"/> : <path d="M5 3v10M11 3v10"/>}
  55 |       </svg>

Parsing ecmascript source code failed

Import traces:
  Client Component Browser:
    ./app/components/shader-background.tsx [Client Component Browser]
    ./app/components/fact-check-dashboard.tsx [Client Component Browser]
    ./app/components/fact-check-dashboard.tsx [Server Component]
    ./app/page.tsx [Server Component]

  Client Component SSR:
    ./app/components/shader-background.tsx [Client Component SSR]
    ./app/components/fact-check-dashboard.tsx [Client Component SSR]
    ./app/components/fact-check-dashboard.tsx [Server Component]
    ./app/page.tsx [Server Component] @ http://localhost:3000/_next/static/chunks/node_modules_next_dist_1e8vcs8._.js:1052
[  624177ms] [ERROR] ./app/components/shader-background.tsx:52:5
Error: Unexpected token. Did you mean `{'>'}` or `&gt;`?
  50 |       aria-pressed={!paused}
  51 |       onClick={() => setPaused(value => !value)}
> 52 |     >
     |     ^
  53 |       <svg width="14" height="14" viewBox="0 0 16 16" fill="none" stroke="currentColor" st...
  54 |         {paused ? <path d="m5 3 7 5-7 5Z"/> : <path d="M5 3v10M11 3v10"/>}
  55 |       </svg>

Parsing ecmascript source code failed

Import traces:
  Client Component Browser:
    ./app/components/shader-background.tsx [Client Component Browser]
    ./app/components/fact-check-dashboard.tsx [Client Component Browser]
    ./app/components/fact-check-dashboard.tsx [Server Component]
    ./app/page.tsx [Server Component]

  Client Component SSR:
    ./app/components/shader-background.tsx [Client Component SSR]
    ./app/components/fact-check-dashboard.tsx [Client Component SSR]
    ./app/components/fact-check-dashboard.tsx [Server Component]
    ./app/page.tsx [Server Component] @ http://localhost:3000/_next/static/chunks/node_modules_next_dist_1e8vcs8._.js:1052
[  624237ms] [ERROR] ./app/components/shader-background.tsx:52:5
Error: Unexpected token. Did you mean `{'>'}` or `&gt;`?
  50 |       aria-pressed={!paused}
  51 |       onClick={() => setPaused(value => !value)}
> 52 |     >
     |     ^
  53 |       <svg width="14" height="14" viewBox="0 0 16 16" fill="none" stroke="currentColor" st...
  54 |         {paused ? <path d="m5 3 7 5-7 5Z"/> : <path d="M5 3v10M11 3v10"/>}
  55 |       </svg>

Parsing ecmascript source code failed

Import traces:
  Client Component Browser:
    ./app/components/shader-background.tsx [Client Component Browser]
    ./app/components/fact-check-dashboard.tsx [Client Component Browser]
    ./app/components/fact-check-dashboard.tsx [Server Component]
    ./app/page.tsx [Server Component]

  Client Component SSR:
    ./app/components/shader-background.tsx [Client Component SSR]
    ./app/components/fact-check-dashboard.tsx [Client Component SSR]
    ./app/components/fact-check-dashboard.tsx [Server Component]
    ./app/page.tsx [Server Component] @ http://localhost:3000/_next/static/chunks/node_modules_next_dist_1e8vcs8._.js:1052
[  624298ms] [ERROR] ./app/components/shader-background.tsx:52:5
Error: Unexpected token. Did you mean `{'>'}` or `&gt;`?
  50 |       aria-pressed={!paused}
  51 |       onClick={() => setPaused(value => !value)}
> 52 |     >
     |     ^
  53 |       <svg width="14" height="14" viewBox="0 0 16 16" fill="none" stroke="currentColor" st...
  54 |         {paused ? <path d="m5 3 7 5-7 5Z"/> : <path d="M5 3v10M11 3v10"/>}
  55 |       </svg>

Parsing ecmascript source code failed

Import traces:
  Client Component Browser:
    ./app/components/shader-background.tsx [Client Component Browser]
    ./app/components/fact-check-dashboard.tsx [Client Component Browser]
    ./app/components/fact-check-dashboard.tsx [Server Component]
    ./app/page.tsx [Server Component]

  Client Component SSR:
    ./app/components/shader-background.tsx [Client Component SSR]
    ./app/components/fact-check-dashboard.tsx [Client Component SSR]
    ./app/components/fact-check-dashboard.tsx [Server Component]
    ./app/page.tsx [Server Component] @ http://localhost:3000/_next/static/chunks/node_modules_next_dist_1e8vcs8._.js:1052
[  624361ms] [ERROR] ./app/components/shader-background.tsx:52:5
Error: Unexpected token. Did you mean `{'>'}` or `&gt;`?
  50 |       aria-pressed={!paused}
  51 |       onClick={() => setPaused(value => !value)}
> 52 |     >
     |     ^
  53 |       <svg width="14" height="14" viewBox="0 0 16 16" fill="none" stroke="currentColor" st...
  54 |         {paused ? <path d="m5 3 7 5-7 5Z"/> : <path d="M5 3v10M11 3v10"/>}
  55 |       </svg>

Parsing ecmascript source code failed

Import traces:
  Client Component Browser:
    ./app/components/shader-background.tsx [Client Component Browser]
    ./app/components/fact-check-dashboard.tsx [Client Component Browser]
    ./app/components/fact-check-dashboard.tsx [Server Component]
    ./app/page.tsx [Server Component]

  Client Component SSR:
    ./app/components/shader-background.tsx [Client Component SSR]
    ./app/components/fact-check-dashboard.tsx [Client Component SSR]
    ./app/components/fact-check-dashboard.tsx [Server Component]
    ./app/page.tsx [Server Component] @ http://localhost:3000/_next/static/chunks/node_modules_next_dist_1e8vcs8._.js:1052
[  624422ms] [ERROR] ./app/components/shader-background.tsx:52:5
Error: Unexpected token. Did you mean `{'>'}` or `&gt;`?
  50 |       aria-pressed={!paused}
  51 |       onClick={() => setPaused(value => !value)}
> 52 |     >
     |     ^
  53 |       <svg width="14" height="14" viewBox="0 0 16 16" fill="none" stroke="currentColor" st...
  54 |         {paused ? <path d="m5 3 7 5-7 5Z"/> : <path d="M5 3v10M11 3v10"/>}
  55 |       </svg>

Parsing ecmascript source code failed

Import traces:
  Client Component Browser:
    ./app/components/shader-background.tsx [Client Component Browser]
    ./app/components/fact-check-dashboard.tsx [Client Component Browser]
    ./app/components/fact-check-dashboard.tsx [Server Component]
    ./app/page.tsx [Server Component]

  Client Component SSR:
    ./app/components/shader-background.tsx [Client Component SSR]
    ./app/components/fact-check-dashboard.tsx [Client Component SSR]
    ./app/components/fact-check-dashboard.tsx [Server Component]
    ./app/page.tsx [Server Component] @ http://localhost:3000/_next/static/chunks/node_modules_next_dist_1e8vcs8._.js:1052
[  624484ms] [ERROR] ./app/components/shader-background.tsx:52:5
Error: Unexpected token. Did you mean `{'>'}` or `&gt;`?
  50 |       aria-pressed={!paused}
  51 |       onClick={() => setPaused(value => !value)}
> 52 |     >
     |     ^
  53 |       <svg width="14" height="14" viewBox="0 0 16 16" fill="none" stroke="currentColor" st...
  54 |         {paused ? <path d="m5 3 7 5-7 5Z"/> : <path d="M5 3v10M11 3v10"/>}
  55 |       </svg>

Parsing ecmascript source code failed

Import traces:
  Client Component Browser:
    ./app/components/shader-background.tsx [Client Component Browser]
    ./app/components/fact-check-dashboard.tsx [Client Component Browser]
    ./app/components/fact-check-dashboard.tsx [Server Component]
    ./app/page.tsx [Server Component]

  Client Component SSR:
    ./app/components/shader-background.tsx [Client Component SSR]
    ./app/components/fact-check-dashboard.tsx [Client Component SSR]
    ./app/components/fact-check-dashboard.tsx [Server Component]
    ./app/page.tsx [Server Component] @ http://localhost:3000/_next/static/chunks/node_modules_next_dist_1e8vcs8._.js:1052
[  624544ms] [ERROR] ./app/components/shader-background.tsx:52:5
Error: Unexpected token. Did you mean `{'>'}` or `&gt;`?
  50 |       aria-pressed={!paused}
  51 |       onClick={() => setPaused(value => !value)}
> 52 |     >
     |     ^
  53 |       <svg width="14" height="14" viewBox="0 0 16 16" fill="none" stroke="currentColor" st...
  54 |         {paused ? <path d="m5 3 7 5-7 5Z"/> : <path d="M5 3v10M11 3v10"/>}
  55 |       </svg>

Parsing ecmascript source code failed

Import traces:
  Client Component Browser:
    ./app/components/shader-background.tsx [Client Component Browser]
    ./app/components/fact-check-dashboard.tsx [Client Component Browser]
    ./app/components/fact-check-dashboard.tsx [Server Component]
    ./app/page.tsx [Server Component]

  Client Component SSR:
    ./app/components/shader-background.tsx [Client Component SSR]
    ./app/components/fact-check-dashboard.tsx [Client Component SSR]
    ./app/components/fact-check-dashboard.tsx [Server Component]
    ./app/page.tsx [Server Component] @ http://localhost:3000/_next/static/chunks/node_modules_next_dist_1e8vcs8._.js:1052
[  624604ms] [ERROR] ./app/components/shader-background.tsx:52:5
Error: Unexpected token. Did you mean `{'>'}` or `&gt;`?
  50 |       aria-pressed={!paused}
  51 |       onClick={() => setPaused(value => !value)}
> 52 |     >
     |     ^
  53 |       <svg width="14" height="14" viewBox="0 0 16 16" fill="none" stroke="currentColor" st...
  54 |         {paused ? <path d="m5 3 7 5-7 5Z"/> : <path d="M5 3v10M11 3v10"/>}
  55 |       </svg>

Parsing ecmascript source code failed

Import traces:
  Client Component Browser:
    ./app/components/shader-background.tsx [Client Component Browser]
    ./app/components/fact-check-dashboard.tsx [Client Component Browser]
    ./app/components/fact-check-dashboard.tsx [Server Component]
    ./app/page.tsx [Server Component]

  Client Component SSR:
    ./app/components/shader-background.tsx [Client Component SSR]
    ./app/components/fact-check-dashboard.tsx [Client Component SSR]
    ./app/components/fact-check-dashboard.tsx [Server Component]
    ./app/page.tsx [Server Component] @ http://localhost:3000/_next/static/chunks/node_modules_next_dist_1e8vcs8._.js:1052
[  624652ms] [ERROR] ./app/components/shader-background.tsx:52:5
Error: Unexpected token. Did you mean `{'>'}` or `&gt;`?
  50 |       aria-pressed={!paused}
  51 |       onClick={() => setPaused(value => !value)}
> 52 |     >
     |     ^
  53 |       <svg width="14" height="14" viewBox="0 0 16 16" fill="none" stroke="currentColor" st...
  54 |         {paused ? <path d="m5 3 7 5-7 5Z"/> : <path d="M5 3v10M11 3v10"/>}
  55 |       </svg>

Parsing ecmascript source code failed

Import traces:
  Client Component Browser:
    ./app/components/shader-background.tsx [Client Component Browser]
    ./app/components/fact-check-dashboard.tsx [Client Component Browser]
    ./app/components/fact-check-dashboard.tsx [Server Component]
    ./app/page.tsx [Server Component]

  Client Component SSR:
    ./app/components/shader-background.tsx [Client Component SSR]
    ./app/components/fact-check-dashboard.tsx [Client Component SSR]
    ./app/components/fact-check-dashboard.tsx [Server Component]
    ./app/page.tsx [Server Component] @ http://localhost:3000/_next/static/chunks/node_modules_next_dist_1e8vcs8._.js:1052
[  624698ms] [ERROR] ./app/components/shader-background.tsx:52:5
Error: Unexpected token. Did you mean `{'>'}` or `&gt;`?
  50 |       aria-pressed={!paused}
  51 |       onClick={() => setPaused(value => !value)}
> 52 |     >
     |     ^
  53 |       <svg width="14" height="14" viewBox="0 0 16 16" fill="none" stroke="currentColor" st...
  54 |         {paused ? <path d="m5 3 7 5-7 5Z"/> : <path d="M5 3v10M11 3v10"/>}
  55 |       </svg>

Parsing ecmascript source code failed

Import traces:
  Client Component Browser:
    ./app/components/shader-background.tsx [Client Component Browser]
    ./app/components/fact-check-dashboard.tsx [Client Component Browser]
    ./app/components/fact-check-dashboard.tsx [Server Component]
    ./app/page.tsx [Server Component]

  Client Component SSR:
    ./app/components/shader-background.tsx [Client Component SSR]
    ./app/components/fact-check-dashboard.tsx [Client Component SSR]
    ./app/components/fact-check-dashboard.tsx [Server Component]
    ./app/page.tsx [Server Component] @ http://localhost:3000/_next/static/chunks/node_modules_next_dist_1e8vcs8._.js:1052
[  624759ms] [ERROR] ./app/components/shader-background.tsx:52:5
Error: Unexpected token. Did you mean `{'>'}` or `&gt;`?
  50 |       aria-pressed={!paused}
  51 |       onClick={() => setPaused(value => !value)}
> 52 |     >
     |     ^
  53 |       <svg width="14" height="14" viewBox="0 0 16 16" fill="none" stroke="currentColor" st...
  54 |         {paused ? <path d="m5 3 7 5-7 5Z"/> : <path d="M5 3v10M11 3v10"/>}
  55 |       </svg>

Parsing ecmascript source code failed

Import traces:
  Client Component Browser:
    ./app/components/shader-background.tsx [Client Component Browser]
    ./app/components/fact-check-dashboard.tsx [Client Component Browser]
    ./app/components/fact-check-dashboard.tsx [Server Component]
    ./app/page.tsx [Server Component]

  Client Component SSR:
    ./app/components/shader-background.tsx [Client Component SSR]
    ./app/components/fact-check-dashboard.tsx [Client Component SSR]
    ./app/components/fact-check-dashboard.tsx [Server Component]
    ./app/page.tsx [Server Component] @ http://localhost:3000/_next/static/chunks/node_modules_next_dist_1e8vcs8._.js:1052
[  624820ms] [ERROR] ./app/components/shader-background.tsx:52:5
Error: Unexpected token. Did you mean `{'>'}` or `&gt;`?
  50 |       aria-pressed={!paused}
  51 |       onClick={() => setPaused(value => !value)}
> 52 |     >
     |     ^
  53 |       <svg width="14" height="14" viewBox="0 0 16 16" fill="none" stroke="currentColor" st...
  54 |         {paused ? <path d="m5 3 7 5-7 5Z"/> : <path d="M5 3v10M11 3v10"/>}
  55 |       </svg>

Parsing ecmascript source code failed

Import traces:
  Client Component Browser:
    ./app/components/shader-background.tsx [Client Component Browser]
    ./app/components/fact-check-dashboard.tsx [Client Component Browser]
    ./app/components/fact-check-dashboard.tsx [Server Component]
    ./app/page.tsx [Server Component]

  Client Component SSR:
    ./app/components/shader-background.tsx [Client Component SSR]
    ./app/components/fact-check-dashboard.tsx [Client Component SSR]
    ./app/components/fact-check-dashboard.tsx [Server Component]
    ./app/page.tsx [Server Component] @ http://localhost:3000/_next/static/chunks/node_modules_next_dist_1e8vcs8._.js:1052
[  624883ms] [ERROR] ./app/components/shader-background.tsx:52:5
Error: Unexpected token. Did you mean `{'>'}` or `&gt;`?
  50 |       aria-pressed={!paused}
  51 |       onClick={() => setPaused(value => !value)}
> 52 |     >
     |     ^
  53 |       <svg width="14" height="14" viewBox="0 0 16 16" fill="none" stroke="currentColor" st...
  54 |         {paused ? <path d="m5 3 7 5-7 5Z"/> : <path d="M5 3v10M11 3v10"/>}
  55 |       </svg>

Parsing ecmascript source code failed

Import traces:
  Client Component Browser:
    ./app/components/shader-background.tsx [Client Component Browser]
    ./app/components/fact-check-dashboard.tsx [Client Component Browser]
    ./app/components/fact-check-dashboard.tsx [Server Component]
    ./app/page.tsx [Server Component]

  Client Component SSR:
    ./app/components/shader-background.tsx [Client Component SSR]
    ./app/components/fact-check-dashboard.tsx [Client Component SSR]
    ./app/components/fact-check-dashboard.tsx [Server Component]
    ./app/page.tsx [Server Component] @ http://localhost:3000/_next/static/chunks/node_modules_next_dist_1e8vcs8._.js:1052
[  624930ms] [ERROR] ./app/components/shader-background.tsx:52:5
Error: Unexpected token. Did you mean `{'>'}` or `&gt;`?
  50 |       aria-pressed={!paused}
  51 |       onClick={() => setPaused(value => !value)}
> 52 |     >
     |     ^
  53 |       <svg width="14" height="14" viewBox="0 0 16 16" fill="none" stroke="currentColor" st...
  54 |         {paused ? <path d="m5 3 7 5-7 5Z"/> : <path d="M5 3v10M11 3v10"/>}
  55 |       </svg>

Parsing ecmascript source code failed

Import traces:
  Client Component Browser:
    ./app/components/shader-background.tsx [Client Component Browser]
    ./app/components/fact-check-dashboard.tsx [Client Component Browser]
    ./app/components/fact-check-dashboard.tsx [Server Component]
    ./app/page.tsx [Server Component]

  Client Component SSR:
    ./app/components/shader-background.tsx [Client Component SSR]
    ./app/components/fact-check-dashboard.tsx [Client Component SSR]
    ./app/components/fact-check-dashboard.tsx [Server Component]
    ./app/page.tsx [Server Component] @ http://localhost:3000/_next/static/chunks/node_modules_next_dist_1e8vcs8._.js:1052
[  624992ms] [ERROR] ./app/components/shader-background.tsx:52:5
Error: Unexpected token. Did you mean `{'>'}` or `&gt;`?
  50 |       aria-pressed={!paused}
  51 |       onClick={() => setPaused(value => !value)}
> 52 |     >
     |     ^
  53 |       <svg width="14" height="14" viewBox="0 0 16 16" fill="none" stroke="currentColor" st...
  54 |         {paused ? <path d="m5 3 7 5-7 5Z"/> : <path d="M5 3v10M11 3v10"/>}
  55 |       </svg>

Parsing ecmascript source code failed

Import traces:
  Client Component Browser:
    ./app/components/shader-background.tsx [Client Component Browser]
    ./app/components/fact-check-dashboard.tsx [Client Component Browser]
    ./app/components/fact-check-dashboard.tsx [Server Component]
    ./app/page.tsx [Server Component]

  Client Component SSR:
    ./app/components/shader-background.tsx [Client Component SSR]
    ./app/components/fact-check-dashboard.tsx [Client Component SSR]
    ./app/components/fact-check-dashboard.tsx [Server Component]
    ./app/page.tsx [Server Component] @ http://localhost:3000/_next/static/chunks/node_modules_next_dist_1e8vcs8._.js:1052
[  625055ms] [ERROR] ./app/components/shader-background.tsx:52:5
Error: Unexpected token. Did you mean `{'>'}` or `&gt;`?
  50 |       aria-pressed={!paused}
  51 |       onClick={() => setPaused(value => !value)}
> 52 |     >
     |     ^
  53 |       <svg width="14" height="14" viewBox="0 0 16 16" fill="none" stroke="currentColor" st...
  54 |         {paused ? <path d="m5 3 7 5-7 5Z"/> : <path d="M5 3v10M11 3v10"/>}
  55 |       </svg>

Parsing ecmascript source code failed

Import traces:
  Client Component Browser:
    ./app/components/shader-background.tsx [Client Component Browser]
    ./app/components/fact-check-dashboard.tsx [Client Component Browser]
    ./app/components/fact-check-dashboard.tsx [Server Component]
    ./app/page.tsx [Server Component]

  Client Component SSR:
    ./app/components/shader-background.tsx [Client Component SSR]
    ./app/components/fact-check-dashboard.tsx [Client Component SSR]
    ./app/components/fact-check-dashboard.tsx [Server Component]
    ./app/page.tsx [Server Component] @ http://localhost:3000/_next/static/chunks/node_modules_next_dist_1e8vcs8._.js:1052
[  625117ms] [ERROR] ./app/components/shader-background.tsx:52:5
Error: Unexpected token. Did you mean `{'>'}` or `&gt;`?
  50 |       aria-pressed={!paused}
  51 |       onClick={() => setPaused(value => !value)}
> 52 |     >
     |     ^
  53 |       <svg width="14" height="14" viewBox="0 0 16 16" fill="none" stroke="currentColor" st...
  54 |         {paused ? <path d="m5 3 7 5-7 5Z"/> : <path d="M5 3v10M11 3v10"/>}
  55 |       </svg>

Parsing ecmascript source code failed

Import traces:
  Client Component Browser:
    ./app/components/shader-background.tsx [Client Component Browser]
    ./app/components/fact-check-dashboard.tsx [Client Component Browser]
    ./app/components/fact-check-dashboard.tsx [Server Component]
    ./app/page.tsx [Server Component]

  Client Component SSR:
    ./app/components/shader-background.tsx [Client Component SSR]
    ./app/components/fact-check-dashboard.tsx [Client Component SSR]
    ./app/components/fact-check-dashboard.tsx [Server Component]
    ./app/page.tsx [Server Component] @ http://localhost:3000/_next/static/chunks/node_modules_next_dist_1e8vcs8._.js:1052
[  625178ms] [ERROR] ./app/components/shader-background.tsx:52:5
Error: Unexpected token. Did you mean `{'>'}` or `&gt;`?
  50 |       aria-pressed={!paused}
  51 |       onClick={() => setPaused(value => !value)}
> 52 |     >
     |     ^
  53 |       <svg width="14" height="14" viewBox="0 0 16 16" fill="none" stroke="currentColor" st...
  54 |         {paused ? <path d="m5 3 7 5-7 5Z"/> : <path d="M5 3v10M11 3v10"/>}
  55 |       </svg>

Parsing ecmascript source code failed

Import traces:
  Client Component Browser:
    ./app/components/shader-background.tsx [Client Component Browser]
    ./app/components/fact-check-dashboard.tsx [Client Component Browser]
    ./app/components/fact-check-dashboard.tsx [Server Component]
    ./app/page.tsx [Server Component]

  Client Component SSR:
    ./app/components/shader-background.tsx [Client Component SSR]
    ./app/components/fact-check-dashboard.tsx [Client Component SSR]
    ./app/components/fact-check-dashboard.tsx [Server Component]
    ./app/page.tsx [Server Component] @ http://localhost:3000/_next/static/chunks/node_modules_next_dist_1e8vcs8._.js:1052
[  625240ms] [ERROR] ./app/components/shader-background.tsx:52:5
Error: Unexpected token. Did you mean `{'>'}` or `&gt;`?
  50 |       aria-pressed={!paused}
  51 |       onClick={() => setPaused(value => !value)}
> 52 |     >
     |     ^
  53 |       <svg width="14" height="14" viewBox="0 0 16 16" fill="none" stroke="currentColor" st...
  54 |         {paused ? <path d="m5 3 7 5-7 5Z"/> : <path d="M5 3v10M11 3v10"/>}
  55 |       </svg>

Parsing ecmascript source code failed

Import traces:
  Client Component Browser:
    ./app/components/shader-background.tsx [Client Component Browser]
    ./app/components/fact-check-dashboard.tsx [Client Component Browser]
    ./app/components/fact-check-dashboard.tsx [Server Component]
    ./app/page.tsx [Server Component]

  Client Component SSR:
    ./app/components/shader-background.tsx [Client Component SSR]
    ./app/components/fact-check-dashboard.tsx [Client Component SSR]
    ./app/components/fact-check-dashboard.tsx [Server Component]
    ./app/page.tsx [Server Component] @ http://localhost:3000/_next/static/chunks/node_modules_next_dist_1e8vcs8._.js:1052
[  625304ms] [ERROR] ./app/components/shader-background.tsx:52:5
Error: Unexpected token. Did you mean `{'>'}` or `&gt;`?
  50 |       aria-pressed={!paused}
  51 |       onClick={() => setPaused(value => !value)}
> 52 |     >
     |     ^
  53 |       <svg width="14" height="14" viewBox="0 0 16 16" fill="none" stroke="currentColor" st...
  54 |         {paused ? <path d="m5 3 7 5-7 5Z"/> : <path d="M5 3v10M11 3v10"/>}
  55 |       </svg>

Parsing ecmascript source code failed

Import traces:
  Client Component Browser:
    ./app/components/shader-background.tsx [Client Component Browser]
    ./app/components/fact-check-dashboard.tsx [Client Component Browser]
    ./app/components/fact-check-dashboard.tsx [Server Component]
    ./app/page.tsx [Server Component]

  Client Component SSR:
    ./app/components/shader-background.tsx [Client Component SSR]
    ./app/components/fact-check-dashboard.tsx [Client Component SSR]
    ./app/components/fact-check-dashboard.tsx [Server Component]
    ./app/page.tsx [Server Component] @ http://localhost:3000/_next/static/chunks/node_modules_next_dist_1e8vcs8._.js:1052
[  625351ms] [ERROR] ./app/components/shader-background.tsx:52:5
Error: Unexpected token. Did you mean `{'>'}` or `&gt;`?
  50 |       aria-pressed={!paused}
  51 |       onClick={() => setPaused(value => !value)}
> 52 |     >
     |     ^
  53 |       <svg width="14" height="14" viewBox="0 0 16 16" fill="none" stroke="currentColor" st...
  54 |         {paused ? <path d="m5 3 7 5-7 5Z"/> : <path d="M5 3v10M11 3v10"/>}
  55 |       </svg>

Parsing ecmascript source code failed

Import traces:
  Client Component Browser:
    ./app/components/shader-background.tsx [Client Component Browser]
    ./app/components/fact-check-dashboard.tsx [Client Component Browser]
    ./app/components/fact-check-dashboard.tsx [Server Component]
    ./app/page.tsx [Server Component]

  Client Component SSR:
    ./app/components/shader-background.tsx [Client Component SSR]
    ./app/components/fact-check-dashboard.tsx [Client Component SSR]
    ./app/components/fact-check-dashboard.tsx [Server Component]
    ./app/page.tsx [Server Component] @ http://localhost:3000/_next/static/chunks/node_modules_next_dist_1e8vcs8._.js:1052
[  625413ms] [ERROR] ./app/components/shader-background.tsx:52:5
Error: Unexpected token. Did you mean `{'>'}` or `&gt;`?
  50 |       aria-pressed={!paused}
  51 |       onClick={() => setPaused(value => !value)}
> 52 |     >
     |     ^
  53 |       <svg width="14" height="14" viewBox="0 0 16 16" fill="none" stroke="currentColor" st...
  54 |         {paused ? <path d="m5 3 7 5-7 5Z"/> : <path d="M5 3v10M11 3v10"/>}
  55 |       </svg>

Parsing ecmascript source code failed

Import traces:
  Client Component Browser:
    ./app/components/shader-background.tsx [Client Component Browser]
    ./app/components/fact-check-dashboard.tsx [Client Component Browser]
    ./app/components/fact-check-dashboard.tsx [Server Component]
    ./app/page.tsx [Server Component]

  Client Component SSR:
    ./app/components/shader-background.tsx [Client Component SSR]
    ./app/components/fact-check-dashboard.tsx [Client Component SSR]
    ./app/components/fact-check-dashboard.tsx [Server Component]
    ./app/page.tsx [Server Component] @ http://localhost:3000/_next/static/chunks/node_modules_next_dist_1e8vcs8._.js:1052
[  625460ms] [ERROR] ./app/components/shader-background.tsx:52:5
Error: Unexpected token. Did you mean `{'>'}` or `&gt;`?
  50 |       aria-pressed={!paused}
  51 |       onClick={() => setPaused(value => !value)}
> 52 |     >
     |     ^
  53 |       <svg width="14" height="14" viewBox="0 0 16 16" fill="none" stroke="currentColor" st...
  54 |         {paused ? <path d="m5 3 7 5-7 5Z"/> : <path d="M5 3v10M11 3v10"/>}
  55 |       </svg>

Parsing ecmascript source code failed

Import traces:
  Client Component Browser:
    ./app/components/shader-background.tsx [Client Component Browser]
    ./app/components/fact-check-dashboard.tsx [Client Component Browser]
    ./app/components/fact-check-dashboard.tsx [Server Component]
    ./app/page.tsx [Server Component]

  Client Component SSR:
    ./app/components/shader-background.tsx [Client Component SSR]
    ./app/components/fact-check-dashboard.tsx [Client Component SSR]
    ./app/components/fact-check-dashboard.tsx [Server Component]
    ./app/page.tsx [Server Component] @ http://localhost:3000/_next/static/chunks/node_modules_next_dist_1e8vcs8._.js:1052
[  625508ms] [ERROR] ./app/components/shader-background.tsx:52:5
Error: Unexpected token. Did you mean `{'>'}` or `&gt;`?
  50 |       aria-pressed={!paused}
  51 |       onClick={() => setPaused(value => !value)}
> 52 |     >
     |     ^
  53 |       <svg width="14" height="14" viewBox="0 0 16 16" fill="none" stroke="currentColor" st...
  54 |         {paused ? <path d="m5 3 7 5-7 5Z"/> : <path d="M5 3v10M11 3v10"/>}
  55 |       </svg>

Parsing ecmascript source code failed

Import traces:
  Client Component Browser:
    ./app/components/shader-background.tsx [Client Component Browser]
    ./app/components/fact-check-dashboard.tsx [Client Component Browser]
    ./app/components/fact-check-dashboard.tsx [Server Component]
    ./app/page.tsx [Server Component]

  Client Component SSR:
    ./app/components/shader-background.tsx [Client Component SSR]
    ./app/components/fact-check-dashboard.tsx [Client Component SSR]
    ./app/components/fact-check-dashboard.tsx [Server Component]
    ./app/page.tsx [Server Component] @ http://localhost:3000/_next/static/chunks/node_modules_next_dist_1e8vcs8._.js:1052
[  625570ms] [ERROR] ./app/components/shader-background.tsx:52:5
Error: Unexpected token. Did you mean `{'>'}` or `&gt;`?
  50 |       aria-pressed={!paused}
  51 |       onClick={() => setPaused(value => !value)}
> 52 |     >
     |     ^
  53 |       <svg width="14" height="14" viewBox="0 0 16 16" fill="none" stroke="currentColor" st...
  54 |         {paused ? <path d="m5 3 7 5-7 5Z"/> : <path d="M5 3v10M11 3v10"/>}
  55 |       </svg>

Parsing ecmascript source code failed

Import traces:
  Client Component Browser:
    ./app/components/shader-background.tsx [Client Component Browser]
    ./app/components/fact-check-dashboard.tsx [Client Component Browser]
    ./app/components/fact-check-dashboard.tsx [Server Component]
    ./app/page.tsx [Server Component]

  Client Component SSR:
    ./app/components/shader-background.tsx [Client Component SSR]
    ./app/components/fact-check-dashboard.tsx [Client Component SSR]
    ./app/components/fact-check-dashboard.tsx [Server Component]
    ./app/page.tsx [Server Component] @ http://localhost:3000/_next/static/chunks/node_modules_next_dist_1e8vcs8._.js:1052
[  625632ms] [ERROR] ./app/components/shader-background.tsx:52:5
Error: Unexpected token. Did you mean `{'>'}` or `&gt;`?
  50 |       aria-pressed={!paused}
  51 |       onClick={() => setPaused(value => !value)}
> 52 |     >
     |     ^
  53 |       <svg width="14" height="14" viewBox="0 0 16 16" fill="none" stroke="currentColor" st...
  54 |         {paused ? <path d="m5 3 7 5-7 5Z"/> : <path d="M5 3v10M11 3v10"/>}
  55 |       </svg>

Parsing ecmascript source code failed

Import traces:
  Client Component Browser:
    ./app/components/shader-background.tsx [Client Component Browser]
    ./app/components/fact-check-dashboard.tsx [Client Component Browser]
    ./app/components/fact-check-dashboard.tsx [Server Component]
    ./app/page.tsx [Server Component]

  Client Component SSR:
    ./app/components/shader-background.tsx [Client Component SSR]
    ./app/components/fact-check-dashboard.tsx [Client Component SSR]
    ./app/components/fact-check-dashboard.tsx [Server Component]
    ./app/page.tsx [Server Component] @ http://localhost:3000/_next/static/chunks/node_modules_next_dist_1e8vcs8._.js:1052
[  625693ms] [ERROR] ./app/components/shader-background.tsx:52:5
Error: Unexpected token. Did you mean `{'>'}` or `&gt;`?
  50 |       aria-pressed={!paused}
  51 |       onClick={() => setPaused(value => !value)}
> 52 |     >
     |     ^
  53 |       <svg width="14" height="14" viewBox="0 0 16 16" fill="none" stroke="currentColor" st...
  54 |         {paused ? <path d="m5 3 7 5-7 5Z"/> : <path d="M5 3v10M11 3v10"/>}
  55 |       </svg>

Parsing ecmascript source code failed

Import traces:
  Client Component Browser:
    ./app/components/shader-background.tsx [Client Component Browser]
    ./app/components/fact-check-dashboard.tsx [Client Component Browser]
    ./app/components/fact-check-dashboard.tsx [Server Component]
    ./app/page.tsx [Server Component]

  Client Component SSR:
    ./app/components/shader-background.tsx [Client Component SSR]
    ./app/components/fact-check-dashboard.tsx [Client Component SSR]
    ./app/components/fact-check-dashboard.tsx [Server Component]
    ./app/page.tsx [Server Component] @ http://localhost:3000/_next/static/chunks/node_modules_next_dist_1e8vcs8._.js:1052
[  625740ms] [ERROR] ./app/components/shader-background.tsx:52:5
Error: Unexpected token. Did you mean `{'>'}` or `&gt;`?
  50 |       aria-pressed={!paused}
  51 |       onClick={() => setPaused(value => !value)}
> 52 |     >
     |     ^
  53 |       <svg width="14" height="14" viewBox="0 0 16 16" fill="none" stroke="currentColor" st...
  54 |         {paused ? <path d="m5 3 7 5-7 5Z"/> : <path d="M5 3v10M11 3v10"/>}
  55 |       </svg>

Parsing ecmascript source code failed

Import traces:
  Client Component Browser:
    ./app/components/shader-background.tsx [Client Component Browser]
    ./app/components/fact-check-dashboard.tsx [Client Component Browser]
    ./app/components/fact-check-dashboard.tsx [Server Component]
    ./app/page.tsx [Server Component]

  Client Component SSR:
    ./app/components/shader-background.tsx [Client Component SSR]
    ./app/components/fact-check-dashboard.tsx [Client Component SSR]
    ./app/components/fact-check-dashboard.tsx [Server Component]
    ./app/page.tsx [Server Component] @ http://localhost:3000/_next/static/chunks/node_modules_next_dist_1e8vcs8._.js:1052
[  625802ms] [ERROR] ./app/components/shader-background.tsx:52:5
Error: Unexpected token. Did you mean `{'>'}` or `&gt;`?
  50 |       aria-pressed={!paused}
  51 |       onClick={() => setPaused(value => !value)}
> 52 |     >
     |     ^
  53 |       <svg width="14" height="14" viewBox="0 0 16 16" fill="none" stroke="currentColor" st...
  54 |         {paused ? <path d="m5 3 7 5-7 5Z"/> : <path d="M5 3v10M11 3v10"/>}
  55 |       </svg>

Parsing ecmascript source code failed

Import traces:
  Client Component Browser:
    ./app/components/shader-background.tsx [Client Component Browser]
    ./app/components/fact-check-dashboard.tsx [Client Component Browser]
    ./app/components/fact-check-dashboard.tsx [Server Component]
    ./app/page.tsx [Server Component]

  Client Component SSR:
    ./app/components/shader-background.tsx [Client Component SSR]
    ./app/components/fact-check-dashboard.tsx [Client Component SSR]
    ./app/components/fact-check-dashboard.tsx [Server Component]
    ./app/page.tsx [Server Component] @ http://localhost:3000/_next/static/chunks/node_modules_next_dist_1e8vcs8._.js:1052
[  625863ms] [ERROR] ./app/components/shader-background.tsx:52:5
Error: Unexpected token. Did you mean `{'>'}` or `&gt;`?
  50 |       aria-pressed={!paused}
  51 |       onClick={() => setPaused(value => !value)}
> 52 |     >
     |     ^
  53 |       <svg width="14" height="14" viewBox="0 0 16 16" fill="none" stroke="currentColor" st...
  54 |         {paused ? <path d="m5 3 7 5-7 5Z"/> : <path d="M5 3v10M11 3v10"/>}
  55 |       </svg>

Parsing ecmascript source code failed

Import traces:
  Client Component Browser:
    ./app/components/shader-background.tsx [Client Component Browser]
    ./app/components/fact-check-dashboard.tsx [Client Component Browser]
    ./app/components/fact-check-dashboard.tsx [Server Component]
    ./app/page.tsx [Server Component]

  Client Component SSR:
    ./app/components/shader-background.tsx [Client Component SSR]
    ./app/components/fact-check-dashboard.tsx [Client Component SSR]
    ./app/components/fact-check-dashboard.tsx [Server Component]
    ./app/page.tsx [Server Component] @ http://localhost:3000/_next/static/chunks/node_modules_next_dist_1e8vcs8._.js:1052
[  625925ms] [ERROR] ./app/components/shader-background.tsx:52:5
Error: Unexpected token. Did you mean `{'>'}` or `&gt;`?
  50 |       aria-pressed={!paused}
  51 |       onClick={() => setPaused(value => !value)}
> 52 |     >
     |     ^
  53 |       <svg width="14" height="14" viewBox="0 0 16 16" fill="none" stroke="currentColor" st...
  54 |         {paused ? <path d="m5 3 7 5-7 5Z"/> : <path d="M5 3v10M11 3v10"/>}
  55 |       </svg>

Parsing ecmascript source code failed

Import traces:
  Client Component Browser:
    ./app/components/shader-background.tsx [Client Component Browser]
    ./app/components/fact-check-dashboard.tsx [Client Component Browser]
    ./app/components/fact-check-dashboard.tsx [Server Component]
    ./app/page.tsx [Server Component]

  Client Component SSR:
    ./app/components/shader-background.tsx [Client Component SSR]
    ./app/components/fact-check-dashboard.tsx [Client Component SSR]
    ./app/components/fact-check-dashboard.tsx [Server Component]
    ./app/page.tsx [Server Component] @ http://localhost:3000/_next/static/chunks/node_modules_next_dist_1e8vcs8._.js:1052
[  625987ms] [ERROR] ./app/components/shader-background.tsx:52:5
Error: Unexpected token. Did you mean `{'>'}` or `&gt;`?
  50 |       aria-pressed={!paused}
  51 |       onClick={() => setPaused(value => !value)}
> 52 |     >
     |     ^
  53 |       <svg width="14" height="14" viewBox="0 0 16 16" fill="none" stroke="currentColor" st...
  54 |         {paused ? <path d="m5 3 7 5-7 5Z"/> : <path d="M5 3v10M11 3v10"/>}
  55 |       </svg>

Parsing ecmascript source code failed

Import traces:
  Client Component Browser:
    ./app/components/shader-background.tsx [Client Component Browser]
    ./app/components/fact-check-dashboard.tsx [Client Component Browser]
    ./app/components/fact-check-dashboard.tsx [Server Component]
    ./app/page.tsx [Server Component]

  Client Component SSR:
    ./app/components/shader-background.tsx [Client Component SSR]
    ./app/components/fact-check-dashboard.tsx [Client Component SSR]
    ./app/components/fact-check-dashboard.tsx [Server Component]
    ./app/page.tsx [Server Component] @ http://localhost:3000/_next/static/chunks/node_modules_next_dist_1e8vcs8._.js:1052
[  626048ms] [ERROR] ./app/components/shader-background.tsx:52:5
Error: Unexpected token. Did you mean `{'>'}` or `&gt;`?
  50 |       aria-pressed={!paused}
  51 |       onClick={() => setPaused(value => !value)}
> 52 |     >
     |     ^
  53 |       <svg width="14" height="14" viewBox="0 0 16 16" fill="none" stroke="currentColor" st...
  54 |         {paused ? <path d="m5 3 7 5-7 5Z"/> : <path d="M5 3v10M11 3v10"/>}
  55 |       </svg>

Parsing ecmascript source code failed

Import traces:
  Client Component Browser:
    ./app/components/shader-background.tsx [Client Component Browser]
    ./app/components/fact-check-dashboard.tsx [Client Component Browser]
    ./app/components/fact-check-dashboard.tsx [Server Component]
    ./app/page.tsx [Server Component]

  Client Component SSR:
    ./app/components/shader-background.tsx [Client Component SSR]
    ./app/components/fact-check-dashboard.tsx [Client Component SSR]
    ./app/components/fact-check-dashboard.tsx [Server Component]
    ./app/page.tsx [Server Component] @ http://localhost:3000/_next/static/chunks/node_modules_next_dist_1e8vcs8._.js:1052
[  626110ms] [ERROR] ./app/components/shader-background.tsx:52:5
Error: Unexpected token. Did you mean `{'>'}` or `&gt;`?
  50 |       aria-pressed={!paused}
  51 |       onClick={() => setPaused(value => !value)}
> 52 |     >
     |     ^
  53 |       <svg width="14" height="14" viewBox="0 0 16 16" fill="none" stroke="currentColor" st...
  54 |         {paused ? <path d="m5 3 7 5-7 5Z"/> : <path d="M5 3v10M11 3v10"/>}
  55 |       </svg>

Parsing ecmascript source code failed

Import traces:
  Client Component Browser:
    ./app/components/shader-background.tsx [Client Component Browser]
    ./app/components/fact-check-dashboard.tsx [Client Component Browser]
    ./app/components/fact-check-dashboard.tsx [Server Component]
    ./app/page.tsx [Server Component]

  Client Component SSR:
    ./app/components/shader-background.tsx [Client Component SSR]
    ./app/components/fact-check-dashboard.tsx [Client Component SSR]
    ./app/components/fact-check-dashboard.tsx [Server Component]
    ./app/page.tsx [Server Component] @ http://localhost:3000/_next/static/chunks/node_modules_next_dist_1e8vcs8._.js:1052
[  626171ms] [ERROR] ./app/components/shader-background.tsx:52:5
Error: Unexpected token. Did you mean `{'>'}` or `&gt;`?
  50 |       aria-pressed={!paused}
  51 |       onClick={() => setPaused(value => !value)}
> 52 |     >
     |     ^
  53 |       <svg width="14" height="14" viewBox="0 0 16 16" fill="none" stroke="currentColor" st...
  54 |         {paused ? <path d="m5 3 7 5-7 5Z"/> : <path d="M5 3v10M11 3v10"/>}
  55 |       </svg>

Parsing ecmascript source code failed

Import traces:
  Client Component Browser:
    ./app/components/shader-background.tsx [Client Component Browser]
    ./app/components/fact-check-dashboard.tsx [Client Component Browser]
    ./app/components/fact-check-dashboard.tsx [Server Component]
    ./app/page.tsx [Server Component]

  Client Component SSR:
    ./app/components/shader-background.tsx [Client Component SSR]
    ./app/components/fact-check-dashboard.tsx [Client Component SSR]
    ./app/components/fact-check-dashboard.tsx [Server Component]
    ./app/page.tsx [Server Component] @ http://localhost:3000/_next/static/chunks/node_modules_next_dist_1e8vcs8._.js:1052
[  626233ms] [ERROR] ./app/components/shader-background.tsx:52:5
Error: Unexpected token. Did you mean `{'>'}` or `&gt;`?
  50 |       aria-pressed={!paused}
  51 |       onClick={() => setPaused(value => !value)}
> 52 |     >
     |     ^
  53 |       <svg width="14" height="14" viewBox="0 0 16 16" fill="none" stroke="currentColor" st...
  54 |         {paused ? <path d="m5 3 7 5-7 5Z"/> : <path d="M5 3v10M11 3v10"/>}
  55 |       </svg>

Parsing ecmascript source code failed

Import traces:
  Client Component Browser:
    ./app/components/shader-background.tsx [Client Component Browser]
    ./app/components/fact-check-dashboard.tsx [Client Component Browser]
    ./app/components/fact-check-dashboard.tsx [Server Component]
    ./app/page.tsx [Server Component]

  Client Component SSR:
    ./app/components/shader-background.tsx [Client Component SSR]
    ./app/components/fact-check-dashboard.tsx [Client Component SSR]
    ./app/components/fact-check-dashboard.tsx [Server Component]
    ./app/page.tsx [Server Component] @ http://localhost:3000/_next/static/chunks/node_modules_next_dist_1e8vcs8._.js:1052
[  626294ms] [ERROR] ./app/components/shader-background.tsx:52:5
Error: Unexpected token. Did you mean `{'>'}` or `&gt;`?
  50 |       aria-pressed={!paused}
  51 |       onClick={() => setPaused(value => !value)}
> 52 |     >
     |     ^
  53 |       <svg width="14" height="14" viewBox="0 0 16 16" fill="none" stroke="currentColor" st...
  54 |         {paused ? <path d="m5 3 7 5-7 5Z"/> : <path d="M5 3v10M11 3v10"/>}
  55 |       </svg>

Parsing ecmascript source code failed

Import traces:
  Client Component Browser:
    ./app/components/shader-background.tsx [Client Component Browser]
    ./app/components/fact-check-dashboard.tsx [Client Component Browser]
    ./app/components/fact-check-dashboard.tsx [Server Component]
    ./app/page.tsx [Server Component]

  Client Component SSR:
    ./app/components/shader-background.tsx [Client Component SSR]
    ./app/components/fact-check-dashboard.tsx [Client Component SSR]
    ./app/components/fact-check-dashboard.tsx [Server Component]
    ./app/page.tsx [Server Component] @ http://localhost:3000/_next/static/chunks/node_modules_next_dist_1e8vcs8._.js:1052
[  626356ms] [ERROR] ./app/components/shader-background.tsx:52:5
Error: Unexpected token. Did you mean `{'>'}` or `&gt;`?
  50 |       aria-pressed={!paused}
  51 |       onClick={() => setPaused(value => !value)}
> 52 |     >
     |     ^
  53 |       <svg width="14" height="14" viewBox="0 0 16 16" fill="none" stroke="currentColor" st...
  54 |         {paused ? <path d="m5 3 7 5-7 5Z"/> : <path d="M5 3v10M11 3v10"/>}
  55 |       </svg>

Parsing ecmascript source code failed

Import traces:
  Client Component Browser:
    ./app/components/shader-background.tsx [Client Component Browser]
    ./app/components/fact-check-dashboard.tsx [Client Component Browser]
    ./app/components/fact-check-dashboard.tsx [Server Component]
    ./app/page.tsx [Server Component]

  Client Component SSR:
    ./app/components/shader-background.tsx [Client Component SSR]
    ./app/components/fact-check-dashboard.tsx [Client Component SSR]
    ./app/components/fact-check-dashboard.tsx [Server Component]
    ./app/page.tsx [Server Component] @ http://localhost:3000/_next/static/chunks/node_modules_next_dist_1e8vcs8._.js:1052
[  626419ms] [ERROR] ./app/components/shader-background.tsx:52:5
Error: Unexpected token. Did you mean `{'>'}` or `&gt;`?
  50 |       aria-pressed={!paused}
  51 |       onClick={() => setPaused(value => !value)}
> 52 |     >
     |     ^
  53 |       <svg width="14" height="14" viewBox="0 0 16 16" fill="none" stroke="currentColor" st...
  54 |         {paused ? <path d="m5 3 7 5-7 5Z"/> : <path d="M5 3v10M11 3v10"/>}
  55 |       </svg>

Parsing ecmascript source code failed

Import traces:
  Client Component Browser:
    ./app/components/shader-background.tsx [Client Component Browser]
    ./app/components/fact-check-dashboard.tsx [Client Component Browser]
    ./app/components/fact-check-dashboard.tsx [Server Component]
    ./app/page.tsx [Server Component]

  Client Component SSR:
    ./app/components/shader-background.tsx [Client Component SSR]
    ./app/components/fact-check-dashboard.tsx [Client Component SSR]
    ./app/components/fact-check-dashboard.tsx [Server Component]
    ./app/page.tsx [Server Component] @ http://localhost:3000/_next/static/chunks/node_modules_next_dist_1e8vcs8._.js:1052
[  626480ms] [ERROR] ./app/components/shader-background.tsx:52:5
Error: Unexpected token. Did you mean `{'>'}` or `&gt;`?
  50 |       aria-pressed={!paused}
  51 |       onClick={() => setPaused(value => !value)}
> 52 |     >
     |     ^
  53 |       <svg width="14" height="14" viewBox="0 0 16 16" fill="none" stroke="currentColor" st...
  54 |         {paused ? <path d="m5 3 7 5-7 5Z"/> : <path d="M5 3v10M11 3v10"/>}
  55 |       </svg>

Parsing ecmascript source code failed

Import traces:
  Client Component Browser:
    ./app/components/shader-background.tsx [Client Component Browser]
    ./app/components/fact-check-dashboard.tsx [Client Component Browser]
    ./app/components/fact-check-dashboard.tsx [Server Component]
    ./app/page.tsx [Server Component]

  Client Component SSR:
    ./app/components/shader-background.tsx [Client Component SSR]
    ./app/components/fact-check-dashboard.tsx [Client Component SSR]
    ./app/components/fact-check-dashboard.tsx [Server Component]
    ./app/page.tsx [Server Component] @ http://localhost:3000/_next/static/chunks/node_modules_next_dist_1e8vcs8._.js:1052
[  626542ms] [ERROR] ./app/components/shader-background.tsx:52:5
Error: Unexpected token. Did you mean `{'>'}` or `&gt;`?
  50 |       aria-pressed={!paused}
  51 |       onClick={() => setPaused(value => !value)}
> 52 |     >
     |     ^
  53 |       <svg width="14" height="14" viewBox="0 0 16 16" fill="none" stroke="currentColor" st...
  54 |         {paused ? <path d="m5 3 7 5-7 5Z"/> : <path d="M5 3v10M11 3v10"/>}
  55 |       </svg>

Parsing ecmascript source code failed

Import traces:
  Client Component Browser:
    ./app/components/shader-background.tsx [Client Component Browser]
    ./app/components/fact-check-dashboard.tsx [Client Component Browser]
    ./app/components/fact-check-dashboard.tsx [Server Component]
    ./app/page.tsx [Server Component]

  Client Component SSR:
    ./app/components/shader-background.tsx [Client Component SSR]
    ./app/components/fact-check-dashboard.tsx [Client Component SSR]
    ./app/components/fact-check-dashboard.tsx [Server Component]
    ./app/page.tsx [Server Component] @ http://localhost:3000/_next/static/chunks/node_modules_next_dist_1e8vcs8._.js:1052
[  626604ms] [ERROR] ./app/components/shader-background.tsx:52:5
Error: Unexpected token. Did you mean `{'>'}` or `&gt;`?
  50 |       aria-pressed={!paused}
  51 |       onClick={() => setPaused(value => !value)}
> 52 |     >
     |     ^
  53 |       <svg width="14" height="14" viewBox="0 0 16 16" fill="none" stroke="currentColor" st...
  54 |         {paused ? <path d="m5 3 7 5-7 5Z"/> : <path d="M5 3v10M11 3v10"/>}
  55 |       </svg>

Parsing ecmascript source code failed

Import traces:
  Client Component Browser:
    ./app/components/shader-background.tsx [Client Component Browser]
    ./app/components/fact-check-dashboard.tsx [Client Component Browser]
    ./app/components/fact-check-dashboard.tsx [Server Component]
    ./app/page.tsx [Server Component]

  Client Component SSR:
    ./app/components/shader-background.tsx [Client Component SSR]
    ./app/components/fact-check-dashboard.tsx [Client Component SSR]
    ./app/components/fact-check-dashboard.tsx [Server Component]
    ./app/page.tsx [Server Component] @ http://localhost:3000/_next/static/chunks/node_modules_next_dist_1e8vcs8._.js:1052
[  626664ms] [ERROR] ./app/components/shader-background.tsx:52:5
Error: Unexpected token. Did you mean `{'>'}` or `&gt;`?
  50 |       aria-pressed={!paused}
  51 |       onClick={() => setPaused(value => !value)}
> 52 |     >
     |     ^
  53 |       <svg width="14" height="14" viewBox="0 0 16 16" fill="none" stroke="currentColor" st...
  54 |         {paused ? <path d="m5 3 7 5-7 5Z"/> : <path d="M5 3v10M11 3v10"/>}
  55 |       </svg>

Parsing ecmascript source code failed

Import traces:
  Client Component Browser:
    ./app/components/shader-background.tsx [Client Component Browser]
    ./app/components/fact-check-dashboard.tsx [Client Component Browser]
    ./app/components/fact-check-dashboard.tsx [Server Component]
    ./app/page.tsx [Server Component]

  Client Component SSR:
    ./app/components/shader-background.tsx [Client Component SSR]
    ./app/components/fact-check-dashboard.tsx [Client Component SSR]
    ./app/components/fact-check-dashboard.tsx [Server Component]
    ./app/page.tsx [Server Component] @ http://localhost:3000/_next/static/chunks/node_modules_next_dist_1e8vcs8._.js:1052
[  626725ms] [ERROR] ./app/components/shader-background.tsx:52:5
Error: Unexpected token. Did you mean `{'>'}` or `&gt;`?
  50 |       aria-pressed={!paused}
  51 |       onClick={() => setPaused(value => !value)}
> 52 |     >
     |     ^
  53 |       <svg width="14" height="14" viewBox="0 0 16 16" fill="none" stroke="currentColor" st...
  54 |         {paused ? <path d="m5 3 7 5-7 5Z"/> : <path d="M5 3v10M11 3v10"/>}
  55 |       </svg>

Parsing ecmascript source code failed

Import traces:
  Client Component Browser:
    ./app/components/shader-background.tsx [Client Component Browser]
    ./app/components/fact-check-dashboard.tsx [Client Component Browser]
    ./app/components/fact-check-dashboard.tsx [Server Component]
    ./app/page.tsx [Server Component]

  Client Component SSR:
    ./app/components/shader-background.tsx [Client Component SSR]
    ./app/components/fact-check-dashboard.tsx [Client Component SSR]
    ./app/components/fact-check-dashboard.tsx [Server Component]
    ./app/page.tsx [Server Component] @ http://localhost:3000/_next/static/chunks/node_modules_next_dist_1e8vcs8._.js:1052
[  626786ms] [ERROR] ./app/components/shader-background.tsx:52:5
Error: Unexpected token. Did you mean `{'>'}` or `&gt;`?
  50 |       aria-pressed={!paused}
  51 |       onClick={() => setPaused(value => !value)}
> 52 |     >
     |     ^
  53 |       <svg width="14" height="14" viewBox="0 0 16 16" fill="none" stroke="currentColor" st...
  54 |         {paused ? <path d="m5 3 7 5-7 5Z"/> : <path d="M5 3v10M11 3v10"/>}
  55 |       </svg>

Parsing ecmascript source code failed

Import traces:
  Client Component Browser:
    ./app/components/shader-background.tsx [Client Component Browser]
    ./app/components/fact-check-dashboard.tsx [Client Component Browser]
    ./app/components/fact-check-dashboard.tsx [Server Component]
    ./app/page.tsx [Server Component]

  Client Component SSR:
    ./app/components/shader-background.tsx [Client Component SSR]
    ./app/components/fact-check-dashboard.tsx [Client Component SSR]
    ./app/components/fact-check-dashboard.tsx [Server Component]
    ./app/page.tsx [Server Component] @ http://localhost:3000/_next/static/chunks/node_modules_next_dist_1e8vcs8._.js:1052
[  626848ms] [ERROR] ./app/components/shader-background.tsx:52:5
Error: Unexpected token. Did you mean `{'>'}` or `&gt;`?
  50 |       aria-pressed={!paused}
  51 |       onClick={() => setPaused(value => !value)}
> 52 |     >
     |     ^
  53 |       <svg width="14" height="14" viewBox="0 0 16 16" fill="none" stroke="currentColor" st...
  54 |         {paused ? <path d="m5 3 7 5-7 5Z"/> : <path d="M5 3v10M11 3v10"/>}
  55 |       </svg>

Parsing ecmascript source code failed

Import traces:
  Client Component Browser:
    ./app/components/shader-background.tsx [Client Component Browser]
    ./app/components/fact-check-dashboard.tsx [Client Component Browser]
    ./app/components/fact-check-dashboard.tsx [Server Component]
    ./app/page.tsx [Server Component]

  Client Component SSR:
    ./app/components/shader-background.tsx [Client Component SSR]
    ./app/components/fact-check-dashboard.tsx [Client Component SSR]
    ./app/components/fact-check-dashboard.tsx [Server Component]
    ./app/page.tsx [Server Component] @ http://localhost:3000/_next/static/chunks/node_modules_next_dist_1e8vcs8._.js:1052
[  626909ms] [ERROR] ./app/components/shader-background.tsx:52:5
Error: Unexpected token. Did you mean `{'>'}` or `&gt;`?
  50 |       aria-pressed={!paused}
  51 |       onClick={() => setPaused(value => !value)}
> 52 |     >
     |     ^
  53 |       <svg width="14" height="14" viewBox="0 0 16 16" fill="none" stroke="currentColor" st...
  54 |         {paused ? <path d="m5 3 7 5-7 5Z"/> : <path d="M5 3v10M11 3v10"/>}
  55 |       </svg>

Parsing ecmascript source code failed

Import traces:
  Client Component Browser:
    ./app/components/shader-background.tsx [Client Component Browser]
    ./app/components/fact-check-dashboard.tsx [Client Component Browser]
    ./app/components/fact-check-dashboard.tsx [Server Component]
    ./app/page.tsx [Server Component]

  Client Component SSR:
    ./app/components/shader-background.tsx [Client Component SSR]
    ./app/components/fact-check-dashboard.tsx [Client Component SSR]
    ./app/components/fact-check-dashboard.tsx [Server Component]
    ./app/page.tsx [Server Component] @ http://localhost:3000/_next/static/chunks/node_modules_next_dist_1e8vcs8._.js:1052
[  626956ms] [ERROR] ./app/components/shader-background.tsx:52:5
Error: Unexpected token. Did you mean `{'>'}` or `&gt;`?
  50 |       aria-pressed={!paused}
  51 |       onClick={() => setPaused(value => !value)}
> 52 |     >
     |     ^
  53 |       <svg width="14" height="14" viewBox="0 0 16 16" fill="none" stroke="currentColor" st...
  54 |         {paused ? <path d="m5 3 7 5-7 5Z"/> : <path d="M5 3v10M11 3v10"/>}
  55 |       </svg>

Parsing ecmascript source code failed

Import traces:
  Client Component Browser:
    ./app/components/shader-background.tsx [Client Component Browser]
    ./app/components/fact-check-dashboard.tsx [Client Component Browser]
    ./app/components/fact-check-dashboard.tsx [Server Component]
    ./app/page.tsx [Server Component]

  Client Component SSR:
    ./app/components/shader-background.tsx [Client Component SSR]
    ./app/components/fact-check-dashboard.tsx [Client Component SSR]
    ./app/components/fact-check-dashboard.tsx [Server Component]
    ./app/page.tsx [Server Component] @ http://localhost:3000/_next/static/chunks/node_modules_next_dist_1e8vcs8._.js:1052
[  627004ms] [ERROR] ./app/components/shader-background.tsx:52:5
Error: Unexpected token. Did you mean `{'>'}` or `&gt;`?
  50 |       aria-pressed={!paused}
  51 |       onClick={() => setPaused(value => !value)}
> 52 |     >
     |     ^
  53 |       <svg width="14" height="14" viewBox="0 0 16 16" fill="none" stroke="currentColor" st...
  54 |         {paused ? <path d="m5 3 7 5-7 5Z"/> : <path d="M5 3v10M11 3v10"/>}
  55 |       </svg>

Parsing ecmascript source code failed

Import traces:
  Client Component Browser:
    ./app/components/shader-background.tsx [Client Component Browser]
    ./app/components/fact-check-dashboard.tsx [Client Component Browser]
    ./app/components/fact-check-dashboard.tsx [Server Component]
    ./app/page.tsx [Server Component]

  Client Component SSR:
    ./app/components/shader-background.tsx [Client Component SSR]
    ./app/components/fact-check-dashboard.tsx [Client Component SSR]
    ./app/components/fact-check-dashboard.tsx [Server Component]
    ./app/page.tsx [Server Component] @ http://localhost:3000/_next/static/chunks/node_modules_next_dist_1e8vcs8._.js:1052
[  627065ms] [ERROR] ./app/components/shader-background.tsx:52:5
Error: Unexpected token. Did you mean `{'>'}` or `&gt;`?
  50 |       aria-pressed={!paused}
  51 |       onClick={() => setPaused(value => !value)}
> 52 |     >
     |     ^
  53 |       <svg width="14" height="14" viewBox="0 0 16 16" fill="none" stroke="currentColor" st...
  54 |         {paused ? <path d="m5 3 7 5-7 5Z"/> : <path d="M5 3v10M11 3v10"/>}
  55 |       </svg>

Parsing ecmascript source code failed

Import traces:
  Client Component Browser:
    ./app/components/shader-background.tsx [Client Component Browser]
    ./app/components/fact-check-dashboard.tsx [Client Component Browser]
    ./app/components/fact-check-dashboard.tsx [Server Component]
    ./app/page.tsx [Server Component]

  Client Component SSR:
    ./app/components/shader-background.tsx [Client Component SSR]
    ./app/components/fact-check-dashboard.tsx [Client Component SSR]
    ./app/components/fact-check-dashboard.tsx [Server Component]
    ./app/page.tsx [Server Component] @ http://localhost:3000/_next/static/chunks/node_modules_next_dist_1e8vcs8._.js:1052
[  627126ms] [ERROR] ./app/components/shader-background.tsx:52:5
Error: Unexpected token. Did you mean `{'>'}` or `&gt;`?
  50 |       aria-pressed={!paused}
  51 |       onClick={() => setPaused(value => !value)}
> 52 |     >
     |     ^
  53 |       <svg width="14" height="14" viewBox="0 0 16 16" fill="none" stroke="currentColor" st...
  54 |         {paused ? <path d="m5 3 7 5-7 5Z"/> : <path d="M5 3v10M11 3v10"/>}
  55 |       </svg>

Parsing ecmascript source code failed

Import traces:
  Client Component Browser:
    ./app/components/shader-background.tsx [Client Component Browser]
    ./app/components/fact-check-dashboard.tsx [Client Component Browser]
    ./app/components/fact-check-dashboard.tsx [Server Component]
    ./app/page.tsx [Server Component]

  Client Component SSR:
    ./app/components/shader-background.tsx [Client Component SSR]
    ./app/components/fact-check-dashboard.tsx [Client Component SSR]
    ./app/components/fact-check-dashboard.tsx [Server Component]
    ./app/page.tsx [Server Component] @ http://localhost:3000/_next/static/chunks/node_modules_next_dist_1e8vcs8._.js:1052
[  627173ms] [ERROR] ./app/components/shader-background.tsx:52:5
Error: Unexpected token. Did you mean `{'>'}` or `&gt;`?
  50 |       aria-pressed={!paused}
  51 |       onClick={() => setPaused(value => !value)}
> 52 |     >
     |     ^
  53 |       <svg width="14" height="14" viewBox="0 0 16 16" fill="none" stroke="currentColor" st...
  54 |         {paused ? <path d="m5 3 7 5-7 5Z"/> : <path d="M5 3v10M11 3v10"/>}
  55 |       </svg>

Parsing ecmascript source code failed

Import traces:
  Client Component Browser:
    ./app/components/shader-background.tsx [Client Component Browser]
    ./app/components/fact-check-dashboard.tsx [Client Component Browser]
    ./app/components/fact-check-dashboard.tsx [Server Component]
    ./app/page.tsx [Server Component]

  Client Component SSR:
    ./app/components/shader-background.tsx [Client Component SSR]
    ./app/components/fact-check-dashboard.tsx [Client Component SSR]
    ./app/components/fact-check-dashboard.tsx [Server Component]
    ./app/page.tsx [Server Component] @ http://localhost:3000/_next/static/chunks/node_modules_next_dist_1e8vcs8._.js:1052
[  627236ms] [ERROR] ./app/components/shader-background.tsx:52:5
Error: Unexpected token. Did you mean `{'>'}` or `&gt;`?
  50 |       aria-pressed={!paused}
  51 |       onClick={() => setPaused(value => !value)}
> 52 |     >
     |     ^
  53 |       <svg width="14" height="14" viewBox="0 0 16 16" fill="none" stroke="currentColor" st...
  54 |         {paused ? <path d="m5 3 7 5-7 5Z"/> : <path d="M5 3v10M11 3v10"/>}
  55 |       </svg>

Parsing ecmascript source code failed

Import traces:
  Client Component Browser:
    ./app/components/shader-background.tsx [Client Component Browser]
    ./app/components/fact-check-dashboard.tsx [Client Component Browser]
    ./app/components/fact-check-dashboard.tsx [Server Component]
    ./app/page.tsx [Server Component]

  Client Component SSR:
    ./app/components/shader-background.tsx [Client Component SSR]
    ./app/components/fact-check-dashboard.tsx [Client Component SSR]
    ./app/components/fact-check-dashboard.tsx [Server Component]
    ./app/page.tsx [Server Component] @ http://localhost:3000/_next/static/chunks/node_modules_next_dist_1e8vcs8._.js:1052
[  627298ms] [ERROR] ./app/components/shader-background.tsx:52:5
Error: Unexpected token. Did you mean `{'>'}` or `&gt;`?
  50 |       aria-pressed={!paused}
  51 |       onClick={() => setPaused(value => !value)}
> 52 |     >
     |     ^
  53 |       <svg width="14" height="14" viewBox="0 0 16 16" fill="none" stroke="currentColor" st...
  54 |         {paused ? <path d="m5 3 7 5-7 5Z"/> : <path d="M5 3v10M11 3v10"/>}
  55 |       </svg>

Parsing ecmascript source code failed

Import traces:
  Client Component Browser:
    ./app/components/shader-background.tsx [Client Component Browser]
    ./app/components/fact-check-dashboard.tsx [Client Component Browser]
    ./app/components/fact-check-dashboard.tsx [Server Component]
    ./app/page.tsx [Server Component]

  Client Component SSR:
    ./app/components/shader-background.tsx [Client Component SSR]
    ./app/components/fact-check-dashboard.tsx [Client Component SSR]
    ./app/components/fact-check-dashboard.tsx [Server Component]
    ./app/page.tsx [Server Component] @ http://localhost:3000/_next/static/chunks/node_modules_next_dist_1e8vcs8._.js:1052
[  627360ms] [ERROR] ./app/components/shader-background.tsx:52:5
Error: Unexpected token. Did you mean `{'>'}` or `&gt;`?
  50 |       aria-pressed={!paused}
  51 |       onClick={() => setPaused(value => !value)}
> 52 |     >
     |     ^
  53 |       <svg width="14" height="14" viewBox="0 0 16 16" fill="none" stroke="currentColor" st...
  54 |         {paused ? <path d="m5 3 7 5-7 5Z"/> : <path d="M5 3v10M11 3v10"/>}
  55 |       </svg>

Parsing ecmascript source code failed

Import traces:
  Client Component Browser:
    ./app/components/shader-background.tsx [Client Component Browser]
    ./app/components/fact-check-dashboard.tsx [Client Component Browser]
    ./app/components/fact-check-dashboard.tsx [Server Component]
    ./app/page.tsx [Server Component]

  Client Component SSR:
    ./app/components/shader-background.tsx [Client Component SSR]
    ./app/components/fact-check-dashboard.tsx [Client Component SSR]
    ./app/components/fact-check-dashboard.tsx [Server Component]
    ./app/page.tsx [Server Component] @ http://localhost:3000/_next/static/chunks/node_modules_next_dist_1e8vcs8._.js:1052
[  627423ms] [ERROR] ./app/components/shader-background.tsx:52:5
Error: Unexpected token. Did you mean `{'>'}` or `&gt;`?
  50 |       aria-pressed={!paused}
  51 |       onClick={() => setPaused(value => !value)}
> 52 |     >
     |     ^
  53 |       <svg width="14" height="14" viewBox="0 0 16 16" fill="none" stroke="currentColor" st...
  54 |         {paused ? <path d="m5 3 7 5-7 5Z"/> : <path d="M5 3v10M11 3v10"/>}
  55 |       </svg>

Parsing ecmascript source code failed

Import traces:
  Client Component Browser:
    ./app/components/shader-background.tsx [Client Component Browser]
    ./app/components/fact-check-dashboard.tsx [Client Component Browser]
    ./app/components/fact-check-dashboard.tsx [Server Component]
    ./app/page.tsx [Server Component]

  Client Component SSR:
    ./app/components/shader-background.tsx [Client Component SSR]
    ./app/components/fact-check-dashboard.tsx [Client Component SSR]
    ./app/components/fact-check-dashboard.tsx [Server Component]
    ./app/page.tsx [Server Component] @ http://localhost:3000/_next/static/chunks/node_modules_next_dist_1e8vcs8._.js:1052
[  627471ms] [ERROR] ./app/components/shader-background.tsx:52:5
Error: Unexpected token. Did you mean `{'>'}` or `&gt;`?
  50 |       aria-pressed={!paused}
  51 |       onClick={() => setPaused(value => !value)}
> 52 |     >
     |     ^
  53 |       <svg width="14" height="14" viewBox="0 0 16 16" fill="none" stroke="currentColor" st...
  54 |         {paused ? <path d="m5 3 7 5-7 5Z"/> : <path d="M5 3v10M11 3v10"/>}
  55 |       </svg>

Parsing ecmascript source code failed

Import traces:
  Client Component Browser:
    ./app/components/shader-background.tsx [Client Component Browser]
    ./app/components/fact-check-dashboard.tsx [Client Component Browser]
    ./app/components/fact-check-dashboard.tsx [Server Component]
    ./app/page.tsx [Server Component]

  Client Component SSR:
    ./app/components/shader-background.tsx [Client Component SSR]
    ./app/components/fact-check-dashboard.tsx [Client Component SSR]
    ./app/components/fact-check-dashboard.tsx [Server Component]
    ./app/page.tsx [Server Component] @ http://localhost:3000/_next/static/chunks/node_modules_next_dist_1e8vcs8._.js:1052
[  627533ms] [ERROR] ./app/components/shader-background.tsx:52:5
Error: Unexpected token. Did you mean `{'>'}` or `&gt;`?
  50 |       aria-pressed={!paused}
  51 |       onClick={() => setPaused(value => !value)}
> 52 |     >
     |     ^
  53 |       <svg width="14" height="14" viewBox="0 0 16 16" fill="none" stroke="currentColor" st...
  54 |         {paused ? <path d="m5 3 7 5-7 5Z"/> : <path d="M5 3v10M11 3v10"/>}
  55 |       </svg>

Parsing ecmascript source code failed

Import traces:
  Client Component Browser:
    ./app/components/shader-background.tsx [Client Component Browser]
    ./app/components/fact-check-dashboard.tsx [Client Component Browser]
    ./app/components/fact-check-dashboard.tsx [Server Component]
    ./app/page.tsx [Server Component]

  Client Component SSR:
    ./app/components/shader-background.tsx [Client Component SSR]
    ./app/components/fact-check-dashboard.tsx [Client Component SSR]
    ./app/components/fact-check-dashboard.tsx [Server Component]
    ./app/page.tsx [Server Component] @ http://localhost:3000/_next/static/chunks/node_modules_next_dist_1e8vcs8._.js:1052
[  627597ms] [ERROR] ./app/components/shader-background.tsx:52:5
Error: Unexpected token. Did you mean `{'>'}` or `&gt;`?
  50 |       aria-pressed={!paused}
  51 |       onClick={() => setPaused(value => !value)}
> 52 |     >
     |     ^
  53 |       <svg width="14" height="14" viewBox="0 0 16 16" fill="none" stroke="currentColor" st...
  54 |         {paused ? <path d="m5 3 7 5-7 5Z"/> : <path d="M5 3v10M11 3v10"/>}
  55 |       </svg>

Parsing ecmascript source code failed

Import traces:
  Client Component Browser:
    ./app/components/shader-background.tsx [Client Component Browser]
    ./app/components/fact-check-dashboard.tsx [Client Component Browser]
    ./app/components/fact-check-dashboard.tsx [Server Component]
    ./app/page.tsx [Server Component]

  Client Component SSR:
    ./app/components/shader-background.tsx [Client Component SSR]
    ./app/components/fact-check-dashboard.tsx [Client Component SSR]
    ./app/components/fact-check-dashboard.tsx [Server Component]
    ./app/page.tsx [Server Component] @ http://localhost:3000/_next/static/chunks/node_modules_next_dist_1e8vcs8._.js:1052
[  627658ms] [ERROR] ./app/components/shader-background.tsx:52:5
Error: Unexpected token. Did you mean `{'>'}` or `&gt;`?
  50 |       aria-pressed={!paused}
  51 |       onClick={() => setPaused(value => !value)}
> 52 |     >
     |     ^
  53 |       <svg width="14" height="14" viewBox="0 0 16 16" fill="none" stroke="currentColor" st...
  54 |         {paused ? <path d="m5 3 7 5-7 5Z"/> : <path d="M5 3v10M11 3v10"/>}
  55 |       </svg>

Parsing ecmascript source code failed

Import traces:
  Client Component Browser:
    ./app/components/shader-background.tsx [Client Component Browser]
    ./app/components/fact-check-dashboard.tsx [Client Component Browser]
    ./app/components/fact-check-dashboard.tsx [Server Component]
    ./app/page.tsx [Server Component]

  Client Component SSR:
    ./app/components/shader-background.tsx [Client Component SSR]
    ./app/components/fact-check-dashboard.tsx [Client Component SSR]
    ./app/components/fact-check-dashboard.tsx [Server Component]
    ./app/page.tsx [Server Component] @ http://localhost:3000/_next/static/chunks/node_modules_next_dist_1e8vcs8._.js:1052
[  627718ms] [ERROR] ./app/components/shader-background.tsx:52:5
Error: Unexpected token. Did you mean `{'>'}` or `&gt;`?
  50 |       aria-pressed={!paused}
  51 |       onClick={() => setPaused(value => !value)}
> 52 |     >
     |     ^
  53 |       <svg width="14" height="14" viewBox="0 0 16 16" fill="none" stroke="currentColor" st...
  54 |         {paused ? <path d="m5 3 7 5-7 5Z"/> : <path d="M5 3v10M11 3v10"/>}
  55 |       </svg>

Parsing ecmascript source code failed

Import traces:
  Client Component Browser:
    ./app/components/shader-background.tsx [Client Component Browser]
    ./app/components/fact-check-dashboard.tsx [Client Component Browser]
    ./app/components/fact-check-dashboard.tsx [Server Component]
    ./app/page.tsx [Server Component]

  Client Component SSR:
    ./app/components/shader-background.tsx [Client Component SSR]
    ./app/components/fact-check-dashboard.tsx [Client Component SSR]
    ./app/components/fact-check-dashboard.tsx [Server Component]
    ./app/page.tsx [Server Component] @ http://localhost:3000/_next/static/chunks/node_modules_next_dist_1e8vcs8._.js:1052
[  627779ms] [ERROR] ./app/components/shader-background.tsx:52:5
Error: Unexpected token. Did you mean `{'>'}` or `&gt;`?
  50 |       aria-pressed={!paused}
  51 |       onClick={() => setPaused(value => !value)}
> 52 |     >
     |     ^
  53 |       <svg width="14" height="14" viewBox="0 0 16 16" fill="none" stroke="currentColor" st...
  54 |         {paused ? <path d="m5 3 7 5-7 5Z"/> : <path d="M5 3v10M11 3v10"/>}
  55 |       </svg>

Parsing ecmascript source code failed

Import traces:
  Client Component Browser:
    ./app/components/shader-background.tsx [Client Component Browser]
    ./app/components/fact-check-dashboard.tsx [Client Component Browser]
    ./app/components/fact-check-dashboard.tsx [Server Component]
    ./app/page.tsx [Server Component]

  Client Component SSR:
    ./app/components/shader-background.tsx [Client Component SSR]
    ./app/components/fact-check-dashboard.tsx [Client Component SSR]
    ./app/components/fact-check-dashboard.tsx [Server Component]
    ./app/page.tsx [Server Component] @ http://localhost:3000/_next/static/chunks/node_modules_next_dist_1e8vcs8._.js:1052
[  627827ms] [ERROR] ./app/components/shader-background.tsx:52:5
Error: Unexpected token. Did you mean `{'>'}` or `&gt;`?
  50 |       aria-pressed={!paused}
  51 |       onClick={() => setPaused(value => !value)}
> 52 |     >
     |     ^
  53 |       <svg width="14" height="14" viewBox="0 0 16 16" fill="none" stroke="currentColor" st...
  54 |         {paused ? <path d="m5 3 7 5-7 5Z"/> : <path d="M5 3v10M11 3v10"/>}
  55 |       </svg>

Parsing ecmascript source code failed

Import traces:
  Client Component Browser:
    ./app/components/shader-background.tsx [Client Component Browser]
    ./app/components/fact-check-dashboard.tsx [Client Component Browser]
    ./app/components/fact-check-dashboard.tsx [Server Component]
    ./app/page.tsx [Server Component]

  Client Component SSR:
    ./app/components/shader-background.tsx [Client Component SSR]
    ./app/components/fact-check-dashboard.tsx [Client Component SSR]
    ./app/components/fact-check-dashboard.tsx [Server Component]
    ./app/page.tsx [Server Component] @ http://localhost:3000/_next/static/chunks/node_modules_next_dist_1e8vcs8._.js:1052
[  627889ms] [ERROR] ./app/components/shader-background.tsx:52:5
Error: Unexpected token. Did you mean `{'>'}` or `&gt;`?
  50 |       aria-pressed={!paused}
  51 |       onClick={() => setPaused(value => !value)}
> 52 |     >
     |     ^
  53 |       <svg width="14" height="14" viewBox="0 0 16 16" fill="none" stroke="currentColor" st...
  54 |         {paused ? <path d="m5 3 7 5-7 5Z"/> : <path d="M5 3v10M11 3v10"/>}
  55 |       </svg>

Parsing ecmascript source code failed

Import traces:
  Client Component Browser:
    ./app/components/shader-background.tsx [Client Component Browser]
    ./app/components/fact-check-dashboard.tsx [Client Component Browser]
    ./app/components/fact-check-dashboard.tsx [Server Component]
    ./app/page.tsx [Server Component]

  Client Component SSR:
    ./app/components/shader-background.tsx [Client Component SSR]
    ./app/components/fact-check-dashboard.tsx [Client Component SSR]
    ./app/components/fact-check-dashboard.tsx [Server Component]
    ./app/page.tsx [Server Component] @ http://localhost:3000/_next/static/chunks/node_modules_next_dist_1e8vcs8._.js:1052
[  627950ms] [ERROR] ./app/components/shader-background.tsx:52:5
Error: Unexpected token. Did you mean `{'>'}` or `&gt;`?
  50 |       aria-pressed={!paused}
  51 |       onClick={() => setPaused(value => !value)}
> 52 |     >
     |     ^
  53 |       <svg width="14" height="14" viewBox="0 0 16 16" fill="none" stroke="currentColor" st...
  54 |         {paused ? <path d="m5 3 7 5-7 5Z"/> : <path d="M5 3v10M11 3v10"/>}
  55 |       </svg>

Parsing ecmascript source code failed

Import traces:
  Client Component Browser:
    ./app/components/shader-background.tsx [Client Component Browser]
    ./app/components/fact-check-dashboard.tsx [Client Component Browser]
    ./app/components/fact-check-dashboard.tsx [Server Component]
    ./app/page.tsx [Server Component]

  Client Component SSR:
    ./app/components/shader-background.tsx [Client Component SSR]
    ./app/components/fact-check-dashboard.tsx [Client Component SSR]
    ./app/components/fact-check-dashboard.tsx [Server Component]
    ./app/page.tsx [Server Component] @ http://localhost:3000/_next/static/chunks/node_modules_next_dist_1e8vcs8._.js:1052
[  627999ms] [ERROR] ./app/components/shader-background.tsx:52:5
Error: Unexpected token. Did you mean `{'>'}` or `&gt;`?
  50 |       aria-pressed={!paused}
  51 |       onClick={() => setPaused(value => !value)}
> 52 |     >
     |     ^
  53 |       <svg width="14" height="14" viewBox="0 0 16 16" fill="none" stroke="currentColor" st...
  54 |         {paused ? <path d="m5 3 7 5-7 5Z"/> : <path d="M5 3v10M11 3v10"/>}
  55 |       </svg>

Parsing ecmascript source code failed

Import traces:
  Client Component Browser:
    ./app/components/shader-background.tsx [Client Component Browser]
    ./app/components/fact-check-dashboard.tsx [Client Component Browser]
    ./app/components/fact-check-dashboard.tsx [Server Component]
    ./app/page.tsx [Server Component]

  Client Component SSR:
    ./app/components/shader-background.tsx [Client Component SSR]
    ./app/components/fact-check-dashboard.tsx [Client Component SSR]
    ./app/components/fact-check-dashboard.tsx [Server Component]
    ./app/page.tsx [Server Component] @ http://localhost:3000/_next/static/chunks/node_modules_next_dist_1e8vcs8._.js:1052
[  628076ms] [ERROR] ./app/components/shader-background.tsx:52:5
Error: Unexpected token. Did you mean `{'>'}` or `&gt;`?
  50 |       aria-pressed={!paused}
  51 |       onClick={() => setPaused(value => !value)}
> 52 |     >
     |     ^
  53 |       <svg width="14" height="14" viewBox="0 0 16 16" fill="none" stroke="currentColor" st...
  54 |         {paused ? <path d="m5 3 7 5-7 5Z"/> : <path d="M5 3v10M11 3v10"/>}
  55 |       </svg>

Parsing ecmascript source code failed

Import traces:
  Client Component Browser:
    ./app/components/shader-background.tsx [Client Component Browser]
    ./app/components/fact-check-dashboard.tsx [Client Component Browser]
    ./app/components/fact-check-dashboard.tsx [Server Component]
    ./app/page.tsx [Server Component]

  Client Component SSR:
    ./app/components/shader-background.tsx [Client Component SSR]
    ./app/components/fact-check-dashboard.tsx [Client Component SSR]
    ./app/components/fact-check-dashboard.tsx [Server Component]
    ./app/page.tsx [Server Component] @ http://localhost:3000/_next/static/chunks/node_modules_next_dist_1e8vcs8._.js:1052
[  628114ms] [LOG] [Fast Refresh] rebuilding @ http://localhost:3000/_next/static/chunks/node_modules_next_dist_1e8vcs8._.js:776
[  628120ms] [WARNING] [Fast Refresh] performing full reload because your application had an unrecoverable error @ http://localhost:3000/_next/static/chunks/node_modules_next_dist_1e8vcs8._.js:776
[  628145ms] [ERROR] You provided a `value` prop to a form field without an `onChange` handler. This will render a read-only field. If the field should be mutable use `defaultValue`. Otherwise, set either `onChange` or `readOnly`. @ http://localhost:3000/_next/static/chunks/node_modules_next_dist_1e8vcs8._.js:1052
[  628147ms] [ERROR] You provided a `value` prop to a form field without an `onChange` handler. This will render a read-only field. If the field should be mutable use `defaultValue`. Otherwise, set either `onChange` or `readOnly`. @ http://localhost:3000/_next/static/chunks/node_modules_next_dist_1e8vcs8._.js:1052
[  628366ms] [INFO] %cDownload the React DevTools for a better development experience: https://react.dev/link/react-devtools font-weight:bold @ http://localhost:3000/_next/static/chunks/node_modules_next_dist_1e8vcs8._.js:776
[  628388ms] [LOG] [HMR] connected @ http://localhost:3000/_next/static/chunks/node_modules_next_dist_1e8vcs8._.js:776
[  628437ms] [ERROR] You provided a `value` prop to a form field without an `onChange` handler. This will render a read-only field. If the field should be mutable use `defaultValue`. Otherwise, set either `onChange` or `readOnly`. @ http://localhost:3000/_next/static/chunks/node_modules_next_dist_1e8vcs8._.js:1052
[  628438ms] [ERROR] You provided a `value` prop to a form field without an `onChange` handler. This will render a read-only field. If the field should be mutable use `defaultValue`. Otherwise, set either `onChange` or `readOnly`. @ http://localhost:3000/_next/static/chunks/node_modules_next_dist_1e8vcs8._.js:1052
[  628546ms] [ERROR] Invalid prop `%s` supplied to `React.Fragment`. React.Fragment can only have `key`, `ref`, and `children` props. id @ http://localhost:3000/_next/static/chunks/node_modules_next_dist_1e8vcs8._.js:1052
[  628613ms] [WARNING] THREE.WARNING: Multiple instances of Three.js being imported. @ http://localhost:3000/_next/static/chunks/node_modules_next_dist_1e8vcs8._.js:776
[  628932ms] [WARNING] THREE.Clock: This module has been deprecated. Please use THREE.Timer instead. @ http://localhost:3000/_next/static/chunks/node_modules_next_dist_1e8vcs8._.js:776
[  628950ms] [WARNING] THREE.Clock: This module has been deprecated. Please use THREE.Timer instead. @ http://localhost:3000/_next/static/chunks/node_modules_next_dist_1e8vcs8._.js:776
[  628951ms] [WARNING] THREE.Clock: This module has been deprecated. Please use THREE.Timer instead. @ http://localhost:3000/_next/static/chunks/node_modules_next_dist_1e8vcs8._.js:776
[  650721ms] [LOG] [Fast Refresh] rebuilding @ http://localhost:3000/_next/static/chunks/node_modules_next_dist_1e8vcs8._.js:776
[  650783ms] [LOG] [Fast Refresh] done in 14ms @ http://localhost:3000/_next/static/chunks/node_modules_next_dist_1e8vcs8._.js:776
[  650848ms] [LOG] [Fast Refresh] done in 14ms @ http://localhost:3000/_next/static/chunks/node_modules_next_dist_1e8vcs8._.js:776
[  650908ms] [LOG] [Fast Refresh] done in 14ms @ http://localhost:3000/_next/static/chunks/node_modules_next_dist_1e8vcs8._.js:776
[  650970ms] [LOG] [Fast Refresh] done in 14ms @ http://localhost:3000/_next/static/chunks/node_modules_next_dist_1e8vcs8._.js:776
[  651032ms] [LOG] [Fast Refresh] done in 14ms @ http://localhost:3000/_next/static/chunks/node_modules_next_dist_1e8vcs8._.js:776
[  651093ms] [LOG] [Fast Refresh] done in 14ms @ http://localhost:3000/_next/static/chunks/node_modules_next_dist_1e8vcs8._.js:776
[  651140ms] [LOG] [Fast Refresh] done in 14ms @ http://localhost:3000/_next/static/chunks/node_modules_next_dist_1e8vcs8._.js:776
[  651203ms] [LOG] [Fast Refresh] done in 14ms @ http://localhost:3000/_next/static/chunks/node_modules_next_dist_1e8vcs8._.js:776
[  651266ms] [LOG] [Fast Refresh] done in 14ms @ http://localhost:3000/_next/static/chunks/node_modules_next_dist_1e8vcs8._.js:776
[  651328ms] [LOG] [Fast Refresh] done in 14ms @ http://localhost:3000/_next/static/chunks/node_modules_next_dist_1e8vcs8._.js:776
[  651390ms] [LOG] [Fast Refresh] done in 14ms @ http://localhost:3000/_next/static/chunks/node_modules_next_dist_1e8vcs8._.js:776
[  651453ms] [LOG] [Fast Refresh] done in 14ms @ http://localhost:3000/_next/static/chunks/node_modules_next_dist_1e8vcs8._.js:776
[  651516ms] [LOG] [Fast Refresh] done in 14ms @ http://localhost:3000/_next/static/chunks/node_modules_next_dist_1e8vcs8._.js:776
[  651577ms] [LOG] [Fast Refresh] done in 14ms @ http://localhost:3000/_next/static/chunks/node_modules_next_dist_1e8vcs8._.js:776
[  651625ms] [LOG] [Fast Refresh] done in 14ms @ http://localhost:3000/_next/static/chunks/node_modules_next_dist_1e8vcs8._.js:776
[  651687ms] [LOG] [Fast Refresh] done in 14ms @ http://localhost:3000/_next/static/chunks/node_modules_next_dist_1e8vcs8._.js:776
[  651748ms] [LOG] [Fast Refresh] done in 14ms @ http://localhost:3000/_next/static/chunks/node_modules_next_dist_1e8vcs8._.js:776
[  651809ms] [LOG] [Fast Refresh] done in 14ms @ http://localhost:3000/_next/static/chunks/node_modules_next_dist_1e8vcs8._.js:776
[  651871ms] [LOG] [Fast Refresh] done in 14ms @ http://localhost:3000/_next/static/chunks/node_modules_next_dist_1e8vcs8._.js:776
[  651934ms] [LOG] [Fast Refresh] done in 14ms @ http://localhost:3000/_next/static/chunks/node_modules_next_dist_1e8vcs8._.js:776
[  651982ms] [LOG] [Fast Refresh] done in 14ms @ http://localhost:3000/_next/static/chunks/node_modules_next_dist_1e8vcs8._.js:776
[  652043ms] [LOG] [Fast Refresh] done in 14ms @ http://localhost:3000/_next/static/chunks/node_modules_next_dist_1e8vcs8._.js:776
[  652106ms] [LOG] [Fast Refresh] done in 14ms @ http://localhost:3000/_next/static/chunks/node_modules_next_dist_1e8vcs8._.js:776
[  652169ms] [LOG] [Fast Refresh] done in 14ms @ http://localhost:3000/_next/static/chunks/node_modules_next_dist_1e8vcs8._.js:776
[  652230ms] [LOG] [Fast Refresh] done in 14ms @ http://localhost:3000/_next/static/chunks/node_modules_next_dist_1e8vcs8._.js:776
[  652292ms] [LOG] [Fast Refresh] done in 14ms @ http://localhost:3000/_next/static/chunks/node_modules_next_dist_1e8vcs8._.js:776
[  652354ms] [LOG] [Fast Refresh] done in 14ms @ http://localhost:3000/_next/static/chunks/node_modules_next_dist_1e8vcs8._.js:776
[  652402ms] [LOG] [Fast Refresh] done in 14ms @ http://localhost:3000/_next/static/chunks/node_modules_next_dist_1e8vcs8._.js:776
[  652465ms] [LOG] [Fast Refresh] done in 14ms @ http://localhost:3000/_next/static/chunks/node_modules_next_dist_1e8vcs8._.js:776
[  652528ms] [LOG] [Fast Refresh] done in 14ms @ http://localhost:3000/_next/static/chunks/node_modules_next_dist_1e8vcs8._.js:776
[  652590ms] [LOG] [Fast Refresh] done in 14ms @ http://localhost:3000/_next/static/chunks/node_modules_next_dist_1e8vcs8._.js:776
[  652652ms] [LOG] [Fast Refresh] done in 14ms @ http://localhost:3000/_next/static/chunks/node_modules_next_dist_1e8vcs8._.js:776
[  652714ms] [LOG] [Fast Refresh] done in 14ms @ http://localhost:3000/_next/static/chunks/node_modules_next_dist_1e8vcs8._.js:776
[  652776ms] [LOG] [Fast Refresh] done in 14ms @ http://localhost:3000/_next/static/chunks/node_modules_next_dist_1e8vcs8._.js:776
[  652838ms] [LOG] [Fast Refresh] done in 14ms @ http://localhost:3000/_next/static/chunks/node_modules_next_dist_1e8vcs8._.js:776
[  652899ms] [LOG] [Fast Refresh] done in 14ms @ http://localhost:3000/_next/static/chunks/node_modules_next_dist_1e8vcs8._.js:776
[  652961ms] [LOG] [Fast Refresh] done in 14ms @ http://localhost:3000/_next/static/chunks/node_modules_next_dist_1e8vcs8._.js:776
[  653022ms] [LOG] [Fast Refresh] done in 14ms @ http://localhost:3000/_next/static/chunks/node_modules_next_dist_1e8vcs8._.js:776
[  653083ms] [LOG] [Fast Refresh] done in 14ms @ http://localhost:3000/_next/static/chunks/node_modules_next_dist_1e8vcs8._.js:776
[  653145ms] [LOG] [Fast Refresh] done in 14ms @ http://localhost:3000/_next/static/chunks/node_modules_next_dist_1e8vcs8._.js:776
[  653206ms] [LOG] [Fast Refresh] done in 14ms @ http://localhost:3000/_next/static/chunks/node_modules_next_dist_1e8vcs8._.js:776
[  653267ms] [LOG] [Fast Refresh] done in 14ms @ http://localhost:3000/_next/static/chunks/node_modules_next_dist_1e8vcs8._.js:776
[  653330ms] [LOG] [Fast Refresh] done in 14ms @ http://localhost:3000/_next/static/chunks/node_modules_next_dist_1e8vcs8._.js:776
[  653392ms] [LOG] [Fast Refresh] done in 14ms @ http://localhost:3000/_next/static/chunks/node_modules_next_dist_1e8vcs8._.js:776
[  653455ms] [LOG] [Fast Refresh] done in 14ms @ http://localhost:3000/_next/static/chunks/node_modules_next_dist_1e8vcs8._.js:776
[  653517ms] [LOG] [Fast Refresh] done in 14ms @ http://localhost:3000/_next/static/chunks/node_modules_next_dist_1e8vcs8._.js:776
[  653580ms] [LOG] [Fast Refresh] done in 14ms @ http://localhost:3000/_next/static/chunks/node_modules_next_dist_1e8vcs8._.js:776
[  653641ms] [LOG] [Fast Refresh] done in 14ms @ http://localhost:3000/_next/static/chunks/node_modules_next_dist_1e8vcs8._.js:776
[  653702ms] [LOG] [Fast Refresh] done in 14ms @ http://localhost:3000/_next/static/chunks/node_modules_next_dist_1e8vcs8._.js:776
[  653764ms] [LOG] [Fast Refresh] done in 14ms @ http://localhost:3000/_next/static/chunks/node_modules_next_dist_1e8vcs8._.js:776
[  653826ms] [LOG] [Fast Refresh] done in 14ms @ http://localhost:3000/_next/static/chunks/node_modules_next_dist_1e8vcs8._.js:776
[  653887ms] [LOG] [Fast Refresh] done in 14ms @ http://localhost:3000/_next/static/chunks/node_modules_next_dist_1e8vcs8._.js:776
[  653950ms] [LOG] [Fast Refresh] done in 14ms @ http://localhost:3000/_next/static/chunks/node_modules_next_dist_1e8vcs8._.js:776
[  654013ms] [LOG] [Fast Refresh] done in 14ms @ http://localhost:3000/_next/static/chunks/node_modules_next_dist_1e8vcs8._.js:776
[  654075ms] [LOG] [Fast Refresh] done in 14ms @ http://localhost:3000/_next/static/chunks/node_modules_next_dist_1e8vcs8._.js:776
[  654138ms] [LOG] [Fast Refresh] done in 14ms @ http://localhost:3000/_next/static/chunks/node_modules_next_dist_1e8vcs8._.js:776
[  654200ms] [LOG] [Fast Refresh] done in 14ms @ http://localhost:3000/_next/static/chunks/node_modules_next_dist_1e8vcs8._.js:776
[  654264ms] [LOG] [Fast Refresh] done in 14ms @ http://localhost:3000/_next/static/chunks/node_modules_next_dist_1e8vcs8._.js:776
[  654326ms] [LOG] [Fast Refresh] done in 14ms @ http://localhost:3000/_next/static/chunks/node_modules_next_dist_1e8vcs8._.js:776
[  654388ms] [LOG] [Fast Refresh] done in 14ms @ http://localhost:3000/_next/static/chunks/node_modules_next_dist_1e8vcs8._.js:776
[  654450ms] [LOG] [Fast Refresh] done in 14ms @ http://localhost:3000/_next/static/chunks/node_modules_next_dist_1e8vcs8._.js:776
[  654499ms] [LOG] [Fast Refresh] done in 14ms @ http://localhost:3000/_next/static/chunks/node_modules_next_dist_1e8vcs8._.js:776
[  654562ms] [LOG] [Fast Refresh] done in 14ms @ http://localhost:3000/_next/static/chunks/node_modules_next_dist_1e8vcs8._.js:776
[  654622ms] [LOG] [Fast Refresh] done in 14ms @ http://localhost:3000/_next/static/chunks/node_modules_next_dist_1e8vcs8._.js:776
[  654683ms] [LOG] [Fast Refresh] done in 14ms @ http://localhost:3000/_next/static/chunks/node_modules_next_dist_1e8vcs8._.js:776
[  654744ms] [LOG] [Fast Refresh] done in 14ms @ http://localhost:3000/_next/static/chunks/node_modules_next_dist_1e8vcs8._.js:776
[  654806ms] [LOG] [Fast Refresh] done in 14ms @ http://localhost:3000/_next/static/chunks/node_modules_next_dist_1e8vcs8._.js:776
[  654854ms] [LOG] [Fast Refresh] done in 14ms @ http://localhost:3000/_next/static/chunks/node_modules_next_dist_1e8vcs8._.js:776
[  654915ms] [LOG] [Fast Refresh] done in 14ms @ http://localhost:3000/_next/static/chunks/node_modules_next_dist_1e8vcs8._.js:776
[  654977ms] [LOG] [Fast Refresh] done in 14ms @ http://localhost:3000/_next/static/chunks/node_modules_next_dist_1e8vcs8._.js:776
[  655039ms] [LOG] [Fast Refresh] done in 14ms @ http://localhost:3000/_next/static/chunks/node_modules_next_dist_1e8vcs8._.js:776
[  655101ms] [LOG] [Fast Refresh] done in 14ms @ http://localhost:3000/_next/static/chunks/node_modules_next_dist_1e8vcs8._.js:776
[  655163ms] [LOG] [Fast Refresh] done in 14ms @ http://localhost:3000/_next/static/chunks/node_modules_next_dist_1e8vcs8._.js:776
[  655226ms] [LOG] [Fast Refresh] done in 14ms @ http://localhost:3000/_next/static/chunks/node_modules_next_dist_1e8vcs8._.js:776
[  655275ms] [LOG] [Fast Refresh] done in 14ms @ http://localhost:3000/_next/static/chunks/node_modules_next_dist_1e8vcs8._.js:776
[  655337ms] [LOG] [Fast Refresh] done in 14ms @ http://localhost:3000/_next/static/chunks/node_modules_next_dist_1e8vcs8._.js:776
[  655398ms] [LOG] [Fast Refresh] done in 14ms @ http://localhost:3000/_next/static/chunks/node_modules_next_dist_1e8vcs8._.js:776
[  655460ms] [LOG] [Fast Refresh] done in 14ms @ http://localhost:3000/_next/static/chunks/node_modules_next_dist_1e8vcs8._.js:776
[  655521ms] [LOG] [Fast Refresh] done in 14ms @ http://localhost:3000/_next/static/chunks/node_modules_next_dist_1e8vcs8._.js:776
[  655582ms] [LOG] [Fast Refresh] done in 14ms @ http://localhost:3000/_next/static/chunks/node_modules_next_dist_1e8vcs8._.js:776
[  655644ms] [LOG] [Fast Refresh] done in 14ms @ http://localhost:3000/_next/static/chunks/node_modules_next_dist_1e8vcs8._.js:776
[  655705ms] [LOG] [Fast Refresh] done in 14ms @ http://localhost:3000/_next/static/chunks/node_modules_next_dist_1e8vcs8._.js:776
[  655766ms] [LOG] [Fast Refresh] done in 14ms @ http://localhost:3000/_next/static/chunks/node_modules_next_dist_1e8vcs8._.js:776
[  655829ms] [LOG] [Fast Refresh] done in 14ms @ http://localhost:3000/_next/static/chunks/node_modules_next_dist_1e8vcs8._.js:776
[  655875ms] [LOG] [Fast Refresh] done in 14ms @ http://localhost:3000/_next/static/chunks/node_modules_next_dist_1e8vcs8._.js:776
[  655937ms] [LOG] [Fast Refresh] done in 14ms @ http://localhost:3000/_next/static/chunks/node_modules_next_dist_1e8vcs8._.js:776
[  656000ms] [LOG] [Fast Refresh] done in 14ms @ http://localhost:3000/_next/static/chunks/node_modules_next_dist_1e8vcs8._.js:776
[  656062ms] [LOG] [Fast Refresh] done in 14ms @ http://localhost:3000/_next/static/chunks/node_modules_next_dist_1e8vcs8._.js:776
[  656125ms] [LOG] [Fast Refresh] done in 14ms @ http://localhost:3000/_next/static/chunks/node_modules_next_dist_1e8vcs8._.js:776
[  656186ms] [LOG] [Fast Refresh] done in 14ms @ http://localhost:3000/_next/static/chunks/node_modules_next_dist_1e8vcs8._.js:776
[  656249ms] [LOG] [Fast Refresh] done in 14ms @ http://localhost:3000/_next/static/chunks/node_modules_next_dist_1e8vcs8._.js:776
[  656313ms] [LOG] [Fast Refresh] done in 14ms @ http://localhost:3000/_next/static/chunks/node_modules_next_dist_1e8vcs8._.js:776
[  656375ms] [LOG] [Fast Refresh] done in 14ms @ http://localhost:3000/_next/static/chunks/node_modules_next_dist_1e8vcs8._.js:776
[  656436ms] [LOG] [Fast Refresh] done in 14ms @ http://localhost:3000/_next/static/chunks/node_modules_next_dist_1e8vcs8._.js:776
[  656497ms] [LOG] [Fast Refresh] done in 14ms @ http://localhost:3000/_next/static/chunks/node_modules_next_dist_1e8vcs8._.js:776
[  656559ms] [LOG] [Fast Refresh] done in 14ms @ http://localhost:3000/_next/static/chunks/node_modules_next_dist_1e8vcs8._.js:776
[  656621ms] [LOG] [Fast Refresh] done in 14ms @ http://localhost:3000/_next/static/chunks/node_modules_next_dist_1e8vcs8._.js:776
[  656681ms] [LOG] [Fast Refresh] done in 14ms @ http://localhost:3000/_next/static/chunks/node_modules_next_dist_1e8vcs8._.js:776
[  656742ms] [LOG] [Fast Refresh] done in 14ms @ http://localhost:3000/_next/static/chunks/node_modules_next_dist_1e8vcs8._.js:776
[  656803ms] [LOG] [Fast Refresh] done in 14ms @ http://localhost:3000/_next/static/chunks/node_modules_next_dist_1e8vcs8._.js:776
[  656866ms] [LOG] [Fast Refresh] done in 14ms @ http://localhost:3000/_next/static/chunks/node_modules_next_dist_1e8vcs8._.js:776
[  656927ms] [LOG] [Fast Refresh] done in 14ms @ http://localhost:3000/_next/static/chunks/node_modules_next_dist_1e8vcs8._.js:776
[  656989ms] [LOG] [Fast Refresh] done in 14ms @ http://localhost:3000/_next/static/chunks/node_modules_next_dist_1e8vcs8._.js:776
[  657051ms] [LOG] [Fast Refresh] done in 14ms @ http://localhost:3000/_next/static/chunks/node_modules_next_dist_1e8vcs8._.js:776
[  657114ms] [LOG] [Fast Refresh] done in 14ms @ http://localhost:3000/_next/static/chunks/node_modules_next_dist_1e8vcs8._.js:776
[  657160ms] [LOG] [Fast Refresh] done in 14ms @ http://localhost:3000/_next/static/chunks/node_modules_next_dist_1e8vcs8._.js:776
[  657222ms] [LOG] [Fast Refresh] done in 14ms @ http://localhost:3000/_next/static/chunks/node_modules_next_dist_1e8vcs8._.js:776
[  657284ms] [LOG] [Fast Refresh] done in 14ms @ http://localhost:3000/_next/static/chunks/node_modules_next_dist_1e8vcs8._.js:776
[  657348ms] [LOG] [Fast Refresh] done in 14ms @ http://localhost:3000/_next/static/chunks/node_modules_next_dist_1e8vcs8._.js:776
[  657395ms] [LOG] [Fast Refresh] done in 14ms @ http://localhost:3000/_next/static/chunks/node_modules_next_dist_1e8vcs8._.js:776
[  657443ms] [LOG] [Fast Refresh] done in 14ms @ http://localhost:3000/_next/static/chunks/node_modules_next_dist_1e8vcs8._.js:776
[  657505ms] [LOG] [Fast Refresh] done in 14ms @ http://localhost:3000/_next/static/chunks/node_modules_next_dist_1e8vcs8._.js:776
[  657567ms] [LOG] [Fast Refresh] done in 14ms @ http://localhost:3000/_next/static/chunks/node_modules_next_dist_1e8vcs8._.js:776
[  657630ms] [LOG] [Fast Refresh] done in 14ms @ http://localhost:3000/_next/static/chunks/node_modules_next_dist_1e8vcs8._.js:776
[  657690ms] [LOG] [Fast Refresh] done in 14ms @ http://localhost:3000/_next/static/chunks/node_modules_next_dist_1e8vcs8._.js:776
[  657752ms] [LOG] [Fast Refresh] done in 14ms @ http://localhost:3000/_next/static/chunks/node_modules_next_dist_1e8vcs8._.js:776
[  657815ms] [LOG] [Fast Refresh] done in 14ms @ http://localhost:3000/_next/static/chunks/node_modules_next_dist_1e8vcs8._.js:776
[  657877ms] [LOG] [Fast Refresh] done in 14ms @ http://localhost:3000/_next/static/chunks/node_modules_next_dist_1e8vcs8._.js:776
[  657939ms] [LOG] [Fast Refresh] done in 14ms @ http://localhost:3000/_next/static/chunks/node_modules_next_dist_1e8vcs8._.js:776
[  658003ms] [LOG] [Fast Refresh] done in 14ms @ http://localhost:3000/_next/static/chunks/node_modules_next_dist_1e8vcs8._.js:776
[  658064ms] [LOG] [Fast Refresh] done in 14ms @ http://localhost:3000/_next/static/chunks/node_modules_next_dist_1e8vcs8._.js:776
[  658125ms] [LOG] [Fast Refresh] done in 14ms @ http://localhost:3000/_next/static/chunks/node_modules_next_dist_1e8vcs8._.js:776
[  658187ms] [LOG] [Fast Refresh] done in 14ms @ http://localhost:3000/_next/static/chunks/node_modules_next_dist_1e8vcs8._.js:776
[  658248ms] [LOG] [Fast Refresh] done in 14ms @ http://localhost:3000/_next/static/chunks/node_modules_next_dist_1e8vcs8._.js:776
[  658310ms] [LOG] [Fast Refresh] done in 14ms @ http://localhost:3000/_next/static/chunks/node_modules_next_dist_1e8vcs8._.js:776
[  658371ms] [LOG] [Fast Refresh] done in 14ms @ http://localhost:3000/_next/static/chunks/node_modules_next_dist_1e8vcs8._.js:776
[  658435ms] [LOG] [Fast Refresh] done in 14ms @ http://localhost:3000/_next/static/chunks/node_modules_next_dist_1e8vcs8._.js:776
[  658495ms] [LOG] [Fast Refresh] done in 14ms @ http://localhost:3000/_next/static/chunks/node_modules_next_dist_1e8vcs8._.js:776
[  658542ms] [LOG] [Fast Refresh] done in 14ms @ http://localhost:3000/_next/static/chunks/node_modules_next_dist_1e8vcs8._.js:776
[  658604ms] [LOG] [Fast Refresh] done in 14ms @ http://localhost:3000/_next/static/chunks/node_modules_next_dist_1e8vcs8._.js:776
[  658666ms] [LOG] [Fast Refresh] done in 14ms @ http://localhost:3000/_next/static/chunks/node_modules_next_dist_1e8vcs8._.js:776
[  658728ms] [LOG] [Fast Refresh] done in 14ms @ http://localhost:3000/_next/static/chunks/node_modules_next_dist_1e8vcs8._.js:776
[  658789ms] [LOG] [Fast Refresh] done in 14ms @ http://localhost:3000/_next/static/chunks/node_modules_next_dist_1e8vcs8._.js:776
[  658837ms] [LOG] [Fast Refresh] done in 14ms @ http://localhost:3000/_next/static/chunks/node_modules_next_dist_1e8vcs8._.js:776
[  658886ms] [LOG] [Fast Refresh] done in 14ms @ http://localhost:3000/_next/static/chunks/node_modules_next_dist_1e8vcs8._.js:776
[  658949ms] [LOG] [Fast Refresh] done in 14ms @ http://localhost:3000/_next/static/chunks/node_modules_next_dist_1e8vcs8._.js:776
[  659011ms] [LOG] [Fast Refresh] done in 14ms @ http://localhost:3000/_next/static/chunks/node_modules_next_dist_1e8vcs8._.js:776
[  659072ms] [LOG] [Fast Refresh] done in 14ms @ http://localhost:3000/_next/static/chunks/node_modules_next_dist_1e8vcs8._.js:776
[  659134ms] [LOG] [Fast Refresh] done in 14ms @ http://localhost:3000/_next/static/chunks/node_modules_next_dist_1e8vcs8._.js:776
[  659196ms] [LOG] [Fast Refresh] done in 14ms @ http://localhost:3000/_next/static/chunks/node_modules_next_dist_1e8vcs8._.js:776
[  659258ms] [LOG] [Fast Refresh] done in 14ms @ http://localhost:3000/_next/static/chunks/node_modules_next_dist_1e8vcs8._.js:776
[  659320ms] [LOG] [Fast Refresh] done in 14ms @ http://localhost:3000/_next/static/chunks/node_modules_next_dist_1e8vcs8._.js:776
[  659382ms] [LOG] [Fast Refresh] done in 14ms @ http://localhost:3000/_next/static/chunks/node_modules_next_dist_1e8vcs8._.js:776
[  659444ms] [LOG] [Fast Refresh] done in 14ms @ http://localhost:3000/_next/static/chunks/node_modules_next_dist_1e8vcs8._.js:776
[  659506ms] [LOG] [Fast Refresh] done in 14ms @ http://localhost:3000/_next/static/chunks/node_modules_next_dist_1e8vcs8._.js:776
[  659553ms] [LOG] [Fast Refresh] done in 14ms @ http://localhost:3000/_next/static/chunks/node_modules_next_dist_1e8vcs8._.js:776
[  659614ms] [LOG] [Fast Refresh] done in 14ms @ http://localhost:3000/_next/static/chunks/node_modules_next_dist_1e8vcs8._.js:776
[  659676ms] [LOG] [Fast Refresh] done in 14ms @ http://localhost:3000/_next/static/chunks/node_modules_next_dist_1e8vcs8._.js:776
[  659739ms] [LOG] [Fast Refresh] done in 14ms @ http://localhost:3000/_next/static/chunks/node_modules_next_dist_1e8vcs8._.js:776
[  659786ms] [LOG] [Fast Refresh] done in 14ms @ http://localhost:3000/_next/static/chunks/node_modules_next_dist_1e8vcs8._.js:776
[  659834ms] [LOG] [Fast Refresh] done in 14ms @ http://localhost:3000/_next/static/chunks/node_modules_next_dist_1e8vcs8._.js:776
[  659897ms] [LOG] [Fast Refresh] done in 14ms @ http://localhost:3000/_next/static/chunks/node_modules_next_dist_1e8vcs8._.js:776
[  659959ms] [LOG] [Fast Refresh] done in 14ms @ http://localhost:3000/_next/static/chunks/node_modules_next_dist_1e8vcs8._.js:776
[  660021ms] [LOG] [Fast Refresh] done in 14ms @ http://localhost:3000/_next/static/chunks/node_modules_next_dist_1e8vcs8._.js:776
[  660081ms] [LOG] [Fast Refresh] done in 14ms @ http://localhost:3000/_next/static/chunks/node_modules_next_dist_1e8vcs8._.js:776
[  660143ms] [LOG] [Fast Refresh] done in 14ms @ http://localhost:3000/_next/static/chunks/node_modules_next_dist_1e8vcs8._.js:776
[  660190ms] [LOG] [Fast Refresh] done in 14ms @ http://localhost:3000/_next/static/chunks/node_modules_next_dist_1e8vcs8._.js:776
[  660251ms] [LOG] [Fast Refresh] done in 14ms @ http://localhost:3000/_next/static/chunks/node_modules_next_dist_1e8vcs8._.js:776
[  660313ms] [LOG] [Fast Refresh] done in 14ms @ http://localhost:3000/_next/static/chunks/node_modules_next_dist_1e8vcs8._.js:776
[  660374ms] [LOG] [Fast Refresh] done in 14ms @ http://localhost:3000/_next/static/chunks/node_modules_next_dist_1e8vcs8._.js:776
[  660421ms] [LOG] [Fast Refresh] done in 14ms @ http://localhost:3000/_next/static/chunks/node_modules_next_dist_1e8vcs8._.js:776
[  660482ms] [LOG] [Fast Refresh] done in 14ms @ http://localhost:3000/_next/static/chunks/node_modules_next_dist_1e8vcs8._.js:776
[  660543ms] [LOG] [Fast Refresh] done in 14ms @ http://localhost:3000/_next/static/chunks/node_modules_next_dist_1e8vcs8._.js:776
[  660605ms] [LOG] [Fast Refresh] done in 14ms @ http://localhost:3000/_next/static/chunks/node_modules_next_dist_1e8vcs8._.js:776
[  660652ms] [LOG] [Fast Refresh] done in 14ms @ http://localhost:3000/_next/static/chunks/node_modules_next_dist_1e8vcs8._.js:776
[  660713ms] [LOG] [Fast Refresh] done in 14ms @ http://localhost:3000/_next/static/chunks/node_modules_next_dist_1e8vcs8._.js:776
[  660775ms] [LOG] [Fast Refresh] done in 14ms @ http://localhost:3000/_next/static/chunks/node_modules_next_dist_1e8vcs8._.js:776
[  660837ms] [LOG] [Fast Refresh] done in 14ms @ http://localhost:3000/_next/static/chunks/node_modules_next_dist_1e8vcs8._.js:776
[  660899ms] [LOG] [Fast Refresh] done in 14ms @ http://localhost:3000/_next/static/chunks/node_modules_next_dist_1e8vcs8._.js:776
[  660962ms] [LOG] [Fast Refresh] done in 14ms @ http://localhost:3000/_next/static/chunks/node_modules_next_dist_1e8vcs8._.js:776
[  661009ms] [LOG] [Fast Refresh] done in 14ms @ http://localhost:3000/_next/static/chunks/node_modules_next_dist_1e8vcs8._.js:776
[  661071ms] [LOG] [Fast Refresh] done in 14ms @ http://localhost:3000/_next/static/chunks/node_modules_next_dist_1e8vcs8._.js:776
[  661118ms] [LOG] [Fast Refresh] done in 14ms @ http://localhost:3000/_next/static/chunks/node_modules_next_dist_1e8vcs8._.js:776
[  661180ms] [LOG] [Fast Refresh] done in 14ms @ http://localhost:3000/_next/static/chunks/node_modules_next_dist_1e8vcs8._.js:776
[  661242ms] [LOG] [Fast Refresh] done in 14ms @ http://localhost:3000/_next/static/chunks/node_modules_next_dist_1e8vcs8._.js:776
[  661304ms] [LOG] [Fast Refresh] done in 14ms @ http://localhost:3000/_next/static/chunks/node_modules_next_dist_1e8vcs8._.js:776
[  661352ms] [LOG] [Fast Refresh] done in 14ms @ http://localhost:3000/_next/static/chunks/node_modules_next_dist_1e8vcs8._.js:776
[  661413ms] [LOG] [Fast Refresh] done in 14ms @ http://localhost:3000/_next/static/chunks/node_modules_next_dist_1e8vcs8._.js:776
[  661475ms] [LOG] [Fast Refresh] done in 14ms @ http://localhost:3000/_next/static/chunks/node_modules_next_dist_1e8vcs8._.js:776
[  661538ms] [LOG] [Fast Refresh] done in 14ms @ http://localhost:3000/_next/static/chunks/node_modules_next_dist_1e8vcs8._.js:776
[  661600ms] [LOG] [Fast Refresh] done in 14ms @ http://localhost:3000/_next/static/chunks/node_modules_next_dist_1e8vcs8._.js:776
[  661661ms] [LOG] [Fast Refresh] done in 14ms @ http://localhost:3000/_next/static/chunks/node_modules_next_dist_1e8vcs8._.js:776
[  661708ms] [LOG] [Fast Refresh] done in 14ms @ http://localhost:3000/_next/static/chunks/node_modules_next_dist_1e8vcs8._.js:776
[  661770ms] [LOG] [Fast Refresh] done in 14ms @ http://localhost:3000/_next/static/chunks/node_modules_next_dist_1e8vcs8._.js:776
[  661830ms] [LOG] [Fast Refresh] done in 14ms @ http://localhost:3000/_next/static/chunks/node_modules_next_dist_1e8vcs8._.js:776
[  661891ms] [LOG] [Fast Refresh] done in 14ms @ http://localhost:3000/_next/static/chunks/node_modules_next_dist_1e8vcs8._.js:776
[  661953ms] [LOG] [Fast Refresh] done in 14ms @ http://localhost:3000/_next/static/chunks/node_modules_next_dist_1e8vcs8._.js:776
[  662016ms] [LOG] [Fast Refresh] done in 14ms @ http://localhost:3000/_next/static/chunks/node_modules_next_dist_1e8vcs8._.js:776
[  662078ms] [LOG] [Fast Refresh] done in 14ms @ http://localhost:3000/_next/static/chunks/node_modules_next_dist_1e8vcs8._.js:776
[  662141ms] [LOG] [Fast Refresh] done in 14ms @ http://localhost:3000/_next/static/chunks/node_modules_next_dist_1e8vcs8._.js:776
[  662204ms] [LOG] [Fast Refresh] done in 14ms @ http://localhost:3000/_next/static/chunks/node_modules_next_dist_1e8vcs8._.js:776
[  662252ms] [LOG] [Fast Refresh] done in 14ms @ http://localhost:3000/_next/static/chunks/node_modules_next_dist_1e8vcs8._.js:776
[  662314ms] [LOG] [Fast Refresh] done in 14ms @ http://localhost:3000/_next/static/chunks/node_modules_next_dist_1e8vcs8._.js:776
[  662376ms] [LOG] [Fast Refresh] done in 14ms @ http://localhost:3000/_next/static/chunks/node_modules_next_dist_1e8vcs8._.js:776
[  662438ms] [LOG] [Fast Refresh] done in 14ms @ http://localhost:3000/_next/static/chunks/node_modules_next_dist_1e8vcs8._.js:776
[  662486ms] [LOG] [Fast Refresh] done in 14ms @ http://localhost:3000/_next/static/chunks/node_modules_next_dist_1e8vcs8._.js:776
[  662548ms] [LOG] [Fast Refresh] done in 14ms @ http://localhost:3000/_next/static/chunks/node_modules_next_dist_1e8vcs8._.js:776
[  662610ms] [LOG] [Fast Refresh] done in 14ms @ http://localhost:3000/_next/static/chunks/node_modules_next_dist_1e8vcs8._.js:776
[  662672ms] [LOG] [Fast Refresh] done in 14ms @ http://localhost:3000/_next/static/chunks/node_modules_next_dist_1e8vcs8._.js:776
[  662735ms] [LOG] [Fast Refresh] done in 14ms @ http://localhost:3000/_next/static/chunks/node_modules_next_dist_1e8vcs8._.js:776
[  662797ms] [LOG] [Fast Refresh] done in 14ms @ http://localhost:3000/_next/static/chunks/node_modules_next_dist_1e8vcs8._.js:776
[  662858ms] [LOG] [Fast Refresh] done in 14ms @ http://localhost:3000/_next/static/chunks/node_modules_next_dist_1e8vcs8._.js:776
[  662922ms] [LOG] [Fast Refresh] done in 14ms @ http://localhost:3000/_next/static/chunks/node_modules_next_dist_1e8vcs8._.js:776
[  662969ms] [LOG] [Fast Refresh] done in 14ms @ http://localhost:3000/_next/static/chunks/node_modules_next_dist_1e8vcs8._.js:776
[  663030ms] [LOG] [Fast Refresh] done in 14ms @ http://localhost:3000/_next/static/chunks/node_modules_next_dist_1e8vcs8._.js:776
[  663094ms] [LOG] [Fast Refresh] done in 14ms @ http://localhost:3000/_next/static/chunks/node_modules_next_dist_1e8vcs8._.js:776
[  663155ms] [LOG] [Fast Refresh] done in 14ms @ http://localhost:3000/_next/static/chunks/node_modules_next_dist_1e8vcs8._.js:776
[  663216ms] [LOG] [Fast Refresh] done in 14ms @ http://localhost:3000/_next/static/chunks/node_modules_next_dist_1e8vcs8._.js:776
[  663278ms] [LOG] [Fast Refresh] done in 14ms @ http://localhost:3000/_next/static/chunks/node_modules_next_dist_1e8vcs8._.js:776
[  663340ms] [LOG] [Fast Refresh] done in 14ms @ http://localhost:3000/_next/static/chunks/node_modules_next_dist_1e8vcs8._.js:776
[  663402ms] [LOG] [Fast Refresh] done in 14ms @ http://localhost:3000/_next/static/chunks/node_modules_next_dist_1e8vcs8._.js:776
[  663463ms] [LOG] [Fast Refresh] done in 14ms @ http://localhost:3000/_next/static/chunks/node_modules_next_dist_1e8vcs8._.js:776
[  663524ms] [LOG] [Fast Refresh] done in 14ms @ http://localhost:3000/_next/static/chunks/node_modules_next_dist_1e8vcs8._.js:776
[  663588ms] [LOG] [Fast Refresh] done in 14ms @ http://localhost:3000/_next/static/chunks/node_modules_next_dist_1e8vcs8._.js:776
[  663650ms] [LOG] [Fast Refresh] done in 14ms @ http://localhost:3000/_next/static/chunks/node_modules_next_dist_1e8vcs8._.js:776
[  663712ms] [LOG] [Fast Refresh] done in 14ms @ http://localhost:3000/_next/static/chunks/node_modules_next_dist_1e8vcs8._.js:776
[  663773ms] [LOG] [Fast Refresh] done in 14ms @ http://localhost:3000/_next/static/chunks/node_modules_next_dist_1e8vcs8._.js:776
[  663836ms] [LOG] [Fast Refresh] done in 14ms @ http://localhost:3000/_next/static/chunks/node_modules_next_dist_1e8vcs8._.js:776
[  663900ms] [LOG] [Fast Refresh] done in 14ms @ http://localhost:3000/_next/static/chunks/node_modules_next_dist_1e8vcs8._.js:776
[  663962ms] [LOG] [Fast Refresh] done in 14ms @ http://localhost:3000/_next/static/chunks/node_modules_next_dist_1e8vcs8._.js:776
[  664024ms] [LOG] [Fast Refresh] done in 14ms @ http://localhost:3000/_next/static/chunks/node_modules_next_dist_1e8vcs8._.js:776
[  664086ms] [LOG] [Fast Refresh] done in 14ms @ http://localhost:3000/_next/static/chunks/node_modules_next_dist_1e8vcs8._.js:776
[  664148ms] [LOG] [Fast Refresh] done in 14ms @ http://localhost:3000/_next/static/chunks/node_modules_next_dist_1e8vcs8._.js:776
[  664209ms] [LOG] [Fast Refresh] done in 14ms @ http://localhost:3000/_next/static/chunks/node_modules_next_dist_1e8vcs8._.js:776
[  664256ms] [LOG] [Fast Refresh] done in 14ms @ http://localhost:3000/_next/static/chunks/node_modules_next_dist_1e8vcs8._.js:776
[  664320ms] [LOG] [Fast Refresh] done in 14ms @ http://localhost:3000/_next/static/chunks/node_modules_next_dist_1e8vcs8._.js:776
[  664382ms] [LOG] [Fast Refresh] done in 14ms @ http://localhost:3000/_next/static/chunks/node_modules_next_dist_1e8vcs8._.js:776
[  664443ms] [LOG] [Fast Refresh] done in 14ms @ http://localhost:3000/_next/static/chunks/node_modules_next_dist_1e8vcs8._.js:776
[  664505ms] [LOG] [Fast Refresh] done in 14ms @ http://localhost:3000/_next/static/chunks/node_modules_next_dist_1e8vcs8._.js:776
[  664566ms] [LOG] [Fast Refresh] done in 14ms @ http://localhost:3000/_next/static/chunks/node_modules_next_dist_1e8vcs8._.js:776
[  664628ms] [LOG] [Fast Refresh] done in 14ms @ http://localhost:3000/_next/static/chunks/node_modules_next_dist_1e8vcs8._.js:776
[  664690ms] [LOG] [Fast Refresh] done in 14ms @ http://localhost:3000/_next/static/chunks/node_modules_next_dist_1e8vcs8._.js:776
[  664752ms] [LOG] [Fast Refresh] done in 14ms @ http://localhost:3000/_next/static/chunks/node_modules_next_dist_1e8vcs8._.js:776
[  664813ms] [LOG] [Fast Refresh] done in 14ms @ http://localhost:3000/_next/static/chunks/node_modules_next_dist_1e8vcs8._.js:776
[  664873ms] [LOG] [Fast Refresh] done in 14ms @ http://localhost:3000/_next/static/chunks/node_modules_next_dist_1e8vcs8._.js:776
[  664934ms] [LOG] [Fast Refresh] done in 14ms @ http://localhost:3000/_next/static/chunks/node_modules_next_dist_1e8vcs8._.js:776
[  664997ms] [LOG] [Fast Refresh] done in 14ms @ http://localhost:3000/_next/static/chunks/node_modules_next_dist_1e8vcs8._.js:776
[  665058ms] [LOG] [Fast Refresh] done in 14ms @ http://localhost:3000/_next/static/chunks/node_modules_next_dist_1e8vcs8._.js:776
[  665120ms] [LOG] [Fast Refresh] done in 14ms @ http://localhost:3000/_next/static/chunks/node_modules_next_dist_1e8vcs8._.js:776
[  665183ms] [LOG] [Fast Refresh] done in 14ms @ http://localhost:3000/_next/static/chunks/node_modules_next_dist_1e8vcs8._.js:776
[  665245ms] [LOG] [Fast Refresh] done in 14ms @ http://localhost:3000/_next/static/chunks/node_modules_next_dist_1e8vcs8._.js:776
[  665308ms] [LOG] [Fast Refresh] done in 14ms @ http://localhost:3000/_next/static/chunks/node_modules_next_dist_1e8vcs8._.js:776
[  665371ms] [LOG] [Fast Refresh] done in 14ms @ http://localhost:3000/_next/static/chunks/node_modules_next_dist_1e8vcs8._.js:776
[  665419ms] [LOG] [Fast Refresh] done in 14ms @ http://localhost:3000/_next/static/chunks/node_modules_next_dist_1e8vcs8._.js:776
[  665480ms] [LOG] [Fast Refresh] done in 14ms @ http://localhost:3000/_next/static/chunks/node_modules_next_dist_1e8vcs8._.js:776
[  665543ms] [LOG] [Fast Refresh] done in 14ms @ http://localhost:3000/_next/static/chunks/node_modules_next_dist_1e8vcs8._.js:776
[  665604ms] [LOG] [Fast Refresh] done in 14ms @ http://localhost:3000/_next/static/chunks/node_modules_next_dist_1e8vcs8._.js:776
[  665664ms] [LOG] [Fast Refresh] done in 14ms @ http://localhost:3000/_next/static/chunks/node_modules_next_dist_1e8vcs8._.js:776
[  665726ms] [LOG] [Fast Refresh] done in 14ms @ http://localhost:3000/_next/static/chunks/node_modules_next_dist_1e8vcs8._.js:776
[  665787ms] [LOG] [Fast Refresh] done in 14ms @ http://localhost:3000/_next/static/chunks/node_modules_next_dist_1e8vcs8._.js:776
[  665848ms] [LOG] [Fast Refresh] done in 14ms @ http://localhost:3000/_next/static/chunks/node_modules_next_dist_1e8vcs8._.js:776
[  665909ms] [LOG] [Fast Refresh] done in 14ms @ http://localhost:3000/_next/static/chunks/node_modules_next_dist_1e8vcs8._.js:776
[  665972ms] [LOG] [Fast Refresh] done in 14ms @ http://localhost:3000/_next/static/chunks/node_modules_next_dist_1e8vcs8._.js:776
[  666035ms] [LOG] [Fast Refresh] done in 14ms @ http://localhost:3000/_next/static/chunks/node_modules_next_dist_1e8vcs8._.js:776
[  666097ms] [LOG] [Fast Refresh] done in 14ms @ http://localhost:3000/_next/static/chunks/node_modules_next_dist_1e8vcs8._.js:776
[  666158ms] [LOG] [Fast Refresh] done in 14ms @ http://localhost:3000/_next/static/chunks/node_modules_next_dist_1e8vcs8._.js:776
[  666220ms] [LOG] [Fast Refresh] done in 14ms @ http://localhost:3000/_next/static/chunks/node_modules_next_dist_1e8vcs8._.js:776
[  666283ms] [LOG] [Fast Refresh] done in 14ms @ http://localhost:3000/_next/static/chunks/node_modules_next_dist_1e8vcs8._.js:776
[  666344ms] [LOG] [Fast Refresh] done in 14ms @ http://localhost:3000/_next/static/chunks/node_modules_next_dist_1e8vcs8._.js:776
[  666407ms] [LOG] [Fast Refresh] done in 14ms @ http://localhost:3000/_next/static/chunks/node_modules_next_dist_1e8vcs8._.js:776
[  666469ms] [LOG] [Fast Refresh] done in 14ms @ http://localhost:3000/_next/static/chunks/node_modules_next_dist_1e8vcs8._.js:776
[  666530ms] [LOG] [Fast Refresh] done in 14ms @ http://localhost:3000/_next/static/chunks/node_modules_next_dist_1e8vcs8._.js:776
[  666593ms] [LOG] [Fast Refresh] done in 14ms @ http://localhost:3000/_next/static/chunks/node_modules_next_dist_1e8vcs8._.js:776
[  666655ms] [LOG] [Fast Refresh] done in 14ms @ http://localhost:3000/_next/static/chunks/node_modules_next_dist_1e8vcs8._.js:776
[  666702ms] [LOG] [Fast Refresh] done in 14ms @ http://localhost:3000/_next/static/chunks/node_modules_next_dist_1e8vcs8._.js:776
[  666761ms] [LOG] [Fast Refresh] done in 14ms @ http://localhost:3000/_next/static/chunks/node_modules_next_dist_1e8vcs8._.js:776
[  666822ms] [LOG] [Fast Refresh] done in 14ms @ http://localhost:3000/_next/static/chunks/node_modules_next_dist_1e8vcs8._.js:776
[  666883ms] [LOG] [Fast Refresh] done in 14ms @ http://localhost:3000/_next/static/chunks/node_modules_next_dist_1e8vcs8._.js:776
[  666945ms] [LOG] [Fast Refresh] done in 14ms @ http://localhost:3000/_next/static/chunks/node_modules_next_dist_1e8vcs8._.js:776
[  667008ms] [LOG] [Fast Refresh] done in 14ms @ http://localhost:3000/_next/static/chunks/node_modules_next_dist_1e8vcs8._.js:776
[  667070ms] [LOG] [Fast Refresh] done in 14ms @ http://localhost:3000/_next/static/chunks/node_modules_next_dist_1e8vcs8._.js:776
[  667132ms] [LOG] [Fast Refresh] done in 14ms @ http://localhost:3000/_next/static/chunks/node_modules_next_dist_1e8vcs8._.js:776
[  667193ms] [LOG] [Fast Refresh] done in 14ms @ http://localhost:3000/_next/static/chunks/node_modules_next_dist_1e8vcs8._.js:776
[  667256ms] [LOG] [Fast Refresh] done in 14ms @ http://localhost:3000/_next/static/chunks/node_modules_next_dist_1e8vcs8._.js:776
[  667316ms] [LOG] [Fast Refresh] done in 14ms @ http://localhost:3000/_next/static/chunks/node_modules_next_dist_1e8vcs8._.js:776
[  667363ms] [LOG] [Fast Refresh] done in 14ms @ http://localhost:3000/_next/static/chunks/node_modules_next_dist_1e8vcs8._.js:776
[  667424ms] [LOG] [Fast Refresh] done in 14ms @ http://localhost:3000/_next/static/chunks/node_modules_next_dist_1e8vcs8._.js:776
[  667501ms] [LOG] [Fast Refresh] done in 14ms @ http://localhost:3000/_next/static/chunks/node_modules_next_dist_1e8vcs8._.js:776
[  667561ms] [LOG] [Fast Refresh] done in 14ms @ http://localhost:3000/_next/static/chunks/node_modules_next_dist_1e8vcs8._.js:776
[  667621ms] [LOG] [Fast Refresh] done in 14ms @ http://localhost:3000/_next/static/chunks/node_modules_next_dist_1e8vcs8._.js:776
[  667669ms] [LOG] [Fast Refresh] done in 14ms @ http://localhost:3000/_next/static/chunks/node_modules_next_dist_1e8vcs8._.js:776
[  667731ms] [LOG] [Fast Refresh] done in 14ms @ http://localhost:3000/_next/static/chunks/node_modules_next_dist_1e8vcs8._.js:776
[  667793ms] [LOG] [Fast Refresh] done in 14ms @ http://localhost:3000/_next/static/chunks/node_modules_next_dist_1e8vcs8._.js:776
[  667854ms] [LOG] [Fast Refresh] done in 14ms @ http://localhost:3000/_next/static/chunks/node_modules_next_dist_1e8vcs8._.js:776
[  667917ms] [LOG] [Fast Refresh] done in 14ms @ http://localhost:3000/_next/static/chunks/node_modules_next_dist_1e8vcs8._.js:776
[  667978ms] [LOG] [Fast Refresh] done in 14ms @ http://localhost:3000/_next/static/chunks/node_modules_next_dist_1e8vcs8._.js:776
[  668041ms] [LOG] [Fast Refresh] done in 14ms @ http://localhost:3000/_next/static/chunks/node_modules_next_dist_1e8vcs8._.js:776
[  668103ms] [LOG] [Fast Refresh] done in 14ms @ http://localhost:3000/_next/static/chunks/node_modules_next_dist_1e8vcs8._.js:776
[  668165ms] [LOG] [Fast Refresh] done in 14ms @ http://localhost:3000/_next/static/chunks/node_modules_next_dist_1e8vcs8._.js:776
[  668227ms] [LOG] [Fast Refresh] done in 14ms @ http://localhost:3000/_next/static/chunks/node_modules_next_dist_1e8vcs8._.js:776
[  668291ms] [LOG] [Fast Refresh] done in 14ms @ http://localhost:3000/_next/static/chunks/node_modules_next_dist_1e8vcs8._.js:776
[  668338ms] [LOG] [Fast Refresh] done in 14ms @ http://localhost:3000/_next/static/chunks/node_modules_next_dist_1e8vcs8._.js:776
[  668401ms] [LOG] [Fast Refresh] done in 14ms @ http://localhost:3000/_next/static/chunks/node_modules_next_dist_1e8vcs8._.js:776
[  668464ms] [LOG] [Fast Refresh] done in 14ms @ http://localhost:3000/_next/static/chunks/node_modules_next_dist_1e8vcs8._.js:776
[  668525ms] [LOG] [Fast Refresh] done in 14ms @ http://localhost:3000/_next/static/chunks/node_modules_next_dist_1e8vcs8._.js:776
[  668587ms] [LOG] [Fast Refresh] done in 14ms @ http://localhost:3000/_next/static/chunks/node_modules_next_dist_1e8vcs8._.js:776
[  668648ms] [LOG] [Fast Refresh] done in 14ms @ http://localhost:3000/_next/static/chunks/node_modules_next_dist_1e8vcs8._.js:776
[  668709ms] [LOG] [Fast Refresh] done in 14ms @ http://localhost:3000/_next/static/chunks/node_modules_next_dist_1e8vcs8._.js:776
[  668770ms] [LOG] [Fast Refresh] done in 14ms @ http://localhost:3000/_next/static/chunks/node_modules_next_dist_1e8vcs8._.js:776
[  668832ms] [LOG] [Fast Refresh] done in 14ms @ http://localhost:3000/_next/static/chunks/node_modules_next_dist_1e8vcs8._.js:776
[  668894ms] [LOG] [Fast Refresh] done in 14ms @ http://localhost:3000/_next/static/chunks/node_modules_next_dist_1e8vcs8._.js:776
[  668956ms] [LOG] [Fast Refresh] done in 14ms @ http://localhost:3000/_next/static/chunks/node_modules_next_dist_1e8vcs8._.js:776
[  669017ms] [LOG] [Fast Refresh] done in 14ms @ http://localhost:3000/_next/static/chunks/node_modules_next_dist_1e8vcs8._.js:776
[  669079ms] [LOG] [Fast Refresh] done in 14ms @ http://localhost:3000/_next/static/chunks/node_modules_next_dist_1e8vcs8._.js:776
[  669141ms] [LOG] [Fast Refresh] done in 14ms @ http://localhost:3000/_next/static/chunks/node_modules_next_dist_1e8vcs8._.js:776
[  669203ms] [LOG] [Fast Refresh] done in 14ms @ http://localhost:3000/_next/static/chunks/node_modules_next_dist_1e8vcs8._.js:776
[  669265ms] [LOG] [Fast Refresh] done in 14ms @ http://localhost:3000/_next/static/chunks/node_modules_next_dist_1e8vcs8._.js:776
[  669328ms] [LOG] [Fast Refresh] done in 14ms @ http://localhost:3000/_next/static/chunks/node_modules_next_dist_1e8vcs8._.js:776
[  669391ms] [LOG] [Fast Refresh] done in 14ms @ http://localhost:3000/_next/static/chunks/node_modules_next_dist_1e8vcs8._.js:776
[  669454ms] [LOG] [Fast Refresh] done in 14ms @ http://localhost:3000/_next/static/chunks/node_modules_next_dist_1e8vcs8._.js:776
[  669517ms] [LOG] [Fast Refresh] done in 14ms @ http://localhost:3000/_next/static/chunks/node_modules_next_dist_1e8vcs8._.js:776
[  669579ms] [LOG] [Fast Refresh] done in 14ms @ http://localhost:3000/_next/static/chunks/node_modules_next_dist_1e8vcs8._.js:776
[  669641ms] [LOG] [Fast Refresh] done in 14ms @ http://localhost:3000/_next/static/chunks/node_modules_next_dist_1e8vcs8._.js:776
[  669704ms] [LOG] [Fast Refresh] done in 14ms @ http://localhost:3000/_next/static/chunks/node_modules_next_dist_1e8vcs8._.js:776
[  669764ms] [LOG] [Fast Refresh] done in 14ms @ http://localhost:3000/_next/static/chunks/node_modules_next_dist_1e8vcs8._.js:776
[  669825ms] [LOG] [Fast Refresh] done in 14ms @ http://localhost:3000/_next/static/chunks/node_modules_next_dist_1e8vcs8._.js:776
[  669888ms] [LOG] [Fast Refresh] done in 14ms @ http://localhost:3000/_next/static/chunks/node_modules_next_dist_1e8vcs8._.js:776
[  669950ms] [LOG] [Fast Refresh] done in 14ms @ http://localhost:3000/_next/static/chunks/node_modules_next_dist_1e8vcs8._.js:776
[  670012ms] [LOG] [Fast Refresh] done in 14ms @ http://localhost:3000/_next/static/chunks/node_modules_next_dist_1e8vcs8._.js:776
[  670074ms] [LOG] [Fast Refresh] done in 14ms @ http://localhost:3000/_next/static/chunks/node_modules_next_dist_1e8vcs8._.js:776
[  670136ms] [LOG] [Fast Refresh] done in 14ms @ http://localhost:3000/_next/static/chunks/node_modules_next_dist_1e8vcs8._.js:776
[  670198ms] [LOG] [Fast Refresh] done in 14ms @ http://localhost:3000/_next/static/chunks/node_modules_next_dist_1e8vcs8._.js:776
[  670259ms] [LOG] [Fast Refresh] done in 14ms @ http://localhost:3000/_next/static/chunks/node_modules_next_dist_1e8vcs8._.js:776
[  670321ms] [LOG] [Fast Refresh] done in 14ms @ http://localhost:3000/_next/static/chunks/node_modules_next_dist_1e8vcs8._.js:776
[  670383ms] [LOG] [Fast Refresh] done in 14ms @ http://localhost:3000/_next/static/chunks/node_modules_next_dist_1e8vcs8._.js:776
[  670430ms] [LOG] [Fast Refresh] done in 14ms @ http://localhost:3000/_next/static/chunks/node_modules_next_dist_1e8vcs8._.js:776
[  670491ms] [LOG] [Fast Refresh] done in 14ms @ http://localhost:3000/_next/static/chunks/node_modules_next_dist_1e8vcs8._.js:776
[  670551ms] [LOG] [Fast Refresh] done in 14ms @ http://localhost:3000/_next/static/chunks/node_modules_next_dist_1e8vcs8._.js:776
[  670613ms] [LOG] [Fast Refresh] done in 14ms @ http://localhost:3000/_next/static/chunks/node_modules_next_dist_1e8vcs8._.js:776
[  670675ms] [LOG] [Fast Refresh] done in 14ms @ http://localhost:3000/_next/static/chunks/node_modules_next_dist_1e8vcs8._.js:776
[  670737ms] [LOG] [Fast Refresh] done in 14ms @ http://localhost:3000/_next/static/chunks/node_modules_next_dist_1e8vcs8._.js:776
[  670798ms] [LOG] [Fast Refresh] done in 14ms @ http://localhost:3000/_next/static/chunks/node_modules_next_dist_1e8vcs8._.js:776
[  670860ms] [LOG] [Fast Refresh] done in 14ms @ http://localhost:3000/_next/static/chunks/node_modules_next_dist_1e8vcs8._.js:776
[  670921ms] [LOG] [Fast Refresh] done in 14ms @ http://localhost:3000/_next/static/chunks/node_modules_next_dist_1e8vcs8._.js:776
[  670984ms] [LOG] [Fast Refresh] done in 14ms @ http://localhost:3000/_next/static/chunks/node_modules_next_dist_1e8vcs8._.js:776
[  671044ms] [LOG] [Fast Refresh] done in 14ms @ http://localhost:3000/_next/static/chunks/node_modules_next_dist_1e8vcs8._.js:776
[  671105ms] [LOG] [Fast Refresh] done in 14ms @ http://localhost:3000/_next/static/chunks/node_modules_next_dist_1e8vcs8._.js:776
[  671167ms] [LOG] [Fast Refresh] done in 14ms @ http://localhost:3000/_next/static/chunks/node_modules_next_dist_1e8vcs8._.js:776
[  671229ms] [LOG] [Fast Refresh] done in 14ms @ http://localhost:3000/_next/static/chunks/node_modules_next_dist_1e8vcs8._.js:776
[  671276ms] [LOG] [Fast Refresh] done in 14ms @ http://localhost:3000/_next/static/chunks/node_modules_next_dist_1e8vcs8._.js:776
[  671339ms] [LOG] [Fast Refresh] done in 14ms @ http://localhost:3000/_next/static/chunks/node_modules_next_dist_1e8vcs8._.js:776
[  671401ms] [LOG] [Fast Refresh] done in 14ms @ http://localhost:3000/_next/static/chunks/node_modules_next_dist_1e8vcs8._.js:776
[  671463ms] [LOG] [Fast Refresh] done in 14ms @ http://localhost:3000/_next/static/chunks/node_modules_next_dist_1e8vcs8._.js:776
[  671526ms] [LOG] [Fast Refresh] done in 14ms @ http://localhost:3000/_next/static/chunks/node_modules_next_dist_1e8vcs8._.js:776
[  671589ms] [LOG] [Fast Refresh] done in 14ms @ http://localhost:3000/_next/static/chunks/node_modules_next_dist_1e8vcs8._.js:776
[  671650ms] [LOG] [Fast Refresh] done in 14ms @ http://localhost:3000/_next/static/chunks/node_modules_next_dist_1e8vcs8._.js:776
[  671713ms] [LOG] [Fast Refresh] done in 14ms @ http://localhost:3000/_next/static/chunks/node_modules_next_dist_1e8vcs8._.js:776
[  671774ms] [LOG] [Fast Refresh] done in 14ms @ http://localhost:3000/_next/static/chunks/node_modules_next_dist_1e8vcs8._.js:776
[  671836ms] [LOG] [Fast Refresh] done in 14ms @ http://localhost:3000/_next/static/chunks/node_modules_next_dist_1e8vcs8._.js:776
[  671882ms] [LOG] [Fast Refresh] done in 14ms @ http://localhost:3000/_next/static/chunks/node_modules_next_dist_1e8vcs8._.js:776
[  671943ms] [LOG] [Fast Refresh] done in 14ms @ http://localhost:3000/_next/static/chunks/node_modules_next_dist_1e8vcs8._.js:776
[  672004ms] [LOG] [Fast Refresh] done in 14ms @ http://localhost:3000/_next/static/chunks/node_modules_next_dist_1e8vcs8._.js:776
[  672067ms] [LOG] [Fast Refresh] done in 14ms @ http://localhost:3000/_next/static/chunks/node_modules_next_dist_1e8vcs8._.js:776
[  672129ms] [LOG] [Fast Refresh] done in 14ms @ http://localhost:3000/_next/static/chunks/node_modules_next_dist_1e8vcs8._.js:776
[  672191ms] [LOG] [Fast Refresh] done in 14ms @ http://localhost:3000/_next/static/chunks/node_modules_next_dist_1e8vcs8._.js:776
[  672252ms] [LOG] [Fast Refresh] done in 14ms @ http://localhost:3000/_next/static/chunks/node_modules_next_dist_1e8vcs8._.js:776
[  672315ms] [LOG] [Fast Refresh] done in 14ms @ http://localhost:3000/_next/static/chunks/node_modules_next_dist_1e8vcs8._.js:776
[  672376ms] [LOG] [Fast Refresh] done in 14ms @ http://localhost:3000/_next/static/chunks/node_modules_next_dist_1e8vcs8._.js:776
[  672439ms] [LOG] [Fast Refresh] done in 14ms @ http://localhost:3000/_next/static/chunks/node_modules_next_dist_1e8vcs8._.js:776
[  672486ms] [LOG] [Fast Refresh] done in 14ms @ http://localhost:3000/_next/static/chunks/node_modules_next_dist_1e8vcs8._.js:776
[  672549ms] [LOG] [Fast Refresh] done in 14ms @ http://localhost:3000/_next/static/chunks/node_modules_next_dist_1e8vcs8._.js:776
[  672613ms] [LOG] [Fast Refresh] done in 14ms @ http://localhost:3000/_next/static/chunks/node_modules_next_dist_1e8vcs8._.js:776
[  672675ms] [LOG] [Fast Refresh] done in 14ms @ http://localhost:3000/_next/static/chunks/node_modules_next_dist_1e8vcs8._.js:776
[  672736ms] [LOG] [Fast Refresh] done in 14ms @ http://localhost:3000/_next/static/chunks/node_modules_next_dist_1e8vcs8._.js:776
[  672797ms] [LOG] [Fast Refresh] done in 14ms @ http://localhost:3000/_next/static/chunks/node_modules_next_dist_1e8vcs8._.js:776
[  672858ms] [LOG] [Fast Refresh] done in 14ms @ http://localhost:3000/_next/static/chunks/node_modules_next_dist_1e8vcs8._.js:776
[  672920ms] [LOG] [Fast Refresh] done in 14ms @ http://localhost:3000/_next/static/chunks/node_modules_next_dist_1e8vcs8._.js:776
[  672982ms] [LOG] [Fast Refresh] done in 14ms @ http://localhost:3000/_next/static/chunks/node_modules_next_dist_1e8vcs8._.js:776
[  673044ms] [LOG] [Fast Refresh] done in 14ms @ http://localhost:3000/_next/static/chunks/node_modules_next_dist_1e8vcs8._.js:776
[  673106ms] [LOG] [Fast Refresh] done in 14ms @ http://localhost:3000/_next/static/chunks/node_modules_next_dist_1e8vcs8._.js:776
[  673169ms] [LOG] [Fast Refresh] done in 14ms @ http://localhost:3000/_next/static/chunks/node_modules_next_dist_1e8vcs8._.js:776
[  673232ms] [LOG] [Fast Refresh] done in 14ms @ http://localhost:3000/_next/static/chunks/node_modules_next_dist_1e8vcs8._.js:776
[  673294ms] [LOG] [Fast Refresh] done in 14ms @ http://localhost:3000/_next/static/chunks/node_modules_next_dist_1e8vcs8._.js:776
[  673356ms] [LOG] [Fast Refresh] done in 14ms @ http://localhost:3000/_next/static/chunks/node_modules_next_dist_1e8vcs8._.js:776
[  673420ms] [LOG] [Fast Refresh] done in 14ms @ http://localhost:3000/_next/static/chunks/node_modules_next_dist_1e8vcs8._.js:776
[  673480ms] [LOG] [Fast Refresh] done in 14ms @ http://localhost:3000/_next/static/chunks/node_modules_next_dist_1e8vcs8._.js:776
[  673543ms] [LOG] [Fast Refresh] done in 14ms @ http://localhost:3000/_next/static/chunks/node_modules_next_dist_1e8vcs8._.js:776
[  673604ms] [LOG] [Fast Refresh] done in 14ms @ http://localhost:3000/_next/static/chunks/node_modules_next_dist_1e8vcs8._.js:776
[  673666ms] [LOG] [Fast Refresh] done in 14ms @ http://localhost:3000/_next/static/chunks/node_modules_next_dist_1e8vcs8._.js:776
[  673730ms] [LOG] [Fast Refresh] done in 14ms @ http://localhost:3000/_next/static/chunks/node_modules_next_dist_1e8vcs8._.js:776
[  673792ms] [LOG] [Fast Refresh] done in 14ms @ http://localhost:3000/_next/static/chunks/node_modules_next_dist_1e8vcs8._.js:776
[  673855ms] [LOG] [Fast Refresh] done in 14ms @ http://localhost:3000/_next/static/chunks/node_modules_next_dist_1e8vcs8._.js:776
[  673917ms] [LOG] [Fast Refresh] done in 14ms @ http://localhost:3000/_next/static/chunks/node_modules_next_dist_1e8vcs8._.js:776
[  673980ms] [LOG] [Fast Refresh] done in 14ms @ http://localhost:3000/_next/static/chunks/node_modules_next_dist_1e8vcs8._.js:776
[  674042ms] [LOG] [Fast Refresh] done in 14ms @ http://localhost:3000/_next/static/chunks/node_modules_next_dist_1e8vcs8._.js:776
[  674104ms] [LOG] [Fast Refresh] done in 14ms @ http://localhost:3000/_next/static/chunks/node_modules_next_dist_1e8vcs8._.js:776
[  674166ms] [LOG] [Fast Refresh] done in 14ms @ http://localhost:3000/_next/static/chunks/node_modules_next_dist_1e8vcs8._.js:776
[  674228ms] [LOG] [Fast Refresh] done in 14ms @ http://localhost:3000/_next/static/chunks/node_modules_next_dist_1e8vcs8._.js:776
[  674291ms] [LOG] [Fast Refresh] done in 14ms @ http://localhost:3000/_next/static/chunks/node_modules_next_dist_1e8vcs8._.js:776
[  674354ms] [LOG] [Fast Refresh] done in 14ms @ http://localhost:3000/_next/static/chunks/node_modules_next_dist_1e8vcs8._.js:776
[  674402ms] [LOG] [Fast Refresh] done in 14ms @ http://localhost:3000/_next/static/chunks/node_modules_next_dist_1e8vcs8._.js:776
[  674465ms] [LOG] [Fast Refresh] done in 14ms @ http://localhost:3000/_next/static/chunks/node_modules_next_dist_1e8vcs8._.js:776
[  674525ms] [LOG] [Fast Refresh] done in 14ms @ http://localhost:3000/_next/static/chunks/node_modules_next_dist_1e8vcs8._.js:776
[  674587ms] [LOG] [Fast Refresh] done in 14ms @ http://localhost:3000/_next/static/chunks/node_modules_next_dist_1e8vcs8._.js:776
[  674648ms] [LOG] [Fast Refresh] done in 14ms @ http://localhost:3000/_next/static/chunks/node_modules_next_dist_1e8vcs8._.js:776
[  674710ms] [LOG] [Fast Refresh] done in 14ms @ http://localhost:3000/_next/static/chunks/node_modules_next_dist_1e8vcs8._.js:776
[  674771ms] [LOG] [Fast Refresh] done in 14ms @ http://localhost:3000/_next/static/chunks/node_modules_next_dist_1e8vcs8._.js:776
[  674832ms] [LOG] [Fast Refresh] done in 14ms @ http://localhost:3000/_next/static/chunks/node_modules_next_dist_1e8vcs8._.js:776
[  674893ms] [LOG] [Fast Refresh] done in 14ms @ http://localhost:3000/_next/static/chunks/node_modules_next_dist_1e8vcs8._.js:776
[  674955ms] [LOG] [Fast Refresh] done in 14ms @ http://localhost:3000/_next/static/chunks/node_modules_next_dist_1e8vcs8._.js:776
[  675017ms] [LOG] [Fast Refresh] done in 14ms @ http://localhost:3000/_next/static/chunks/node_modules_next_dist_1e8vcs8._.js:776
[  675081ms] [LOG] [Fast Refresh] done in 14ms @ http://localhost:3000/_next/static/chunks/node_modules_next_dist_1e8vcs8._.js:776
[  675143ms] [LOG] [Fast Refresh] done in 14ms @ http://localhost:3000/_next/static/chunks/node_modules_next_dist_1e8vcs8._.js:776
[  675206ms] [LOG] [Fast Refresh] done in 14ms @ http://localhost:3000/_next/static/chunks/node_modules_next_dist_1e8vcs8._.js:776
[  675266ms] [LOG] [Fast Refresh] done in 14ms @ http://localhost:3000/_next/static/chunks/node_modules_next_dist_1e8vcs8._.js:776
[  675329ms] [LOG] [Fast Refresh] done in 14ms @ http://localhost:3000/_next/static/chunks/node_modules_next_dist_1e8vcs8._.js:776
[  675376ms] [LOG] [Fast Refresh] done in 14ms @ http://localhost:3000/_next/static/chunks/node_modules_next_dist_1e8vcs8._.js:776
[  675424ms] [LOG] [Fast Refresh] done in 14ms @ http://localhost:3000/_next/static/chunks/node_modules_next_dist_1e8vcs8._.js:776
[  675471ms] [LOG] [Fast Refresh] done in 14ms @ http://localhost:3000/_next/static/chunks/node_modules_next_dist_1e8vcs8._.js:776
[  675533ms] [LOG] [Fast Refresh] done in 14ms @ http://localhost:3000/_next/static/chunks/node_modules_next_dist_1e8vcs8._.js:776
[  675596ms] [LOG] [Fast Refresh] done in 14ms @ http://localhost:3000/_next/static/chunks/node_modules_next_dist_1e8vcs8._.js:776
[  675659ms] [LOG] [Fast Refresh] done in 14ms @ http://localhost:3000/_next/static/chunks/node_modules_next_dist_1e8vcs8._.js:776
[  675720ms] [LOG] [Fast Refresh] done in 14ms @ http://localhost:3000/_next/static/chunks/node_modules_next_dist_1e8vcs8._.js:776
[  675781ms] [LOG] [Fast Refresh] done in 14ms @ http://localhost:3000/_next/static/chunks/node_modules_next_dist_1e8vcs8._.js:776
[  675844ms] [LOG] [Fast Refresh] done in 14ms @ http://localhost:3000/_next/static/chunks/node_modules_next_dist_1e8vcs8._.js:776
[  675904ms] [LOG] [Fast Refresh] done in 14ms @ http://localhost:3000/_next/static/chunks/node_modules_next_dist_1e8vcs8._.js:776
[  675966ms] [LOG] [Fast Refresh] done in 14ms @ http://localhost:3000/_next/static/chunks/node_modules_next_dist_1e8vcs8._.js:776
[  676013ms] [LOG] [Fast Refresh] done in 14ms @ http://localhost:3000/_next/static/chunks/node_modules_next_dist_1e8vcs8._.js:776
[  676074ms] [LOG] [Fast Refresh] done in 14ms @ http://localhost:3000/_next/static/chunks/node_modules_next_dist_1e8vcs8._.js:776
[  676135ms] [LOG] [Fast Refresh] done in 14ms @ http://localhost:3000/_next/static/chunks/node_modules_next_dist_1e8vcs8._.js:776
[  676196ms] [LOG] [Fast Refresh] done in 14ms @ http://localhost:3000/_next/static/chunks/node_modules_next_dist_1e8vcs8._.js:776
[  676259ms] [LOG] [Fast Refresh] done in 14ms @ http://localhost:3000/_next/static/chunks/node_modules_next_dist_1e8vcs8._.js:776
[  676321ms] [LOG] [Fast Refresh] done in 14ms @ http://localhost:3000/_next/static/chunks/node_modules_next_dist_1e8vcs8._.js:776
[  676383ms] [LOG] [Fast Refresh] done in 14ms @ http://localhost:3000/_next/static/chunks/node_modules_next_dist_1e8vcs8._.js:776
[  676444ms] [LOG] [Fast Refresh] done in 14ms @ http://localhost:3000/_next/static/chunks/node_modules_next_dist_1e8vcs8._.js:776
[  676492ms] [LOG] [Fast Refresh] done in 14ms @ http://localhost:3000/_next/static/chunks/node_modules_next_dist_1e8vcs8._.js:776
[  676555ms] [LOG] [Fast Refresh] done in 14ms @ http://localhost:3000/_next/static/chunks/node_modules_next_dist_1e8vcs8._.js:776
[  676616ms] [LOG] [Fast Refresh] done in 14ms @ http://localhost:3000/_next/static/chunks/node_modules_next_dist_1e8vcs8._.js:776
[  676664ms] [LOG] [Fast Refresh] done in 14ms @ http://localhost:3000/_next/static/chunks/node_modules_next_dist_1e8vcs8._.js:776
[  676726ms] [LOG] [Fast Refresh] done in 14ms @ http://localhost:3000/_next/static/chunks/node_modules_next_dist_1e8vcs8._.js:776
[  676787ms] [LOG] [Fast Refresh] done in 14ms @ http://localhost:3000/_next/static/chunks/node_modules_next_dist_1e8vcs8._.js:776
[  676849ms] [LOG] [Fast Refresh] done in 14ms @ http://localhost:3000/_next/static/chunks/node_modules_next_dist_1e8vcs8._.js:776
[  676911ms] [LOG] [Fast Refresh] done in 14ms @ http://localhost:3000/_next/static/chunks/node_modules_next_dist_1e8vcs8._.js:776
[  676959ms] [LOG] [Fast Refresh] done in 14ms @ http://localhost:3000/_next/static/chunks/node_modules_next_dist_1e8vcs8._.js:776
[  677022ms] [LOG] [Fast Refresh] done in 14ms @ http://localhost:3000/_next/static/chunks/node_modules_next_dist_1e8vcs8._.js:776
[  677084ms] [LOG] [Fast Refresh] done in 14ms @ http://localhost:3000/_next/static/chunks/node_modules_next_dist_1e8vcs8._.js:776
[  677131ms] [LOG] [Fast Refresh] done in 14ms @ http://localhost:3000/_next/static/chunks/node_modules_next_dist_1e8vcs8._.js:776
[  677193ms] [LOG] [Fast Refresh] done in 14ms @ http://localhost:3000/_next/static/chunks/node_modules_next_dist_1e8vcs8._.js:776
[  677255ms] [LOG] [Fast Refresh] done in 14ms @ http://localhost:3000/_next/static/chunks/node_modules_next_dist_1e8vcs8._.js:776
[  677317ms] [LOG] [Fast Refresh] done in 14ms @ http://localhost:3000/_next/static/chunks/node_modules_next_dist_1e8vcs8._.js:776
[  677380ms] [LOG] [Fast Refresh] done in 14ms @ http://localhost:3000/_next/static/chunks/node_modules_next_dist_1e8vcs8._.js:776
[  677442ms] [LOG] [Fast Refresh] done in 14ms @ http://localhost:3000/_next/static/chunks/node_modules_next_dist_1e8vcs8._.js:776
[  677490ms] [LOG] [Fast Refresh] done in 14ms @ http://localhost:3000/_next/static/chunks/node_modules_next_dist_1e8vcs8._.js:776
[  677552ms] [LOG] [Fast Refresh] done in 14ms @ http://localhost:3000/_next/static/chunks/node_modules_next_dist_1e8vcs8._.js:776
[  677614ms] [LOG] [Fast Refresh] done in 14ms @ http://localhost:3000/_next/static/chunks/node_modules_next_dist_1e8vcs8._.js:776
[  677676ms] [LOG] [Fast Refresh] done in 14ms @ http://localhost:3000/_next/static/chunks/node_modules_next_dist_1e8vcs8._.js:776
[  677737ms] [LOG] [Fast Refresh] done in 14ms @ http://localhost:3000/_next/static/chunks/node_modules_next_dist_1e8vcs8._.js:776
[  677797ms] [LOG] [Fast Refresh] done in 14ms @ http://localhost:3000/_next/static/chunks/node_modules_next_dist_1e8vcs8._.js:776
[  677859ms] [LOG] [Fast Refresh] done in 14ms @ http://localhost:3000/_next/static/chunks/node_modules_next_dist_1e8vcs8._.js:776
[  677920ms] [LOG] [Fast Refresh] done in 14ms @ http://localhost:3000/_next/static/chunks/node_modules_next_dist_1e8vcs8._.js:776
[  677980ms] [LOG] [Fast Refresh] done in 14ms @ http://localhost:3000/_next/static/chunks/node_modules_next_dist_1e8vcs8._.js:776
[  678042ms] [LOG] [Fast Refresh] done in 14ms @ http://localhost:3000/_next/static/chunks/node_modules_next_dist_1e8vcs8._.js:776
[  678104ms] [LOG] [Fast Refresh] done in 14ms @ http://localhost:3000/_next/static/chunks/node_modules_next_dist_1e8vcs8._.js:776
[  678165ms] [LOG] [Fast Refresh] done in 14ms @ http://localhost:3000/_next/static/chunks/node_modules_next_dist_1e8vcs8._.js:776
[  678227ms] [LOG] [Fast Refresh] done in 14ms @ http://localhost:3000/_next/static/chunks/node_modules_next_dist_1e8vcs8._.js:776
[  678274ms] [LOG] [Fast Refresh] done in 14ms @ http://localhost:3000/_next/static/chunks/node_modules_next_dist_1e8vcs8._.js:776
[  678336ms] [LOG] [Fast Refresh] done in 14ms @ http://localhost:3000/_next/static/chunks/node_modules_next_dist_1e8vcs8._.js:776
[  678398ms] [LOG] [Fast Refresh] done in 14ms @ http://localhost:3000/_next/static/chunks/node_modules_next_dist_1e8vcs8._.js:776
[  678460ms] [LOG] [Fast Refresh] done in 14ms @ http://localhost:3000/_next/static/chunks/node_modules_next_dist_1e8vcs8._.js:776
[  678521ms] [LOG] [Fast Refresh] done in 14ms @ http://localhost:3000/_next/static/chunks/node_modules_next_dist_1e8vcs8._.js:776
[  678582ms] [LOG] [Fast Refresh] done in 14ms @ http://localhost:3000/_next/static/chunks/node_modules_next_dist_1e8vcs8._.js:776
[  678643ms] [LOG] [Fast Refresh] done in 14ms @ http://localhost:3000/_next/static/chunks/node_modules_next_dist_1e8vcs8._.js:776
[  678704ms] [LOG] [Fast Refresh] done in 14ms @ http://localhost:3000/_next/static/chunks/node_modules_next_dist_1e8vcs8._.js:776
[  678766ms] [LOG] [Fast Refresh] done in 14ms @ http://localhost:3000/_next/static/chunks/node_modules_next_dist_1e8vcs8._.js:776
[  678828ms] [LOG] [Fast Refresh] done in 14ms @ http://localhost:3000/_next/static/chunks/node_modules_next_dist_1e8vcs8._.js:776
[  678889ms] [LOG] [Fast Refresh] done in 14ms @ http://localhost:3000/_next/static/chunks/node_modules_next_dist_1e8vcs8._.js:776
[  678951ms] [LOG] [Fast Refresh] done in 14ms @ http://localhost:3000/_next/static/chunks/node_modules_next_dist_1e8vcs8._.js:776
[  679012ms] [LOG] [Fast Refresh] done in 14ms @ http://localhost:3000/_next/static/chunks/node_modules_next_dist_1e8vcs8._.js:776
[  679075ms] [LOG] [Fast Refresh] done in 14ms @ http://localhost:3000/_next/static/chunks/node_modules_next_dist_1e8vcs8._.js:776
[  679137ms] [LOG] [Fast Refresh] done in 14ms @ http://localhost:3000/_next/static/chunks/node_modules_next_dist_1e8vcs8._.js:776
[  679214ms] [LOG] [Fast Refresh] done in 14ms @ http://localhost:3000/_next/static/chunks/node_modules_next_dist_1e8vcs8._.js:776
[  679274ms] [LOG] [Fast Refresh] done in 14ms @ http://localhost:3000/_next/static/chunks/node_modules_next_dist_1e8vcs8._.js:776
[  679335ms] [LOG] [Fast Refresh] done in 14ms @ http://localhost:3000/_next/static/chunks/node_modules_next_dist_1e8vcs8._.js:776
[  679398ms] [LOG] [Fast Refresh] done in 14ms @ http://localhost:3000/_next/static/chunks/node_modules_next_dist_1e8vcs8._.js:776
[  679476ms] [LOG] [Fast Refresh] done in 14ms @ http://localhost:3000/_next/static/chunks/node_modules_next_dist_1e8vcs8._.js:776
[  679537ms] [LOG] [Fast Refresh] done in 14ms @ http://localhost:3000/_next/static/chunks/node_modules_next_dist_1e8vcs8._.js:776
[  679597ms] [LOG] [Fast Refresh] done in 14ms @ http://localhost:3000/_next/static/chunks/node_modules_next_dist_1e8vcs8._.js:776
[  679658ms] [LOG] [Fast Refresh] done in 14ms @ http://localhost:3000/_next/static/chunks/node_modules_next_dist_1e8vcs8._.js:776
[  679720ms] [LOG] [Fast Refresh] done in 14ms @ http://localhost:3000/_next/static/chunks/node_modules_next_dist_1e8vcs8._.js:776
[  679781ms] [LOG] [Fast Refresh] done in 14ms @ http://localhost:3000/_next/static/chunks/node_modules_next_dist_1e8vcs8._.js:776
[  679845ms] [LOG] [Fast Refresh] done in 14ms @ http://localhost:3000/_next/static/chunks/node_modules_next_dist_1e8vcs8._.js:776
[  679906ms] [LOG] [Fast Refresh] done in 14ms @ http://localhost:3000/_next/static/chunks/node_modules_next_dist_1e8vcs8._.js:776
[  679969ms] [LOG] [Fast Refresh] done in 14ms @ http://localhost:3000/_next/static/chunks/node_modules_next_dist_1e8vcs8._.js:776
[  680031ms] [LOG] [Fast Refresh] done in 14ms @ http://localhost:3000/_next/static/chunks/node_modules_next_dist_1e8vcs8._.js:776
[  680095ms] [LOG] [Fast Refresh] done in 14ms @ http://localhost:3000/_next/static/chunks/node_modules_next_dist_1e8vcs8._.js:776
[  680155ms] [LOG] [Fast Refresh] done in 14ms @ http://localhost:3000/_next/static/chunks/node_modules_next_dist_1e8vcs8._.js:776
[  680218ms] [LOG] [Fast Refresh] done in 14ms @ http://localhost:3000/_next/static/chunks/node_modules_next_dist_1e8vcs8._.js:776
[  680280ms] [LOG] [Fast Refresh] done in 14ms @ http://localhost:3000/_next/static/chunks/node_modules_next_dist_1e8vcs8._.js:776
[  680341ms] [LOG] [Fast Refresh] done in 14ms @ http://localhost:3000/_next/static/chunks/node_modules_next_dist_1e8vcs8._.js:776
[  680403ms] [LOG] [Fast Refresh] done in 14ms @ http://localhost:3000/_next/static/chunks/node_modules_next_dist_1e8vcs8._.js:776
[  680467ms] [LOG] [Fast Refresh] done in 14ms @ http://localhost:3000/_next/static/chunks/node_modules_next_dist_1e8vcs8._.js:776
[  680528ms] [LOG] [Fast Refresh] done in 14ms @ http://localhost:3000/_next/static/chunks/node_modules_next_dist_1e8vcs8._.js:776
[  680589ms] [LOG] [Fast Refresh] done in 14ms @ http://localhost:3000/_next/static/chunks/node_modules_next_dist_1e8vcs8._.js:776
[  680636ms] [LOG] [Fast Refresh] done in 14ms @ http://localhost:3000/_next/static/chunks/node_modules_next_dist_1e8vcs8._.js:776
[  680698ms] [LOG] [Fast Refresh] done in 14ms @ http://localhost:3000/_next/static/chunks/node_modules_next_dist_1e8vcs8._.js:776
[  680759ms] [LOG] [Fast Refresh] done in 14ms @ http://localhost:3000/_next/static/chunks/node_modules_next_dist_1e8vcs8._.js:776
[  680821ms] [LOG] [Fast Refresh] done in 14ms @ http://localhost:3000/_next/static/chunks/node_modules_next_dist_1e8vcs8._.js:776
[  680884ms] [LOG] [Fast Refresh] done in 14ms @ http://localhost:3000/_next/static/chunks/node_modules_next_dist_1e8vcs8._.js:776
[  680948ms] [LOG] [Fast Refresh] done in 14ms @ http://localhost:3000/_next/static/chunks/node_modules_next_dist_1e8vcs8._.js:776
[  681010ms] [LOG] [Fast Refresh] done in 14ms @ http://localhost:3000/_next/static/chunks/node_modules_next_dist_1e8vcs8._.js:776
[  681071ms] [LOG] [Fast Refresh] done in 14ms @ http://localhost:3000/_next/static/chunks/node_modules_next_dist_1e8vcs8._.js:776
[  681136ms] [LOG] [Fast Refresh] done in 14ms @ http://localhost:3000/_next/static/chunks/node_modules_next_dist_1e8vcs8._.js:776
[  681197ms] [LOG] [Fast Refresh] done in 14ms @ http://localhost:3000/_next/static/chunks/node_modules_next_dist_1e8vcs8._.js:776
[  681257ms] [LOG] [Fast Refresh] done in 14ms @ http://localhost:3000/_next/static/chunks/node_modules_next_dist_1e8vcs8._.js:776
[  681319ms] [LOG] [Fast Refresh] done in 14ms @ http://localhost:3000/_next/static/chunks/node_modules_next_dist_1e8vcs8._.js:776
[  681383ms] [LOG] [Fast Refresh] done in 14ms @ http://localhost:3000/_next/static/chunks/node_modules_next_dist_1e8vcs8._.js:776
[  681445ms] [LOG] [Fast Refresh] done in 14ms @ http://localhost:3000/_next/static/chunks/node_modules_next_dist_1e8vcs8._.js:776
[  681509ms] [LOG] [Fast Refresh] done in 14ms @ http://localhost:3000/_next/static/chunks/node_modules_next_dist_1e8vcs8._.js:776
[  681571ms] [LOG] [Fast Refresh] done in 14ms @ http://localhost:3000/_next/static/chunks/node_modules_next_dist_1e8vcs8._.js:776
[  681632ms] [LOG] [Fast Refresh] done in 14ms @ http://localhost:3000/_next/static/chunks/node_modules_next_dist_1e8vcs8._.js:776
[  681691ms] [LOG] [Fast Refresh] done in 14ms @ http://localhost:3000/_next/static/chunks/node_modules_next_dist_1e8vcs8._.js:776
[  681753ms] [LOG] [Fast Refresh] done in 14ms @ http://localhost:3000/_next/static/chunks/node_modules_next_dist_1e8vcs8._.js:776
[  681814ms] [LOG] [Fast Refresh] done in 14ms @ http://localhost:3000/_next/static/chunks/node_modules_next_dist_1e8vcs8._.js:776
[  681875ms] [LOG] [Fast Refresh] done in 14ms @ http://localhost:3000/_next/static/chunks/node_modules_next_dist_1e8vcs8._.js:776
[  681936ms] [LOG] [Fast Refresh] done in 14ms @ http://localhost:3000/_next/static/chunks/node_modules_next_dist_1e8vcs8._.js:776
[  681999ms] [LOG] [Fast Refresh] done in 14ms @ http://localhost:3000/_next/static/chunks/node_modules_next_dist_1e8vcs8._.js:776
[  682060ms] [LOG] [Fast Refresh] done in 14ms @ http://localhost:3000/_next/static/chunks/node_modules_next_dist_1e8vcs8._.js:776
[  682122ms] [LOG] [Fast Refresh] done in 14ms @ http://localhost:3000/_next/static/chunks/node_modules_next_dist_1e8vcs8._.js:776
[  682185ms] [LOG] [Fast Refresh] done in 14ms @ http://localhost:3000/_next/static/chunks/node_modules_next_dist_1e8vcs8._.js:776
[  682247ms] [LOG] [Fast Refresh] done in 14ms @ http://localhost:3000/_next/static/chunks/node_modules_next_dist_1e8vcs8._.js:776
[  682308ms] [LOG] [Fast Refresh] done in 14ms @ http://localhost:3000/_next/static/chunks/node_modules_next_dist_1e8vcs8._.js:776
[  682369ms] [LOG] [Fast Refresh] done in 14ms @ http://localhost:3000/_next/static/chunks/node_modules_next_dist_1e8vcs8._.js:776
[  682431ms] [LOG] [Fast Refresh] done in 14ms @ http://localhost:3000/_next/static/chunks/node_modules_next_dist_1e8vcs8._.js:776
[  694871ms] [INFO] %cDownload the React DevTools for a better development experience: https://react.dev/link/react-devtools font-weight:bold @ http://localhost:3000/_next/static/chunks/node_modules_next_dist_1e8vcs8._.js:776
[  694883ms] [LOG] [HMR] connected @ http://localhost:3000/_next/static/chunks/node_modules_next_dist_1e8vcs8._.js:776
[  694952ms] [ERROR] You provided a `value` prop to a form field without an `onChange` handler. This will render a read-only field. If the field should be mutable use `defaultValue`. Otherwise, set either `onChange` or `readOnly`. @ http://localhost:3000/_next/static/chunks/node_modules_next_dist_1e8vcs8._.js:1052
[  694953ms] [ERROR] You provided a `value` prop to a form field without an `onChange` handler. This will render a read-only field. If the field should be mutable use `defaultValue`. Otherwise, set either `onChange` or `readOnly`. @ http://localhost:3000/_next/static/chunks/node_modules_next_dist_1e8vcs8._.js:1052
[  695059ms] [ERROR] Invalid prop `%s` supplied to `React.Fragment`. React.Fragment can only have `key`, `ref`, and `children` props. id @ http://localhost:3000/_next/static/chunks/node_modules_next_dist_1e8vcs8._.js:1052
[  695103ms] [WARNING] THREE.WARNING: Multiple instances of Three.js being imported. @ http://localhost:3000/_next/static/chunks/node_modules_next_dist_1e8vcs8._.js:776
[  695442ms] [WARNING] THREE.Clock: This module has been deprecated. Please use THREE.Timer instead. @ http://localhost:3000/_next/static/chunks/node_modules_next_dist_1e8vcs8._.js:776
[  695454ms] [WARNING] THREE.Clock: This module has been deprecated. Please use THREE.Timer instead. @ http://localhost:3000/_next/static/chunks/node_modules_next_dist_1e8vcs8._.js:776
[  695454ms] [WARNING] THREE.Clock: This module has been deprecated. Please use THREE.Timer instead. @ http://localhost:3000/_next/static/chunks/node_modules_next_dist_1e8vcs8._.js:776
[ 1037553ms] [LOG] [Fast Refresh] rebuilding @ http://localhost:3000/_next/static/chunks/node_modules_next_dist_1e8vcs8._.js:776
[ 1037672ms] [LOG] [Fast Refresh] done in 56ms @ http://localhost:3000/_next/static/chunks/node_modules_next_dist_1e8vcs8._.js:776
[ 1037736ms] [LOG] [Fast Refresh] done in 56ms @ http://localhost:3000/_next/static/chunks/node_modules_next_dist_1e8vcs8._.js:776
[ 1037773ms] [ERROR] Invalid prop `%s` supplied to `React.Fragment`. React.Fragment can only have `key`, `ref`, and `children` props. id @ http://localhost:3000/_next/static/chunks/node_modules_next_dist_1e8vcs8._.js:1052
[ 1037799ms] [WARNING] THREE.Clock: This module has been deprecated. Please use THREE.Timer instead. @ http://localhost:3000/_next/static/chunks/node_modules_next_dist_1e8vcs8._.js:776
[ 1037800ms] [WARNING] THREE.Clock: This module has been deprecated. Please use THREE.Timer instead. @ http://localhost:3000/_next/static/chunks/node_modules_next_dist_1e8vcs8._.js:776
[ 1050048ms] [LOG] [Fast Refresh] rebuilding @ http://localhost:3000/_next/static/chunks/node_modules_next_dist_1e8vcs8._.js:776
[ 1050109ms] [LOG] [Fast Refresh] done in 10ms @ http://localhost:3000/_next/static/chunks/node_modules_next_dist_1e8vcs8._.js:776
[ 1050171ms] [LOG] [Fast Refresh] done in 10ms @ http://localhost:3000/_next/static/chunks/node_modules_next_dist_1e8vcs8._.js:776
[ 1050235ms] [LOG] [Fast Refresh] done in 10ms @ http://localhost:3000/_next/static/chunks/node_modules_next_dist_1e8vcs8._.js:776
[ 1050282ms] [LOG] [Fast Refresh] done in 10ms @ http://localhost:3000/_next/static/chunks/node_modules_next_dist_1e8vcs8._.js:776
[ 1050329ms] [LOG] [Fast Refresh] done in 10ms @ http://localhost:3000/_next/static/chunks/node_modules_next_dist_1e8vcs8._.js:776
[ 1050390ms] [LOG] [Fast Refresh] done in 10ms @ http://localhost:3000/_next/static/chunks/node_modules_next_dist_1e8vcs8._.js:776
[ 1050452ms] [LOG] [Fast Refresh] done in 10ms @ http://localhost:3000/_next/static/chunks/node_modules_next_dist_1e8vcs8._.js:776
[ 1050514ms] [LOG] [Fast Refresh] done in 10ms @ http://localhost:3000/_next/static/chunks/node_modules_next_dist_1e8vcs8._.js:776
[ 1050575ms] [LOG] [Fast Refresh] done in 10ms @ http://localhost:3000/_next/static/chunks/node_modules_next_dist_1e8vcs8._.js:776
[ 1050622ms] [LOG] [Fast Refresh] done in 10ms @ http://localhost:3000/_next/static/chunks/node_modules_next_dist_1e8vcs8._.js:776
[ 1050683ms] [LOG] [Fast Refresh] done in 10ms @ http://localhost:3000/_next/static/chunks/node_modules_next_dist_1e8vcs8._.js:776
[ 1050745ms] [LOG] [Fast Refresh] done in 10ms @ http://localhost:3000/_next/static/chunks/node_modules_next_dist_1e8vcs8._.js:776
[ 1050807ms] [LOG] [Fast Refresh] done in 10ms @ http://localhost:3000/_next/static/chunks/node_modules_next_dist_1e8vcs8._.js:776
[ 1050869ms] [LOG] [Fast Refresh] done in 10ms @ http://localhost:3000/_next/static/chunks/node_modules_next_dist_1e8vcs8._.js:776
[ 1050932ms] [LOG] [Fast Refresh] done in 10ms @ http://localhost:3000/_next/static/chunks/node_modules_next_dist_1e8vcs8._.js:776
[ 1050994ms] [LOG] [Fast Refresh] done in 10ms @ http://localhost:3000/_next/static/chunks/node_modules_next_dist_1e8vcs8._.js:776
[ 1051056ms] [LOG] [Fast Refresh] done in 10ms @ http://localhost:3000/_next/static/chunks/node_modules_next_dist_1e8vcs8._.js:776
[ 1051117ms] [LOG] [Fast Refresh] done in 10ms @ http://localhost:3000/_next/static/chunks/node_modules_next_dist_1e8vcs8._.js:776
[ 1051179ms] [LOG] [Fast Refresh] done in 10ms @ http://localhost:3000/_next/static/chunks/node_modules_next_dist_1e8vcs8._.js:776
[ 1051242ms] [LOG] [Fast Refresh] done in 10ms @ http://localhost:3000/_next/static/chunks/node_modules_next_dist_1e8vcs8._.js:776
[ 1051303ms] [LOG] [Fast Refresh] done in 10ms @ http://localhost:3000/_next/static/chunks/node_modules_next_dist_1e8vcs8._.js:776
[ 1051365ms] [LOG] [Fast Refresh] done in 10ms @ http://localhost:3000/_next/static/chunks/node_modules_next_dist_1e8vcs8._.js:776
[ 1051428ms] [LOG] [Fast Refresh] done in 10ms @ http://localhost:3000/_next/static/chunks/node_modules_next_dist_1e8vcs8._.js:776
[ 1051489ms] [LOG] [Fast Refresh] done in 10ms @ http://localhost:3000/_next/static/chunks/node_modules_next_dist_1e8vcs8._.js:776
[ 1051551ms] [LOG] [Fast Refresh] done in 10ms @ http://localhost:3000/_next/static/chunks/node_modules_next_dist_1e8vcs8._.js:776
[ 1051598ms] [LOG] [Fast Refresh] done in 10ms @ http://localhost:3000/_next/static/chunks/node_modules_next_dist_1e8vcs8._.js:776
[ 1051645ms] [LOG] [Fast Refresh] done in 10ms @ http://localhost:3000/_next/static/chunks/node_modules_next_dist_1e8vcs8._.js:776
[ 1051707ms] [LOG] [Fast Refresh] done in 10ms @ http://localhost:3000/_next/static/chunks/node_modules_next_dist_1e8vcs8._.js:776
[ 1051756ms] [LOG] [Fast Refresh] done in 10ms @ http://localhost:3000/_next/static/chunks/node_modules_next_dist_1e8vcs8._.js:776
[ 1051819ms] [LOG] [Fast Refresh] done in 10ms @ http://localhost:3000/_next/static/chunks/node_modules_next_dist_1e8vcs8._.js:776
[ 1051881ms] [LOG] [Fast Refresh] done in 10ms @ http://localhost:3000/_next/static/chunks/node_modules_next_dist_1e8vcs8._.js:776
[ 1051942ms] [LOG] [Fast Refresh] done in 10ms @ http://localhost:3000/_next/static/chunks/node_modules_next_dist_1e8vcs8._.js:776
[ 1052004ms] [LOG] [Fast Refresh] done in 10ms @ http://localhost:3000/_next/static/chunks/node_modules_next_dist_1e8vcs8._.js:776
[ 1052067ms] [LOG] [Fast Refresh] done in 10ms @ http://localhost:3000/_next/static/chunks/node_modules_next_dist_1e8vcs8._.js:776
[ 1052128ms] [LOG] [Fast Refresh] done in 10ms @ http://localhost:3000/_next/static/chunks/node_modules_next_dist_1e8vcs8._.js:776
[ 1052190ms] [LOG] [Fast Refresh] done in 10ms @ http://localhost:3000/_next/static/chunks/node_modules_next_dist_1e8vcs8._.js:776
[ 1052238ms] [LOG] [Fast Refresh] done in 10ms @ http://localhost:3000/_next/static/chunks/node_modules_next_dist_1e8vcs8._.js:776
[ 1052300ms] [LOG] [Fast Refresh] done in 10ms @ http://localhost:3000/_next/static/chunks/node_modules_next_dist_1e8vcs8._.js:776
[ 1052363ms] [LOG] [Fast Refresh] done in 10ms @ http://localhost:3000/_next/static/chunks/node_modules_next_dist_1e8vcs8._.js:776
[ 1052426ms] [LOG] [Fast Refresh] done in 10ms @ http://localhost:3000/_next/static/chunks/node_modules_next_dist_1e8vcs8._.js:776
[ 1052487ms] [LOG] [Fast Refresh] done in 10ms @ http://localhost:3000/_next/static/chunks/node_modules_next_dist_1e8vcs8._.js:776
[ 1052549ms] [LOG] [Fast Refresh] done in 10ms @ http://localhost:3000/_next/static/chunks/node_modules_next_dist_1e8vcs8._.js:776
[ 1052611ms] [LOG] [Fast Refresh] done in 10ms @ http://localhost:3000/_next/static/chunks/node_modules_next_dist_1e8vcs8._.js:776
[ 1052674ms] [LOG] [Fast Refresh] done in 10ms @ http://localhost:3000/_next/static/chunks/node_modules_next_dist_1e8vcs8._.js:776
[ 1052736ms] [LOG] [Fast Refresh] done in 10ms @ http://localhost:3000/_next/static/chunks/node_modules_next_dist_1e8vcs8._.js:776
[ 1052796ms] [LOG] [Fast Refresh] done in 10ms @ http://localhost:3000/_next/static/chunks/node_modules_next_dist_1e8vcs8._.js:776
[ 1052857ms] [LOG] [Fast Refresh] done in 10ms @ http://localhost:3000/_next/static/chunks/node_modules_next_dist_1e8vcs8._.js:776
[ 1052918ms] [LOG] [Fast Refresh] done in 10ms @ http://localhost:3000/_next/static/chunks/node_modules_next_dist_1e8vcs8._.js:776
[ 1052967ms] [LOG] [Fast Refresh] done in 10ms @ http://localhost:3000/_next/static/chunks/node_modules_next_dist_1e8vcs8._.js:776
[ 1053028ms] [LOG] [Fast Refresh] done in 10ms @ http://localhost:3000/_next/static/chunks/node_modules_next_dist_1e8vcs8._.js:776
[ 1053090ms] [LOG] [Fast Refresh] done in 10ms @ http://localhost:3000/_next/static/chunks/node_modules_next_dist_1e8vcs8._.js:776
[ 1053150ms] [LOG] [Fast Refresh] done in 10ms @ http://localhost:3000/_next/static/chunks/node_modules_next_dist_1e8vcs8._.js:776
[ 1053212ms] [LOG] [Fast Refresh] done in 10ms @ http://localhost:3000/_next/static/chunks/node_modules_next_dist_1e8vcs8._.js:776
[ 1053275ms] [LOG] [Fast Refresh] done in 10ms @ http://localhost:3000/_next/static/chunks/node_modules_next_dist_1e8vcs8._.js:776
[ 1053336ms] [LOG] [Fast Refresh] done in 10ms @ http://localhost:3000/_next/static/chunks/node_modules_next_dist_1e8vcs8._.js:776
[ 1053400ms] [LOG] [Fast Refresh] done in 10ms @ http://localhost:3000/_next/static/chunks/node_modules_next_dist_1e8vcs8._.js:776
[ 1053446ms] [LOG] [Fast Refresh] done in 10ms @ http://localhost:3000/_next/static/chunks/node_modules_next_dist_1e8vcs8._.js:776
[ 1053507ms] [LOG] [Fast Refresh] done in 10ms @ http://localhost:3000/_next/static/chunks/node_modules_next_dist_1e8vcs8._.js:776
[ 1053569ms] [LOG] [Fast Refresh] done in 10ms @ http://localhost:3000/_next/static/chunks/node_modules_next_dist_1e8vcs8._.js:776
[ 1053630ms] [LOG] [Fast Refresh] done in 10ms @ http://localhost:3000/_next/static/chunks/node_modules_next_dist_1e8vcs8._.js:776
[ 1053690ms] [LOG] [Fast Refresh] done in 10ms @ http://localhost:3000/_next/static/chunks/node_modules_next_dist_1e8vcs8._.js:776
[ 1053753ms] [LOG] [Fast Refresh] done in 10ms @ http://localhost:3000/_next/static/chunks/node_modules_next_dist_1e8vcs8._.js:776
[ 1053800ms] [LOG] [Fast Refresh] done in 10ms @ http://localhost:3000/_next/static/chunks/node_modules_next_dist_1e8vcs8._.js:776
[ 1053862ms] [LOG] [Fast Refresh] done in 10ms @ http://localhost:3000/_next/static/chunks/node_modules_next_dist_1e8vcs8._.js:776
[ 1053924ms] [LOG] [Fast Refresh] done in 10ms @ http://localhost:3000/_next/static/chunks/node_modules_next_dist_1e8vcs8._.js:776
[ 1053986ms] [LOG] [Fast Refresh] done in 10ms @ http://localhost:3000/_next/static/chunks/node_modules_next_dist_1e8vcs8._.js:776
[ 1054033ms] [LOG] [Fast Refresh] done in 10ms @ http://localhost:3000/_next/static/chunks/node_modules_next_dist_1e8vcs8._.js:776
[ 1054096ms] [LOG] [Fast Refresh] done in 10ms @ http://localhost:3000/_next/static/chunks/node_modules_next_dist_1e8vcs8._.js:776
[ 1054158ms] [LOG] [Fast Refresh] done in 10ms @ http://localhost:3000/_next/static/chunks/node_modules_next_dist_1e8vcs8._.js:776
[ 1054220ms] [LOG] [Fast Refresh] done in 10ms @ http://localhost:3000/_next/static/chunks/node_modules_next_dist_1e8vcs8._.js:776
[ 1054266ms] [LOG] [Fast Refresh] done in 10ms @ http://localhost:3000/_next/static/chunks/node_modules_next_dist_1e8vcs8._.js:776
[ 1054330ms] [LOG] [Fast Refresh] done in 10ms @ http://localhost:3000/_next/static/chunks/node_modules_next_dist_1e8vcs8._.js:776
[ 1054393ms] [LOG] [Fast Refresh] done in 10ms @ http://localhost:3000/_next/static/chunks/node_modules_next_dist_1e8vcs8._.js:776
[ 1054456ms] [LOG] [Fast Refresh] done in 10ms @ http://localhost:3000/_next/static/chunks/node_modules_next_dist_1e8vcs8._.js:776
[ 1054519ms] [LOG] [Fast Refresh] done in 10ms @ http://localhost:3000/_next/static/chunks/node_modules_next_dist_1e8vcs8._.js:776
[ 1054580ms] [LOG] [Fast Refresh] done in 10ms @ http://localhost:3000/_next/static/chunks/node_modules_next_dist_1e8vcs8._.js:776
[ 1054629ms] [LOG] [Fast Refresh] done in 10ms @ http://localhost:3000/_next/static/chunks/node_modules_next_dist_1e8vcs8._.js:776
[ 1054690ms] [LOG] [Fast Refresh] done in 10ms @ http://localhost:3000/_next/static/chunks/node_modules_next_dist_1e8vcs8._.js:776
[ 1054750ms] [LOG] [Fast Refresh] done in 10ms @ http://localhost:3000/_next/static/chunks/node_modules_next_dist_1e8vcs8._.js:776
[ 1054797ms] [LOG] [Fast Refresh] done in 10ms @ http://localhost:3000/_next/static/chunks/node_modules_next_dist_1e8vcs8._.js:776
[ 1054857ms] [LOG] [Fast Refresh] done in 10ms @ http://localhost:3000/_next/static/chunks/node_modules_next_dist_1e8vcs8._.js:776
[ 1054920ms] [LOG] [Fast Refresh] done in 10ms @ http://localhost:3000/_next/static/chunks/node_modules_next_dist_1e8vcs8._.js:776
[ 1054982ms] [LOG] [Fast Refresh] done in 10ms @ http://localhost:3000/_next/static/chunks/node_modules_next_dist_1e8vcs8._.js:776
[ 1055044ms] [LOG] [Fast Refresh] done in 10ms @ http://localhost:3000/_next/static/chunks/node_modules_next_dist_1e8vcs8._.js:776
[ 1055106ms] [LOG] [Fast Refresh] done in 10ms @ http://localhost:3000/_next/static/chunks/node_modules_next_dist_1e8vcs8._.js:776
[ 1055168ms] [LOG] [Fast Refresh] done in 10ms @ http://localhost:3000/_next/static/chunks/node_modules_next_dist_1e8vcs8._.js:776
[ 1055230ms] [LOG] [Fast Refresh] done in 10ms @ http://localhost:3000/_next/static/chunks/node_modules_next_dist_1e8vcs8._.js:776
[ 1055292ms] [LOG] [Fast Refresh] done in 10ms @ http://localhost:3000/_next/static/chunks/node_modules_next_dist_1e8vcs8._.js:776
[ 1055352ms] [LOG] [Fast Refresh] done in 10ms @ http://localhost:3000/_next/static/chunks/node_modules_next_dist_1e8vcs8._.js:776
[ 1055400ms] [LOG] [Fast Refresh] done in 10ms @ http://localhost:3000/_next/static/chunks/node_modules_next_dist_1e8vcs8._.js:776
[ 1055462ms] [LOG] [Fast Refresh] done in 10ms @ http://localhost:3000/_next/static/chunks/node_modules_next_dist_1e8vcs8._.js:776
[ 1055525ms] [LOG] [Fast Refresh] done in 10ms @ http://localhost:3000/_next/static/chunks/node_modules_next_dist_1e8vcs8._.js:776
[ 1055587ms] [LOG] [Fast Refresh] done in 10ms @ http://localhost:3000/_next/static/chunks/node_modules_next_dist_1e8vcs8._.js:776
[ 1055650ms] [LOG] [Fast Refresh] done in 10ms @ http://localhost:3000/_next/static/chunks/node_modules_next_dist_1e8vcs8._.js:776
[ 1055713ms] [LOG] [Fast Refresh] done in 10ms @ http://localhost:3000/_next/static/chunks/node_modules_next_dist_1e8vcs8._.js:776
[ 1055774ms] [LOG] [Fast Refresh] done in 10ms @ http://localhost:3000/_next/static/chunks/node_modules_next_dist_1e8vcs8._.js:776
[ 1055837ms] [LOG] [Fast Refresh] done in 10ms @ http://localhost:3000/_next/static/chunks/node_modules_next_dist_1e8vcs8._.js:776
[ 1055900ms] [LOG] [Fast Refresh] done in 10ms @ http://localhost:3000/_next/static/chunks/node_modules_next_dist_1e8vcs8._.js:776
[ 1055962ms] [LOG] [Fast Refresh] done in 10ms @ http://localhost:3000/_next/static/chunks/node_modules_next_dist_1e8vcs8._.js:776
[ 1056024ms] [LOG] [Fast Refresh] done in 10ms @ http://localhost:3000/_next/static/chunks/node_modules_next_dist_1e8vcs8._.js:776
[ 1056088ms] [LOG] [Fast Refresh] done in 10ms @ http://localhost:3000/_next/static/chunks/node_modules_next_dist_1e8vcs8._.js:776
[ 1056136ms] [LOG] [Fast Refresh] done in 10ms @ http://localhost:3000/_next/static/chunks/node_modules_next_dist_1e8vcs8._.js:776
[ 1056196ms] [LOG] [Fast Refresh] done in 10ms @ http://localhost:3000/_next/static/chunks/node_modules_next_dist_1e8vcs8._.js:776
[ 1056257ms] [LOG] [Fast Refresh] done in 10ms @ http://localhost:3000/_next/static/chunks/node_modules_next_dist_1e8vcs8._.js:776
[ 1056319ms] [LOG] [Fast Refresh] done in 10ms @ http://localhost:3000/_next/static/chunks/node_modules_next_dist_1e8vcs8._.js:776
[ 1056381ms] [LOG] [Fast Refresh] done in 10ms @ http://localhost:3000/_next/static/chunks/node_modules_next_dist_1e8vcs8._.js:776
[ 1056442ms] [LOG] [Fast Refresh] done in 10ms @ http://localhost:3000/_next/static/chunks/node_modules_next_dist_1e8vcs8._.js:776
[ 1056503ms] [LOG] [Fast Refresh] done in 10ms @ http://localhost:3000/_next/static/chunks/node_modules_next_dist_1e8vcs8._.js:776
[ 1056567ms] [LOG] [Fast Refresh] done in 10ms @ http://localhost:3000/_next/static/chunks/node_modules_next_dist_1e8vcs8._.js:776
[ 1056629ms] [LOG] [Fast Refresh] done in 10ms @ http://localhost:3000/_next/static/chunks/node_modules_next_dist_1e8vcs8._.js:776
[ 1056690ms] [LOG] [Fast Refresh] done in 10ms @ http://localhost:3000/_next/static/chunks/node_modules_next_dist_1e8vcs8._.js:776
[ 1056753ms] [LOG] [Fast Refresh] done in 10ms @ http://localhost:3000/_next/static/chunks/node_modules_next_dist_1e8vcs8._.js:776
[ 1056814ms] [LOG] [Fast Refresh] done in 10ms @ http://localhost:3000/_next/static/chunks/node_modules_next_dist_1e8vcs8._.js:776
[ 1056876ms] [LOG] [Fast Refresh] done in 10ms @ http://localhost:3000/_next/static/chunks/node_modules_next_dist_1e8vcs8._.js:776
[ 1056937ms] [LOG] [Fast Refresh] done in 10ms @ http://localhost:3000/_next/static/chunks/node_modules_next_dist_1e8vcs8._.js:776
[ 1057000ms] [LOG] [Fast Refresh] done in 10ms @ http://localhost:3000/_next/static/chunks/node_modules_next_dist_1e8vcs8._.js:776
[ 1057060ms] [LOG] [Fast Refresh] done in 10ms @ http://localhost:3000/_next/static/chunks/node_modules_next_dist_1e8vcs8._.js:776
[ 1057122ms] [LOG] [Fast Refresh] done in 10ms @ http://localhost:3000/_next/static/chunks/node_modules_next_dist_1e8vcs8._.js:776
[ 1057182ms] [LOG] [Fast Refresh] done in 10ms @ http://localhost:3000/_next/static/chunks/node_modules_next_dist_1e8vcs8._.js:776
[ 1057242ms] [LOG] [Fast Refresh] done in 10ms @ http://localhost:3000/_next/static/chunks/node_modules_next_dist_1e8vcs8._.js:776
[ 1057304ms] [LOG] [Fast Refresh] done in 10ms @ http://localhost:3000/_next/static/chunks/node_modules_next_dist_1e8vcs8._.js:776
[ 1057366ms] [LOG] [Fast Refresh] done in 10ms @ http://localhost:3000/_next/static/chunks/node_modules_next_dist_1e8vcs8._.js:776
[ 1057426ms] [LOG] [Fast Refresh] done in 10ms @ http://localhost:3000/_next/static/chunks/node_modules_next_dist_1e8vcs8._.js:776
[ 1057488ms] [LOG] [Fast Refresh] done in 10ms @ http://localhost:3000/_next/static/chunks/node_modules_next_dist_1e8vcs8._.js:776
[ 1057551ms] [LOG] [Fast Refresh] done in 10ms @ http://localhost:3000/_next/static/chunks/node_modules_next_dist_1e8vcs8._.js:776
[ 1057614ms] [LOG] [Fast Refresh] done in 10ms @ http://localhost:3000/_next/static/chunks/node_modules_next_dist_1e8vcs8._.js:776
[ 1057662ms] [LOG] [Fast Refresh] done in 10ms @ http://localhost:3000/_next/static/chunks/node_modules_next_dist_1e8vcs8._.js:776
[ 1057711ms] [LOG] [Fast Refresh] done in 10ms @ http://localhost:3000/_next/static/chunks/node_modules_next_dist_1e8vcs8._.js:776
[ 1057772ms] [LOG] [Fast Refresh] done in 10ms @ http://localhost:3000/_next/static/chunks/node_modules_next_dist_1e8vcs8._.js:776
[ 1057834ms] [LOG] [Fast Refresh] done in 10ms @ http://localhost:3000/_next/static/chunks/node_modules_next_dist_1e8vcs8._.js:776
[ 1057895ms] [LOG] [Fast Refresh] done in 10ms @ http://localhost:3000/_next/static/chunks/node_modules_next_dist_1e8vcs8._.js:776
[ 1057958ms] [LOG] [Fast Refresh] done in 10ms @ http://localhost:3000/_next/static/chunks/node_modules_next_dist_1e8vcs8._.js:776
[ 1058018ms] [LOG] [Fast Refresh] done in 10ms @ http://localhost:3000/_next/static/chunks/node_modules_next_dist_1e8vcs8._.js:776
[ 1058080ms] [LOG] [Fast Refresh] done in 10ms @ http://localhost:3000/_next/static/chunks/node_modules_next_dist_1e8vcs8._.js:776
[ 1058142ms] [LOG] [Fast Refresh] done in 10ms @ http://localhost:3000/_next/static/chunks/node_modules_next_dist_1e8vcs8._.js:776
[ 1058191ms] [LOG] [Fast Refresh] done in 10ms @ http://localhost:3000/_next/static/chunks/node_modules_next_dist_1e8vcs8._.js:776
[ 1058251ms] [LOG] [Fast Refresh] done in 10ms @ http://localhost:3000/_next/static/chunks/node_modules_next_dist_1e8vcs8._.js:776
[ 1058313ms] [LOG] [Fast Refresh] done in 10ms @ http://localhost:3000/_next/static/chunks/node_modules_next_dist_1e8vcs8._.js:776
[ 1058361ms] [LOG] [Fast Refresh] done in 10ms @ http://localhost:3000/_next/static/chunks/node_modules_next_dist_1e8vcs8._.js:776
[ 1058422ms] [LOG] [Fast Refresh] done in 10ms @ http://localhost:3000/_next/static/chunks/node_modules_next_dist_1e8vcs8._.js:776
[ 1058500ms] [LOG] [Fast Refresh] done in 10ms @ http://localhost:3000/_next/static/chunks/node_modules_next_dist_1e8vcs8._.js:776
[ 1058562ms] [LOG] [Fast Refresh] done in 10ms @ http://localhost:3000/_next/static/chunks/node_modules_next_dist_1e8vcs8._.js:776
[ 1058624ms] [LOG] [Fast Refresh] done in 10ms @ http://localhost:3000/_next/static/chunks/node_modules_next_dist_1e8vcs8._.js:776
[ 1058686ms] [LOG] [Fast Refresh] done in 10ms @ http://localhost:3000/_next/static/chunks/node_modules_next_dist_1e8vcs8._.js:776
[ 1058748ms] [LOG] [Fast Refresh] done in 10ms @ http://localhost:3000/_next/static/chunks/node_modules_next_dist_1e8vcs8._.js:776
[ 1058812ms] [LOG] [Fast Refresh] done in 10ms @ http://localhost:3000/_next/static/chunks/node_modules_next_dist_1e8vcs8._.js:776
[ 1058873ms] [LOG] [Fast Refresh] done in 10ms @ http://localhost:3000/_next/static/chunks/node_modules_next_dist_1e8vcs8._.js:776
[ 1058936ms] [LOG] [Fast Refresh] done in 10ms @ http://localhost:3000/_next/static/chunks/node_modules_next_dist_1e8vcs8._.js:776
[ 1058996ms] [LOG] [Fast Refresh] done in 10ms @ http://localhost:3000/_next/static/chunks/node_modules_next_dist_1e8vcs8._.js:776
[ 1059058ms] [LOG] [Fast Refresh] done in 10ms @ http://localhost:3000/_next/static/chunks/node_modules_next_dist_1e8vcs8._.js:776
[ 1059119ms] [LOG] [Fast Refresh] done in 10ms @ http://localhost:3000/_next/static/chunks/node_modules_next_dist_1e8vcs8._.js:776
[ 1059180ms] [LOG] [Fast Refresh] done in 10ms @ http://localhost:3000/_next/static/chunks/node_modules_next_dist_1e8vcs8._.js:776
[ 1059242ms] [LOG] [Fast Refresh] done in 10ms @ http://localhost:3000/_next/static/chunks/node_modules_next_dist_1e8vcs8._.js:776
[ 1059305ms] [LOG] [Fast Refresh] done in 10ms @ http://localhost:3000/_next/static/chunks/node_modules_next_dist_1e8vcs8._.js:776
[ 1059353ms] [LOG] [Fast Refresh] done in 10ms @ http://localhost:3000/_next/static/chunks/node_modules_next_dist_1e8vcs8._.js:776
[ 1059400ms] [LOG] [Fast Refresh] done in 10ms @ http://localhost:3000/_next/static/chunks/node_modules_next_dist_1e8vcs8._.js:776
[ 1059465ms] [LOG] [Fast Refresh] done in 10ms @ http://localhost:3000/_next/static/chunks/node_modules_next_dist_1e8vcs8._.js:776
[ 1059528ms] [LOG] [Fast Refresh] done in 10ms @ http://localhost:3000/_next/static/chunks/node_modules_next_dist_1e8vcs8._.js:776
[ 1059590ms] [LOG] [Fast Refresh] done in 10ms @ http://localhost:3000/_next/static/chunks/node_modules_next_dist_1e8vcs8._.js:776
[ 1059652ms] [LOG] [Fast Refresh] done in 10ms @ http://localhost:3000/_next/static/chunks/node_modules_next_dist_1e8vcs8._.js:776
[ 1059699ms] [LOG] [Fast Refresh] done in 10ms @ http://localhost:3000/_next/static/chunks/node_modules_next_dist_1e8vcs8._.js:776
[ 1059761ms] [LOG] [Fast Refresh] done in 10ms @ http://localhost:3000/_next/static/chunks/node_modules_next_dist_1e8vcs8._.js:776
[ 1059825ms] [LOG] [Fast Refresh] done in 10ms @ http://localhost:3000/_next/static/chunks/node_modules_next_dist_1e8vcs8._.js:776
[ 1059887ms] [LOG] [Fast Refresh] done in 10ms @ http://localhost:3000/_next/static/chunks/node_modules_next_dist_1e8vcs8._.js:776
[ 1059949ms] [LOG] [Fast Refresh] done in 10ms @ http://localhost:3000/_next/static/chunks/node_modules_next_dist_1e8vcs8._.js:776
[ 1060011ms] [LOG] [Fast Refresh] done in 10ms @ http://localhost:3000/_next/static/chunks/node_modules_next_dist_1e8vcs8._.js:776
[ 1060073ms] [LOG] [Fast Refresh] done in 10ms @ http://localhost:3000/_next/static/chunks/node_modules_next_dist_1e8vcs8._.js:776
[ 1060136ms] [LOG] [Fast Refresh] done in 10ms @ http://localhost:3000/_next/static/chunks/node_modules_next_dist_1e8vcs8._.js:776
[ 1060199ms] [LOG] [Fast Refresh] done in 10ms @ http://localhost:3000/_next/static/chunks/node_modules_next_dist_1e8vcs8._.js:776
[ 1060262ms] [LOG] [Fast Refresh] done in 10ms @ http://localhost:3000/_next/static/chunks/node_modules_next_dist_1e8vcs8._.js:776
[ 1060325ms] [LOG] [Fast Refresh] done in 10ms @ http://localhost:3000/_next/static/chunks/node_modules_next_dist_1e8vcs8._.js:776
[ 1060372ms] [LOG] [Fast Refresh] done in 10ms @ http://localhost:3000/_next/static/chunks/node_modules_next_dist_1e8vcs8._.js:776
[ 1060433ms] [LOG] [Fast Refresh] done in 10ms @ http://localhost:3000/_next/static/chunks/node_modules_next_dist_1e8vcs8._.js:776
[ 1060495ms] [LOG] [Fast Refresh] done in 10ms @ http://localhost:3000/_next/static/chunks/node_modules_next_dist_1e8vcs8._.js:776
[ 1060557ms] [LOG] [Fast Refresh] done in 10ms @ http://localhost:3000/_next/static/chunks/node_modules_next_dist_1e8vcs8._.js:776
[ 1060620ms] [LOG] [Fast Refresh] done in 10ms @ http://localhost:3000/_next/static/chunks/node_modules_next_dist_1e8vcs8._.js:776
[ 1060682ms] [LOG] [Fast Refresh] done in 10ms @ http://localhost:3000/_next/static/chunks/node_modules_next_dist_1e8vcs8._.js:776
[ 1060745ms] [LOG] [Fast Refresh] done in 10ms @ http://localhost:3000/_next/static/chunks/node_modules_next_dist_1e8vcs8._.js:776
[ 1060806ms] [LOG] [Fast Refresh] done in 10ms @ http://localhost:3000/_next/static/chunks/node_modules_next_dist_1e8vcs8._.js:776
[ 1060869ms] [LOG] [Fast Refresh] done in 10ms @ http://localhost:3000/_next/static/chunks/node_modules_next_dist_1e8vcs8._.js:776
[ 1060931ms] [LOG] [Fast Refresh] done in 10ms @ http://localhost:3000/_next/static/chunks/node_modules_next_dist_1e8vcs8._.js:776
[ 1060991ms] [LOG] [Fast Refresh] done in 10ms @ http://localhost:3000/_next/static/chunks/node_modules_next_dist_1e8vcs8._.js:776
[ 1061054ms] [LOG] [Fast Refresh] done in 10ms @ http://localhost:3000/_next/static/chunks/node_modules_next_dist_1e8vcs8._.js:776
[ 1061117ms] [LOG] [Fast Refresh] done in 10ms @ http://localhost:3000/_next/static/chunks/node_modules_next_dist_1e8vcs8._.js:776
[ 1061179ms] [LOG] [Fast Refresh] done in 10ms @ http://localhost:3000/_next/static/chunks/node_modules_next_dist_1e8vcs8._.js:776
[ 1061240ms] [LOG] [Fast Refresh] done in 10ms @ http://localhost:3000/_next/static/chunks/node_modules_next_dist_1e8vcs8._.js:776
[ 1061301ms] [LOG] [Fast Refresh] done in 10ms @ http://localhost:3000/_next/static/chunks/node_modules_next_dist_1e8vcs8._.js:776
[ 1061363ms] [LOG] [Fast Refresh] done in 10ms @ http://localhost:3000/_next/static/chunks/node_modules_next_dist_1e8vcs8._.js:776
[ 1061426ms] [LOG] [Fast Refresh] done in 10ms @ http://localhost:3000/_next/static/chunks/node_modules_next_dist_1e8vcs8._.js:776
[ 1061489ms] [LOG] [Fast Refresh] done in 10ms @ http://localhost:3000/_next/static/chunks/node_modules_next_dist_1e8vcs8._.js:776
[ 1061552ms] [LOG] [Fast Refresh] done in 10ms @ http://localhost:3000/_next/static/chunks/node_modules_next_dist_1e8vcs8._.js:776
[ 1061614ms] [LOG] [Fast Refresh] done in 10ms @ http://localhost:3000/_next/static/chunks/node_modules_next_dist_1e8vcs8._.js:776
[ 1061662ms] [LOG] [Fast Refresh] done in 10ms @ http://localhost:3000/_next/static/chunks/node_modules_next_dist_1e8vcs8._.js:776
[ 1061724ms] [LOG] [Fast Refresh] done in 10ms @ http://localhost:3000/_next/static/chunks/node_modules_next_dist_1e8vcs8._.js:776
[ 1061784ms] [LOG] [Fast Refresh] done in 10ms @ http://localhost:3000/_next/static/chunks/node_modules_next_dist_1e8vcs8._.js:776
[ 1061846ms] [LOG] [Fast Refresh] done in 10ms @ http://localhost:3000/_next/static/chunks/node_modules_next_dist_1e8vcs8._.js:776
[ 1061909ms] [LOG] [Fast Refresh] done in 10ms @ http://localhost:3000/_next/static/chunks/node_modules_next_dist_1e8vcs8._.js:776
[ 1061971ms] [LOG] [Fast Refresh] done in 10ms @ http://localhost:3000/_next/static/chunks/node_modules_next_dist_1e8vcs8._.js:776
[ 1062018ms] [LOG] [Fast Refresh] done in 10ms @ http://localhost:3000/_next/static/chunks/node_modules_next_dist_1e8vcs8._.js:776
[ 1062079ms] [LOG] [Fast Refresh] done in 10ms @ http://localhost:3000/_next/static/chunks/node_modules_next_dist_1e8vcs8._.js:776
[ 1062140ms] [LOG] [Fast Refresh] done in 10ms @ http://localhost:3000/_next/static/chunks/node_modules_next_dist_1e8vcs8._.js:776
[ 1062201ms] [LOG] [Fast Refresh] done in 10ms @ http://localhost:3000/_next/static/chunks/node_modules_next_dist_1e8vcs8._.js:776
[ 1062262ms] [LOG] [Fast Refresh] done in 10ms @ http://localhost:3000/_next/static/chunks/node_modules_next_dist_1e8vcs8._.js:776
[ 1062322ms] [LOG] [Fast Refresh] done in 10ms @ http://localhost:3000/_next/static/chunks/node_modules_next_dist_1e8vcs8._.js:776
[ 1062383ms] [LOG] [Fast Refresh] done in 10ms @ http://localhost:3000/_next/static/chunks/node_modules_next_dist_1e8vcs8._.js:776
[ 1062445ms] [LOG] [Fast Refresh] done in 10ms @ http://localhost:3000/_next/static/chunks/node_modules_next_dist_1e8vcs8._.js:776
[ 1062506ms] [LOG] [Fast Refresh] done in 10ms @ http://localhost:3000/_next/static/chunks/node_modules_next_dist_1e8vcs8._.js:776
[ 1062567ms] [LOG] [Fast Refresh] done in 10ms @ http://localhost:3000/_next/static/chunks/node_modules_next_dist_1e8vcs8._.js:776
[ 1062628ms] [LOG] [Fast Refresh] done in 10ms @ http://localhost:3000/_next/static/chunks/node_modules_next_dist_1e8vcs8._.js:776
[ 1062689ms] [LOG] [Fast Refresh] done in 10ms @ http://localhost:3000/_next/static/chunks/node_modules_next_dist_1e8vcs8._.js:776
[ 1062751ms] [LOG] [Fast Refresh] done in 10ms @ http://localhost:3000/_next/static/chunks/node_modules_next_dist_1e8vcs8._.js:776
[ 1062812ms] [LOG] [Fast Refresh] done in 10ms @ http://localhost:3000/_next/static/chunks/node_modules_next_dist_1e8vcs8._.js:776
[ 1062875ms] [LOG] [Fast Refresh] done in 10ms @ http://localhost:3000/_next/static/chunks/node_modules_next_dist_1e8vcs8._.js:776
[ 1062937ms] [LOG] [Fast Refresh] done in 10ms @ http://localhost:3000/_next/static/chunks/node_modules_next_dist_1e8vcs8._.js:776
[ 1062999ms] [LOG] [Fast Refresh] done in 10ms @ http://localhost:3000/_next/static/chunks/node_modules_next_dist_1e8vcs8._.js:776
[ 1063061ms] [LOG] [Fast Refresh] done in 10ms @ http://localhost:3000/_next/static/chunks/node_modules_next_dist_1e8vcs8._.js:776
[ 1063122ms] [LOG] [Fast Refresh] done in 10ms @ http://localhost:3000/_next/static/chunks/node_modules_next_dist_1e8vcs8._.js:776
[ 1063186ms] [LOG] [Fast Refresh] done in 10ms @ http://localhost:3000/_next/static/chunks/node_modules_next_dist_1e8vcs8._.js:776
[ 1063247ms] [LOG] [Fast Refresh] done in 10ms @ http://localhost:3000/_next/static/chunks/node_modules_next_dist_1e8vcs8._.js:776
[ 1063309ms] [LOG] [Fast Refresh] done in 10ms @ http://localhost:3000/_next/static/chunks/node_modules_next_dist_1e8vcs8._.js:776
[ 1063356ms] [LOG] [Fast Refresh] done in 10ms @ http://localhost:3000/_next/static/chunks/node_modules_next_dist_1e8vcs8._.js:776
[ 1063418ms] [LOG] [Fast Refresh] done in 10ms @ http://localhost:3000/_next/static/chunks/node_modules_next_dist_1e8vcs8._.js:776
[ 1063480ms] [LOG] [Fast Refresh] done in 10ms @ http://localhost:3000/_next/static/chunks/node_modules_next_dist_1e8vcs8._.js:776
[ 1063543ms] [LOG] [Fast Refresh] done in 10ms @ http://localhost:3000/_next/static/chunks/node_modules_next_dist_1e8vcs8._.js:776
[ 1063605ms] [LOG] [Fast Refresh] done in 10ms @ http://localhost:3000/_next/static/chunks/node_modules_next_dist_1e8vcs8._.js:776
[ 1063667ms] [LOG] [Fast Refresh] done in 10ms @ http://localhost:3000/_next/static/chunks/node_modules_next_dist_1e8vcs8._.js:776
[ 1063728ms] [LOG] [Fast Refresh] done in 10ms @ http://localhost:3000/_next/static/chunks/node_modules_next_dist_1e8vcs8._.js:776
[ 1063790ms] [LOG] [Fast Refresh] done in 10ms @ http://localhost:3000/_next/static/chunks/node_modules_next_dist_1e8vcs8._.js:776
[ 1063853ms] [LOG] [Fast Refresh] done in 10ms @ http://localhost:3000/_next/static/chunks/node_modules_next_dist_1e8vcs8._.js:776
[ 1063916ms] [LOG] [Fast Refresh] done in 10ms @ http://localhost:3000/_next/static/chunks/node_modules_next_dist_1e8vcs8._.js:776
[ 1063979ms] [LOG] [Fast Refresh] done in 10ms @ http://localhost:3000/_next/static/chunks/node_modules_next_dist_1e8vcs8._.js:776
[ 1064042ms] [LOG] [Fast Refresh] done in 10ms @ http://localhost:3000/_next/static/chunks/node_modules_next_dist_1e8vcs8._.js:776
[ 1064102ms] [LOG] [Fast Refresh] done in 10ms @ http://localhost:3000/_next/static/chunks/node_modules_next_dist_1e8vcs8._.js:776
[ 1064163ms] [LOG] [Fast Refresh] done in 10ms @ http://localhost:3000/_next/static/chunks/node_modules_next_dist_1e8vcs8._.js:776
[ 1064224ms] [LOG] [Fast Refresh] done in 10ms @ http://localhost:3000/_next/static/chunks/node_modules_next_dist_1e8vcs8._.js:776
[ 1064285ms] [LOG] [Fast Refresh] done in 10ms @ http://localhost:3000/_next/static/chunks/node_modules_next_dist_1e8vcs8._.js:776
[ 1064333ms] [LOG] [Fast Refresh] done in 10ms @ http://localhost:3000/_next/static/chunks/node_modules_next_dist_1e8vcs8._.js:776
[ 1064395ms] [LOG] [Fast Refresh] done in 10ms @ http://localhost:3000/_next/static/chunks/node_modules_next_dist_1e8vcs8._.js:776
[ 1064458ms] [LOG] [Fast Refresh] done in 10ms @ http://localhost:3000/_next/static/chunks/node_modules_next_dist_1e8vcs8._.js:776
[ 1064519ms] [LOG] [Fast Refresh] done in 10ms @ http://localhost:3000/_next/static/chunks/node_modules_next_dist_1e8vcs8._.js:776
[ 1064582ms] [LOG] [Fast Refresh] done in 10ms @ http://localhost:3000/_next/static/chunks/node_modules_next_dist_1e8vcs8._.js:776
[ 1064643ms] [LOG] [Fast Refresh] done in 10ms @ http://localhost:3000/_next/static/chunks/node_modules_next_dist_1e8vcs8._.js:776
[ 1064703ms] [LOG] [Fast Refresh] done in 10ms @ http://localhost:3000/_next/static/chunks/node_modules_next_dist_1e8vcs8._.js:776
[ 1064763ms] [LOG] [Fast Refresh] done in 10ms @ http://localhost:3000/_next/static/chunks/node_modules_next_dist_1e8vcs8._.js:776
[ 1064826ms] [LOG] [Fast Refresh] done in 10ms @ http://localhost:3000/_next/static/chunks/node_modules_next_dist_1e8vcs8._.js:776
[ 1064889ms] [LOG] [Fast Refresh] done in 10ms @ http://localhost:3000/_next/static/chunks/node_modules_next_dist_1e8vcs8._.js:776
[ 1064950ms] [LOG] [Fast Refresh] done in 10ms @ http://localhost:3000/_next/static/chunks/node_modules_next_dist_1e8vcs8._.js:776
[ 1065013ms] [LOG] [Fast Refresh] done in 10ms @ http://localhost:3000/_next/static/chunks/node_modules_next_dist_1e8vcs8._.js:776
[ 1065077ms] [LOG] [Fast Refresh] done in 10ms @ http://localhost:3000/_next/static/chunks/node_modules_next_dist_1e8vcs8._.js:776
[ 1065138ms] [LOG] [Fast Refresh] done in 10ms @ http://localhost:3000/_next/static/chunks/node_modules_next_dist_1e8vcs8._.js:776
[ 1065200ms] [LOG] [Fast Refresh] done in 10ms @ http://localhost:3000/_next/static/chunks/node_modules_next_dist_1e8vcs8._.js:776
[ 1065263ms] [LOG] [Fast Refresh] done in 10ms @ http://localhost:3000/_next/static/chunks/node_modules_next_dist_1e8vcs8._.js:776
[ 1065312ms] [LOG] [Fast Refresh] done in 10ms @ http://localhost:3000/_next/static/chunks/node_modules_next_dist_1e8vcs8._.js:776
[ 1065374ms] [LOG] [Fast Refresh] done in 10ms @ http://localhost:3000/_next/static/chunks/node_modules_next_dist_1e8vcs8._.js:776
[ 1065437ms] [LOG] [Fast Refresh] done in 10ms @ http://localhost:3000/_next/static/chunks/node_modules_next_dist_1e8vcs8._.js:776
[ 1065500ms] [LOG] [Fast Refresh] done in 10ms @ http://localhost:3000/_next/static/chunks/node_modules_next_dist_1e8vcs8._.js:776
[ 1065562ms] [LOG] [Fast Refresh] done in 10ms @ http://localhost:3000/_next/static/chunks/node_modules_next_dist_1e8vcs8._.js:776
[ 1065609ms] [LOG] [Fast Refresh] done in 10ms @ http://localhost:3000/_next/static/chunks/node_modules_next_dist_1e8vcs8._.js:776
[ 1065670ms] [LOG] [Fast Refresh] done in 10ms @ http://localhost:3000/_next/static/chunks/node_modules_next_dist_1e8vcs8._.js:776
[ 1065718ms] [LOG] [Fast Refresh] done in 10ms @ http://localhost:3000/_next/static/chunks/node_modules_next_dist_1e8vcs8._.js:776
[ 1065781ms] [LOG] [Fast Refresh] done in 10ms @ http://localhost:3000/_next/static/chunks/node_modules_next_dist_1e8vcs8._.js:776
[ 1065842ms] [LOG] [Fast Refresh] done in 10ms @ http://localhost:3000/_next/static/chunks/node_modules_next_dist_1e8vcs8._.js:776
[ 1065902ms] [LOG] [Fast Refresh] done in 10ms @ http://localhost:3000/_next/static/chunks/node_modules_next_dist_1e8vcs8._.js:776
[ 1065965ms] [LOG] [Fast Refresh] done in 10ms @ http://localhost:3000/_next/static/chunks/node_modules_next_dist_1e8vcs8._.js:776
[ 1066028ms] [LOG] [Fast Refresh] done in 10ms @ http://localhost:3000/_next/static/chunks/node_modules_next_dist_1e8vcs8._.js:776
[ 1066090ms] [LOG] [Fast Refresh] done in 10ms @ http://localhost:3000/_next/static/chunks/node_modules_next_dist_1e8vcs8._.js:776
[ 1066152ms] [LOG] [Fast Refresh] done in 10ms @ http://localhost:3000/_next/static/chunks/node_modules_next_dist_1e8vcs8._.js:776
[ 1066214ms] [LOG] [Fast Refresh] done in 10ms @ http://localhost:3000/_next/static/chunks/node_modules_next_dist_1e8vcs8._.js:776
[ 1066277ms] [LOG] [Fast Refresh] done in 10ms @ http://localhost:3000/_next/static/chunks/node_modules_next_dist_1e8vcs8._.js:776
[ 1066339ms] [LOG] [Fast Refresh] done in 10ms @ http://localhost:3000/_next/static/chunks/node_modules_next_dist_1e8vcs8._.js:776
[ 1066401ms] [LOG] [Fast Refresh] done in 10ms @ http://localhost:3000/_next/static/chunks/node_modules_next_dist_1e8vcs8._.js:776
[ 1066464ms] [LOG] [Fast Refresh] done in 10ms @ http://localhost:3000/_next/static/chunks/node_modules_next_dist_1e8vcs8._.js:776
[ 1066526ms] [LOG] [Fast Refresh] done in 10ms @ http://localhost:3000/_next/static/chunks/node_modules_next_dist_1e8vcs8._.js:776
[ 1066589ms] [LOG] [Fast Refresh] done in 10ms @ http://localhost:3000/_next/static/chunks/node_modules_next_dist_1e8vcs8._.js:776
[ 1066650ms] [LOG] [Fast Refresh] done in 10ms @ http://localhost:3000/_next/static/chunks/node_modules_next_dist_1e8vcs8._.js:776
[ 1066697ms] [LOG] [Fast Refresh] done in 10ms @ http://localhost:3000/_next/static/chunks/node_modules_next_dist_1e8vcs8._.js:776
[ 1066758ms] [LOG] [Fast Refresh] done in 10ms @ http://localhost:3000/_next/static/chunks/node_modules_next_dist_1e8vcs8._.js:776
[ 1066821ms] [LOG] [Fast Refresh] done in 10ms @ http://localhost:3000/_next/static/chunks/node_modules_next_dist_1e8vcs8._.js:776
[ 1066883ms] [LOG] [Fast Refresh] done in 10ms @ http://localhost:3000/_next/static/chunks/node_modules_next_dist_1e8vcs8._.js:776
[ 1066929ms] [LOG] [Fast Refresh] done in 10ms @ http://localhost:3000/_next/static/chunks/node_modules_next_dist_1e8vcs8._.js:776
[ 1066978ms] [LOG] [Fast Refresh] done in 10ms @ http://localhost:3000/_next/static/chunks/node_modules_next_dist_1e8vcs8._.js:776
[ 1067039ms] [LOG] [Fast Refresh] done in 10ms @ http://localhost:3000/_next/static/chunks/node_modules_next_dist_1e8vcs8._.js:776
[ 1067100ms] [LOG] [Fast Refresh] done in 10ms @ http://localhost:3000/_next/static/chunks/node_modules_next_dist_1e8vcs8._.js:776
[ 1067162ms] [LOG] [Fast Refresh] done in 10ms @ http://localhost:3000/_next/static/chunks/node_modules_next_dist_1e8vcs8._.js:776
[ 1067224ms] [LOG] [Fast Refresh] done in 10ms @ http://localhost:3000/_next/static/chunks/node_modules_next_dist_1e8vcs8._.js:776
[ 1067287ms] [LOG] [Fast Refresh] done in 10ms @ http://localhost:3000/_next/static/chunks/node_modules_next_dist_1e8vcs8._.js:776
[ 1067350ms] [LOG] [Fast Refresh] done in 10ms @ http://localhost:3000/_next/static/chunks/node_modules_next_dist_1e8vcs8._.js:776
[ 1067411ms] [LOG] [Fast Refresh] done in 10ms @ http://localhost:3000/_next/static/chunks/node_modules_next_dist_1e8vcs8._.js:776
[ 1067473ms] [LOG] [Fast Refresh] done in 10ms @ http://localhost:3000/_next/static/chunks/node_modules_next_dist_1e8vcs8._.js:776
[ 1067534ms] [LOG] [Fast Refresh] done in 10ms @ http://localhost:3000/_next/static/chunks/node_modules_next_dist_1e8vcs8._.js:776
[ 1067596ms] [LOG] [Fast Refresh] done in 10ms @ http://localhost:3000/_next/static/chunks/node_modules_next_dist_1e8vcs8._.js:776
[ 1067658ms] [LOG] [Fast Refresh] done in 10ms @ http://localhost:3000/_next/static/chunks/node_modules_next_dist_1e8vcs8._.js:776
[ 1067721ms] [LOG] [Fast Refresh] done in 10ms @ http://localhost:3000/_next/static/chunks/node_modules_next_dist_1e8vcs8._.js:776
[ 1067782ms] [LOG] [Fast Refresh] done in 10ms @ http://localhost:3000/_next/static/chunks/node_modules_next_dist_1e8vcs8._.js:776
[ 1067843ms] [LOG] [Fast Refresh] done in 10ms @ http://localhost:3000/_next/static/chunks/node_modules_next_dist_1e8vcs8._.js:776
[ 1067891ms] [LOG] [Fast Refresh] done in 10ms @ http://localhost:3000/_next/static/chunks/node_modules_next_dist_1e8vcs8._.js:776
[ 1067952ms] [LOG] [Fast Refresh] done in 10ms @ http://localhost:3000/_next/static/chunks/node_modules_next_dist_1e8vcs8._.js:776
[ 1068014ms] [LOG] [Fast Refresh] done in 10ms @ http://localhost:3000/_next/static/chunks/node_modules_next_dist_1e8vcs8._.js:776
[ 1068062ms] [LOG] [Fast Refresh] done in 10ms @ http://localhost:3000/_next/static/chunks/node_modules_next_dist_1e8vcs8._.js:776
[ 1068125ms] [LOG] [Fast Refresh] done in 10ms @ http://localhost:3000/_next/static/chunks/node_modules_next_dist_1e8vcs8._.js:776
[ 1068189ms] [LOG] [Fast Refresh] done in 10ms @ http://localhost:3000/_next/static/chunks/node_modules_next_dist_1e8vcs8._.js:776
[ 1068250ms] [LOG] [Fast Refresh] done in 10ms @ http://localhost:3000/_next/static/chunks/node_modules_next_dist_1e8vcs8._.js:776
[ 1068297ms] [LOG] [Fast Refresh] done in 10ms @ http://localhost:3000/_next/static/chunks/node_modules_next_dist_1e8vcs8._.js:776
[ 1068345ms] [LOG] [Fast Refresh] done in 10ms @ http://localhost:3000/_next/static/chunks/node_modules_next_dist_1e8vcs8._.js:776
[ 1068408ms] [LOG] [Fast Refresh] done in 10ms @ http://localhost:3000/_next/static/chunks/node_modules_next_dist_1e8vcs8._.js:776
[ 1068471ms] [LOG] [Fast Refresh] done in 10ms @ http://localhost:3000/_next/static/chunks/node_modules_next_dist_1e8vcs8._.js:776
[ 1068531ms] [LOG] [Fast Refresh] done in 10ms @ http://localhost:3000/_next/static/chunks/node_modules_next_dist_1e8vcs8._.js:776
[ 1068593ms] [LOG] [Fast Refresh] done in 10ms @ http://localhost:3000/_next/static/chunks/node_modules_next_dist_1e8vcs8._.js:776
[ 1068654ms] [LOG] [Fast Refresh] done in 10ms @ http://localhost:3000/_next/static/chunks/node_modules_next_dist_1e8vcs8._.js:776
[ 1068717ms] [LOG] [Fast Refresh] done in 10ms @ http://localhost:3000/_next/static/chunks/node_modules_next_dist_1e8vcs8._.js:776
[ 1068780ms] [LOG] [Fast Refresh] done in 10ms @ http://localhost:3000/_next/static/chunks/node_modules_next_dist_1e8vcs8._.js:776
[ 1068842ms] [LOG] [Fast Refresh] done in 10ms @ http://localhost:3000/_next/static/chunks/node_modules_next_dist_1e8vcs8._.js:776
[ 1068904ms] [LOG] [Fast Refresh] done in 10ms @ http://localhost:3000/_next/static/chunks/node_modules_next_dist_1e8vcs8._.js:776
[ 1068966ms] [LOG] [Fast Refresh] done in 10ms @ http://localhost:3000/_next/static/chunks/node_modules_next_dist_1e8vcs8._.js:776
[ 1069028ms] [LOG] [Fast Refresh] done in 10ms @ http://localhost:3000/_next/static/chunks/node_modules_next_dist_1e8vcs8._.js:776
[ 1069089ms] [LOG] [Fast Refresh] done in 10ms @ http://localhost:3000/_next/static/chunks/node_modules_next_dist_1e8vcs8._.js:776
[ 1069150ms] [LOG] [Fast Refresh] done in 10ms @ http://localhost:3000/_next/static/chunks/node_modules_next_dist_1e8vcs8._.js:776
[ 1069212ms] [LOG] [Fast Refresh] done in 10ms @ http://localhost:3000/_next/static/chunks/node_modules_next_dist_1e8vcs8._.js:776
[ 1069275ms] [LOG] [Fast Refresh] done in 10ms @ http://localhost:3000/_next/static/chunks/node_modules_next_dist_1e8vcs8._.js:776
[ 1069337ms] [LOG] [Fast Refresh] done in 10ms @ http://localhost:3000/_next/static/chunks/node_modules_next_dist_1e8vcs8._.js:776
[ 1069400ms] [LOG] [Fast Refresh] done in 10ms @ http://localhost:3000/_next/static/chunks/node_modules_next_dist_1e8vcs8._.js:776
[ 1069464ms] [LOG] [Fast Refresh] done in 10ms @ http://localhost:3000/_next/static/chunks/node_modules_next_dist_1e8vcs8._.js:776
[ 1069525ms] [LOG] [Fast Refresh] done in 10ms @ http://localhost:3000/_next/static/chunks/node_modules_next_dist_1e8vcs8._.js:776
[ 1069585ms] [LOG] [Fast Refresh] done in 10ms @ http://localhost:3000/_next/static/chunks/node_modules_next_dist_1e8vcs8._.js:776
[ 1069645ms] [LOG] [Fast Refresh] done in 10ms @ http://localhost:3000/_next/static/chunks/node_modules_next_dist_1e8vcs8._.js:776
[ 1069708ms] [LOG] [Fast Refresh] done in 10ms @ http://localhost:3000/_next/static/chunks/node_modules_next_dist_1e8vcs8._.js:776
[ 1069769ms] [LOG] [Fast Refresh] done in 10ms @ http://localhost:3000/_next/static/chunks/node_modules_next_dist_1e8vcs8._.js:776
[ 1069832ms] [LOG] [Fast Refresh] done in 10ms @ http://localhost:3000/_next/static/chunks/node_modules_next_dist_1e8vcs8._.js:776
[ 1069894ms] [LOG] [Fast Refresh] done in 10ms @ http://localhost:3000/_next/static/chunks/node_modules_next_dist_1e8vcs8._.js:776
[ 1069942ms] [LOG] [Fast Refresh] done in 10ms @ http://localhost:3000/_next/static/chunks/node_modules_next_dist_1e8vcs8._.js:776
[ 1070005ms] [LOG] [Fast Refresh] done in 10ms @ http://localhost:3000/_next/static/chunks/node_modules_next_dist_1e8vcs8._.js:776
[ 1070068ms] [LOG] [Fast Refresh] done in 10ms @ http://localhost:3000/_next/static/chunks/node_modules_next_dist_1e8vcs8._.js:776
[ 1070132ms] [LOG] [Fast Refresh] done in 10ms @ http://localhost:3000/_next/static/chunks/node_modules_next_dist_1e8vcs8._.js:776
[ 1070193ms] [LOG] [Fast Refresh] done in 10ms @ http://localhost:3000/_next/static/chunks/node_modules_next_dist_1e8vcs8._.js:776
[ 1070257ms] [LOG] [Fast Refresh] done in 10ms @ http://localhost:3000/_next/static/chunks/node_modules_next_dist_1e8vcs8._.js:776
[ 1070320ms] [LOG] [Fast Refresh] done in 10ms @ http://localhost:3000/_next/static/chunks/node_modules_next_dist_1e8vcs8._.js:776
[ 1070384ms] [LOG] [Fast Refresh] done in 10ms @ http://localhost:3000/_next/static/chunks/node_modules_next_dist_1e8vcs8._.js:776
[ 1070447ms] [LOG] [Fast Refresh] done in 10ms @ http://localhost:3000/_next/static/chunks/node_modules_next_dist_1e8vcs8._.js:776
[ 1070509ms] [LOG] [Fast Refresh] done in 10ms @ http://localhost:3000/_next/static/chunks/node_modules_next_dist_1e8vcs8._.js:776
[ 1070571ms] [LOG] [Fast Refresh] done in 10ms @ http://localhost:3000/_next/static/chunks/node_modules_next_dist_1e8vcs8._.js:776
[ 1070631ms] [LOG] [Fast Refresh] done in 10ms @ http://localhost:3000/_next/static/chunks/node_modules_next_dist_1e8vcs8._.js:776
[ 1070691ms] [LOG] [Fast Refresh] done in 10ms @ http://localhost:3000/_next/static/chunks/node_modules_next_dist_1e8vcs8._.js:776
[ 1070752ms] [LOG] [Fast Refresh] done in 10ms @ http://localhost:3000/_next/static/chunks/node_modules_next_dist_1e8vcs8._.js:776
[ 1070813ms] [LOG] [Fast Refresh] done in 10ms @ http://localhost:3000/_next/static/chunks/node_modules_next_dist_1e8vcs8._.js:776
[ 1070874ms] [LOG] [Fast Refresh] done in 10ms @ http://localhost:3000/_next/static/chunks/node_modules_next_dist_1e8vcs8._.js:776
[ 1070938ms] [LOG] [Fast Refresh] done in 10ms @ http://localhost:3000/_next/static/chunks/node_modules_next_dist_1e8vcs8._.js:776
[ 1071000ms] [LOG] [Fast Refresh] done in 10ms @ http://localhost:3000/_next/static/chunks/node_modules_next_dist_1e8vcs8._.js:776
[ 1071063ms] [LOG] [Fast Refresh] done in 10ms @ http://localhost:3000/_next/static/chunks/node_modules_next_dist_1e8vcs8._.js:776
[ 1071111ms] [LOG] [Fast Refresh] done in 10ms @ http://localhost:3000/_next/static/chunks/node_modules_next_dist_1e8vcs8._.js:776
[ 1071173ms] [LOG] [Fast Refresh] done in 10ms @ http://localhost:3000/_next/static/chunks/node_modules_next_dist_1e8vcs8._.js:776
[ 1071236ms] [LOG] [Fast Refresh] done in 10ms @ http://localhost:3000/_next/static/chunks/node_modules_next_dist_1e8vcs8._.js:776
[ 1071296ms] [LOG] [Fast Refresh] done in 10ms @ http://localhost:3000/_next/static/chunks/node_modules_next_dist_1e8vcs8._.js:776
[ 1071361ms] [LOG] [Fast Refresh] done in 10ms @ http://localhost:3000/_next/static/chunks/node_modules_next_dist_1e8vcs8._.js:776
[ 1071422ms] [LOG] [Fast Refresh] done in 10ms @ http://localhost:3000/_next/static/chunks/node_modules_next_dist_1e8vcs8._.js:776
[ 1071482ms] [LOG] [Fast Refresh] done in 10ms @ http://localhost:3000/_next/static/chunks/node_modules_next_dist_1e8vcs8._.js:776
[ 1071544ms] [LOG] [Fast Refresh] done in 10ms @ http://localhost:3000/_next/static/chunks/node_modules_next_dist_1e8vcs8._.js:776
[ 1071606ms] [LOG] [Fast Refresh] done in 10ms @ http://localhost:3000/_next/static/chunks/node_modules_next_dist_1e8vcs8._.js:776
[ 1071668ms] [LOG] [Fast Refresh] done in 10ms @ http://localhost:3000/_next/static/chunks/node_modules_next_dist_1e8vcs8._.js:776
[ 1071731ms] [LOG] [Fast Refresh] done in 10ms @ http://localhost:3000/_next/static/chunks/node_modules_next_dist_1e8vcs8._.js:776
[ 1071790ms] [LOG] [Fast Refresh] done in 10ms @ http://localhost:3000/_next/static/chunks/node_modules_next_dist_1e8vcs8._.js:776
[ 1071851ms] [LOG] [Fast Refresh] done in 10ms @ http://localhost:3000/_next/static/chunks/node_modules_next_dist_1e8vcs8._.js:776
[ 1071913ms] [LOG] [Fast Refresh] done in 10ms @ http://localhost:3000/_next/static/chunks/node_modules_next_dist_1e8vcs8._.js:776
[ 1071961ms] [LOG] [Fast Refresh] done in 10ms @ http://localhost:3000/_next/static/chunks/node_modules_next_dist_1e8vcs8._.js:776
[ 1072009ms] [LOG] [Fast Refresh] done in 10ms @ http://localhost:3000/_next/static/chunks/node_modules_next_dist_1e8vcs8._.js:776
[ 1072072ms] [LOG] [Fast Refresh] done in 10ms @ http://localhost:3000/_next/static/chunks/node_modules_next_dist_1e8vcs8._.js:776
[ 1072118ms] [LOG] [Fast Refresh] done in 10ms @ http://localhost:3000/_next/static/chunks/node_modules_next_dist_1e8vcs8._.js:776
[ 1072181ms] [LOG] [Fast Refresh] done in 10ms @ http://localhost:3000/_next/static/chunks/node_modules_next_dist_1e8vcs8._.js:776
[ 1072243ms] [LOG] [Fast Refresh] done in 10ms @ http://localhost:3000/_next/static/chunks/node_modules_next_dist_1e8vcs8._.js:776
[ 1072306ms] [LOG] [Fast Refresh] done in 10ms @ http://localhost:3000/_next/static/chunks/node_modules_next_dist_1e8vcs8._.js:776
[ 1072368ms] [LOG] [Fast Refresh] done in 10ms @ http://localhost:3000/_next/static/chunks/node_modules_next_dist_1e8vcs8._.js:776
[ 1072429ms] [LOG] [Fast Refresh] done in 10ms @ http://localhost:3000/_next/static/chunks/node_modules_next_dist_1e8vcs8._.js:776
[ 1072492ms] [LOG] [Fast Refresh] done in 10ms @ http://localhost:3000/_next/static/chunks/node_modules_next_dist_1e8vcs8._.js:776
[ 1072554ms] [LOG] [Fast Refresh] done in 10ms @ http://localhost:3000/_next/static/chunks/node_modules_next_dist_1e8vcs8._.js:776
[ 1072616ms] [LOG] [Fast Refresh] done in 10ms @ http://localhost:3000/_next/static/chunks/node_modules_next_dist_1e8vcs8._.js:776
[ 1072677ms] [LOG] [Fast Refresh] done in 10ms @ http://localhost:3000/_next/static/chunks/node_modules_next_dist_1e8vcs8._.js:776
[ 1072724ms] [LOG] [Fast Refresh] done in 10ms @ http://localhost:3000/_next/static/chunks/node_modules_next_dist_1e8vcs8._.js:776
[ 1072772ms] [LOG] [Fast Refresh] done in 10ms @ http://localhost:3000/_next/static/chunks/node_modules_next_dist_1e8vcs8._.js:776
[ 1072833ms] [LOG] [Fast Refresh] done in 10ms @ http://localhost:3000/_next/static/chunks/node_modules_next_dist_1e8vcs8._.js:776
[ 1072881ms] [LOG] [Fast Refresh] done in 10ms @ http://localhost:3000/_next/static/chunks/node_modules_next_dist_1e8vcs8._.js:776
[ 1072944ms] [LOG] [Fast Refresh] done in 10ms @ http://localhost:3000/_next/static/chunks/node_modules_next_dist_1e8vcs8._.js:776
[ 1073007ms] [LOG] [Fast Refresh] done in 10ms @ http://localhost:3000/_next/static/chunks/node_modules_next_dist_1e8vcs8._.js:776
[ 1073069ms] [LOG] [Fast Refresh] done in 10ms @ http://localhost:3000/_next/static/chunks/node_modules_next_dist_1e8vcs8._.js:776
[ 1073133ms] [LOG] [Fast Refresh] done in 10ms @ http://localhost:3000/_next/static/chunks/node_modules_next_dist_1e8vcs8._.js:776
[ 1073194ms] [LOG] [Fast Refresh] done in 10ms @ http://localhost:3000/_next/static/chunks/node_modules_next_dist_1e8vcs8._.js:776
[ 1073256ms] [LOG] [Fast Refresh] done in 10ms @ http://localhost:3000/_next/static/chunks/node_modules_next_dist_1e8vcs8._.js:776
[ 1073319ms] [LOG] [Fast Refresh] done in 10ms @ http://localhost:3000/_next/static/chunks/node_modules_next_dist_1e8vcs8._.js:776
[ 1073380ms] [LOG] [Fast Refresh] done in 10ms @ http://localhost:3000/_next/static/chunks/node_modules_next_dist_1e8vcs8._.js:776
[ 1073442ms] [LOG] [Fast Refresh] done in 10ms @ http://localhost:3000/_next/static/chunks/node_modules_next_dist_1e8vcs8._.js:776
[ 1073503ms] [LOG] [Fast Refresh] done in 10ms @ http://localhost:3000/_next/static/chunks/node_modules_next_dist_1e8vcs8._.js:776
[ 1073565ms] [LOG] [Fast Refresh] done in 10ms @ http://localhost:3000/_next/static/chunks/node_modules_next_dist_1e8vcs8._.js:776
[ 1073625ms] [LOG] [Fast Refresh] done in 10ms @ http://localhost:3000/_next/static/chunks/node_modules_next_dist_1e8vcs8._.js:776
[ 1073688ms] [LOG] [Fast Refresh] done in 10ms @ http://localhost:3000/_next/static/chunks/node_modules_next_dist_1e8vcs8._.js:776
[ 1073748ms] [LOG] [Fast Refresh] done in 10ms @ http://localhost:3000/_next/static/chunks/node_modules_next_dist_1e8vcs8._.js:776
[ 1073809ms] [LOG] [Fast Refresh] done in 10ms @ http://localhost:3000/_next/static/chunks/node_modules_next_dist_1e8vcs8._.js:776
[ 1073872ms] [LOG] [Fast Refresh] done in 10ms @ http://localhost:3000/_next/static/chunks/node_modules_next_dist_1e8vcs8._.js:776
[ 1073920ms] [LOG] [Fast Refresh] done in 10ms @ http://localhost:3000/_next/static/chunks/node_modules_next_dist_1e8vcs8._.js:776
[ 1073968ms] [LOG] [Fast Refresh] done in 10ms @ http://localhost:3000/_next/static/chunks/node_modules_next_dist_1e8vcs8._.js:776
[ 1074031ms] [LOG] [Fast Refresh] done in 10ms @ http://localhost:3000/_next/static/chunks/node_modules_next_dist_1e8vcs8._.js:776
[ 1074078ms] [LOG] [Fast Refresh] done in 10ms @ http://localhost:3000/_next/static/chunks/node_modules_next_dist_1e8vcs8._.js:776
[ 1074141ms] [LOG] [Fast Refresh] done in 10ms @ http://localhost:3000/_next/static/chunks/node_modules_next_dist_1e8vcs8._.js:776
[ 1074189ms] [LOG] [Fast Refresh] done in 10ms @ http://localhost:3000/_next/static/chunks/node_modules_next_dist_1e8vcs8._.js:776
[ 1074251ms] [LOG] [Fast Refresh] done in 10ms @ http://localhost:3000/_next/static/chunks/node_modules_next_dist_1e8vcs8._.js:776
[ 1074313ms] [LOG] [Fast Refresh] done in 10ms @ http://localhost:3000/_next/static/chunks/node_modules_next_dist_1e8vcs8._.js:776
[ 1074375ms] [LOG] [Fast Refresh] done in 10ms @ http://localhost:3000/_next/static/chunks/node_modules_next_dist_1e8vcs8._.js:776
[ 1074438ms] [LOG] [Fast Refresh] done in 10ms @ http://localhost:3000/_next/static/chunks/node_modules_next_dist_1e8vcs8._.js:776
[ 1074498ms] [LOG] [Fast Refresh] done in 10ms @ http://localhost:3000/_next/static/chunks/node_modules_next_dist_1e8vcs8._.js:776
[ 1074561ms] [LOG] [Fast Refresh] done in 10ms @ http://localhost:3000/_next/static/chunks/node_modules_next_dist_1e8vcs8._.js:776
[ 1074622ms] [LOG] [Fast Refresh] done in 10ms @ http://localhost:3000/_next/static/chunks/node_modules_next_dist_1e8vcs8._.js:776
[ 1074682ms] [LOG] [Fast Refresh] done in 10ms @ http://localhost:3000/_next/static/chunks/node_modules_next_dist_1e8vcs8._.js:776
[ 1074742ms] [LOG] [Fast Refresh] done in 10ms @ http://localhost:3000/_next/static/chunks/node_modules_next_dist_1e8vcs8._.js:776
[ 1074805ms] [LOG] [Fast Refresh] done in 10ms @ http://localhost:3000/_next/static/chunks/node_modules_next_dist_1e8vcs8._.js:776
[ 1074867ms] [LOG] [Fast Refresh] done in 10ms @ http://localhost:3000/_next/static/chunks/node_modules_next_dist_1e8vcs8._.js:776
[ 1074929ms] [LOG] [Fast Refresh] done in 10ms @ http://localhost:3000/_next/static/chunks/node_modules_next_dist_1e8vcs8._.js:776
[ 1074991ms] [LOG] [Fast Refresh] done in 10ms @ http://localhost:3000/_next/static/chunks/node_modules_next_dist_1e8vcs8._.js:776
[ 1075053ms] [LOG] [Fast Refresh] done in 10ms @ http://localhost:3000/_next/static/chunks/node_modules_next_dist_1e8vcs8._.js:776
[ 1075116ms] [LOG] [Fast Refresh] done in 10ms @ http://localhost:3000/_next/static/chunks/node_modules_next_dist_1e8vcs8._.js:776
[ 1075176ms] [LOG] [Fast Refresh] done in 10ms @ http://localhost:3000/_next/static/chunks/node_modules_next_dist_1e8vcs8._.js:776
[ 1075223ms] [LOG] [Fast Refresh] done in 10ms @ http://localhost:3000/_next/static/chunks/node_modules_next_dist_1e8vcs8._.js:776
[ 1075270ms] [LOG] [Fast Refresh] done in 10ms @ http://localhost:3000/_next/static/chunks/node_modules_next_dist_1e8vcs8._.js:776
[ 1075318ms] [LOG] [Fast Refresh] done in 10ms @ http://localhost:3000/_next/static/chunks/node_modules_next_dist_1e8vcs8._.js:776
[ 1075380ms] [LOG] [Fast Refresh] done in 10ms @ http://localhost:3000/_next/static/chunks/node_modules_next_dist_1e8vcs8._.js:776
[ 1075443ms] [LOG] [Fast Refresh] done in 10ms @ http://localhost:3000/_next/static/chunks/node_modules_next_dist_1e8vcs8._.js:776
[ 1075490ms] [LOG] [Fast Refresh] done in 10ms @ http://localhost:3000/_next/static/chunks/node_modules_next_dist_1e8vcs8._.js:776
[ 1075552ms] [LOG] [Fast Refresh] done in 10ms @ http://localhost:3000/_next/static/chunks/node_modules_next_dist_1e8vcs8._.js:776
[ 1075614ms] [LOG] [Fast Refresh] done in 10ms @ http://localhost:3000/_next/static/chunks/node_modules_next_dist_1e8vcs8._.js:776
[ 1075676ms] [LOG] [Fast Refresh] done in 10ms @ http://localhost:3000/_next/static/chunks/node_modules_next_dist_1e8vcs8._.js:776
[ 1075737ms] [LOG] [Fast Refresh] done in 10ms @ http://localhost:3000/_next/static/chunks/node_modules_next_dist_1e8vcs8._.js:776
[ 1075799ms] [LOG] [Fast Refresh] done in 10ms @ http://localhost:3000/_next/static/chunks/node_modules_next_dist_1e8vcs8._.js:776
[ 1075861ms] [LOG] [Fast Refresh] done in 10ms @ http://localhost:3000/_next/static/chunks/node_modules_next_dist_1e8vcs8._.js:776
[ 1075924ms] [LOG] [Fast Refresh] done in 10ms @ http://localhost:3000/_next/static/chunks/node_modules_next_dist_1e8vcs8._.js:776
[ 1075986ms] [LOG] [Fast Refresh] done in 10ms @ http://localhost:3000/_next/static/chunks/node_modules_next_dist_1e8vcs8._.js:776
[ 1076047ms] [LOG] [Fast Refresh] done in 10ms @ http://localhost:3000/_next/static/chunks/node_modules_next_dist_1e8vcs8._.js:776
[ 1076111ms] [LOG] [Fast Refresh] done in 10ms @ http://localhost:3000/_next/static/chunks/node_modules_next_dist_1e8vcs8._.js:776
[ 1076159ms] [LOG] [Fast Refresh] done in 10ms @ http://localhost:3000/_next/static/chunks/node_modules_next_dist_1e8vcs8._.js:776
[ 1076205ms] [LOG] [Fast Refresh] done in 10ms @ http://localhost:3000/_next/static/chunks/node_modules_next_dist_1e8vcs8._.js:776
[ 1076268ms] [LOG] [Fast Refresh] done in 10ms @ http://localhost:3000/_next/static/chunks/node_modules_next_dist_1e8vcs8._.js:776
[ 1076330ms] [LOG] [Fast Refresh] done in 10ms @ http://localhost:3000/_next/static/chunks/node_modules_next_dist_1e8vcs8._.js:776
[ 1076391ms] [LOG] [Fast Refresh] done in 10ms @ http://localhost:3000/_next/static/chunks/node_modules_next_dist_1e8vcs8._.js:776
[ 1076455ms] [LOG] [Fast Refresh] done in 10ms @ http://localhost:3000/_next/static/chunks/node_modules_next_dist_1e8vcs8._.js:776
[ 1076517ms] [LOG] [Fast Refresh] done in 10ms @ http://localhost:3000/_next/static/chunks/node_modules_next_dist_1e8vcs8._.js:776
[ 1076580ms] [LOG] [Fast Refresh] done in 10ms @ http://localhost:3000/_next/static/chunks/node_modules_next_dist_1e8vcs8._.js:776
[ 1076642ms] [LOG] [Fast Refresh] done in 10ms @ http://localhost:3000/_next/static/chunks/node_modules_next_dist_1e8vcs8._.js:776
[ 1076701ms] [LOG] [Fast Refresh] done in 10ms @ http://localhost:3000/_next/static/chunks/node_modules_next_dist_1e8vcs8._.js:776
[ 1076763ms] [LOG] [Fast Refresh] done in 10ms @ http://localhost:3000/_next/static/chunks/node_modules_next_dist_1e8vcs8._.js:776
[ 1076826ms] [LOG] [Fast Refresh] done in 10ms @ http://localhost:3000/_next/static/chunks/node_modules_next_dist_1e8vcs8._.js:776
[ 1076873ms] [LOG] [Fast Refresh] done in 10ms @ http://localhost:3000/_next/static/chunks/node_modules_next_dist_1e8vcs8._.js:776
[ 1076935ms] [LOG] [Fast Refresh] done in 10ms @ http://localhost:3000/_next/static/chunks/node_modules_next_dist_1e8vcs8._.js:776
[ 1076996ms] [LOG] [Fast Refresh] done in 10ms @ http://localhost:3000/_next/static/chunks/node_modules_next_dist_1e8vcs8._.js:776
[ 1077058ms] [LOG] [Fast Refresh] done in 10ms @ http://localhost:3000/_next/static/chunks/node_modules_next_dist_1e8vcs8._.js:776
[ 1077120ms] [LOG] [Fast Refresh] done in 10ms @ http://localhost:3000/_next/static/chunks/node_modules_next_dist_1e8vcs8._.js:776
[ 1077181ms] [LOG] [Fast Refresh] done in 10ms @ http://localhost:3000/_next/static/chunks/node_modules_next_dist_1e8vcs8._.js:776
[ 1077244ms] [LOG] [Fast Refresh] done in 10ms @ http://localhost:3000/_next/static/chunks/node_modules_next_dist_1e8vcs8._.js:776
[ 1077306ms] [LOG] [Fast Refresh] done in 10ms @ http://localhost:3000/_next/static/chunks/node_modules_next_dist_1e8vcs8._.js:776
[ 1077368ms] [LOG] [Fast Refresh] done in 10ms @ http://localhost:3000/_next/static/chunks/node_modules_next_dist_1e8vcs8._.js:776
[ 1077430ms] [LOG] [Fast Refresh] done in 10ms @ http://localhost:3000/_next/static/chunks/node_modules_next_dist_1e8vcs8._.js:776
[ 1077478ms] [LOG] [Fast Refresh] done in 10ms @ http://localhost:3000/_next/static/chunks/node_modules_next_dist_1e8vcs8._.js:776
[ 1077541ms] [LOG] [Fast Refresh] done in 10ms @ http://localhost:3000/_next/static/chunks/node_modules_next_dist_1e8vcs8._.js:776
[ 1077605ms] [LOG] [Fast Refresh] done in 10ms @ http://localhost:3000/_next/static/chunks/node_modules_next_dist_1e8vcs8._.js:776
[ 1077667ms] [LOG] [Fast Refresh] done in 10ms @ http://localhost:3000/_next/static/chunks/node_modules_next_dist_1e8vcs8._.js:776
[ 1077730ms] [LOG] [Fast Refresh] done in 10ms @ http://localhost:3000/_next/static/chunks/node_modules_next_dist_1e8vcs8._.js:776
[ 1077792ms] [LOG] [Fast Refresh] done in 10ms @ http://localhost:3000/_next/static/chunks/node_modules_next_dist_1e8vcs8._.js:776
[ 1077852ms] [LOG] [Fast Refresh] done in 10ms @ http://localhost:3000/_next/static/chunks/node_modules_next_dist_1e8vcs8._.js:776
[ 1077900ms] [LOG] [Fast Refresh] done in 10ms @ http://localhost:3000/_next/static/chunks/node_modules_next_dist_1e8vcs8._.js:776
[ 1077962ms] [LOG] [Fast Refresh] done in 10ms @ http://localhost:3000/_next/static/chunks/node_modules_next_dist_1e8vcs8._.js:776
[ 1078024ms] [LOG] [Fast Refresh] done in 10ms @ http://localhost:3000/_next/static/chunks/node_modules_next_dist_1e8vcs8._.js:776
[ 1078088ms] [LOG] [Fast Refresh] done in 10ms @ http://localhost:3000/_next/static/chunks/node_modules_next_dist_1e8vcs8._.js:776
[ 1078151ms] [LOG] [Fast Refresh] done in 10ms @ http://localhost:3000/_next/static/chunks/node_modules_next_dist_1e8vcs8._.js:776
[ 1078212ms] [LOG] [Fast Refresh] done in 10ms @ http://localhost:3000/_next/static/chunks/node_modules_next_dist_1e8vcs8._.js:776
[ 1078274ms] [LOG] [Fast Refresh] done in 10ms @ http://localhost:3000/_next/static/chunks/node_modules_next_dist_1e8vcs8._.js:776
[ 1078336ms] [LOG] [Fast Refresh] done in 10ms @ http://localhost:3000/_next/static/chunks/node_modules_next_dist_1e8vcs8._.js:776
[ 1078398ms] [LOG] [Fast Refresh] done in 10ms @ http://localhost:3000/_next/static/chunks/node_modules_next_dist_1e8vcs8._.js:776
[ 1078461ms] [LOG] [Fast Refresh] done in 10ms @ http://localhost:3000/_next/static/chunks/node_modules_next_dist_1e8vcs8._.js:776
[ 1078523ms] [LOG] [Fast Refresh] done in 10ms @ http://localhost:3000/_next/static/chunks/node_modules_next_dist_1e8vcs8._.js:776
[ 1078584ms] [LOG] [Fast Refresh] done in 10ms @ http://localhost:3000/_next/static/chunks/node_modules_next_dist_1e8vcs8._.js:776
[ 1078645ms] [LOG] [Fast Refresh] done in 10ms @ http://localhost:3000/_next/static/chunks/node_modules_next_dist_1e8vcs8._.js:776
[ 1078692ms] [LOG] [Fast Refresh] done in 10ms @ http://localhost:3000/_next/static/chunks/node_modules_next_dist_1e8vcs8._.js:776
[ 1078755ms] [LOG] [Fast Refresh] done in 10ms @ http://localhost:3000/_next/static/chunks/node_modules_next_dist_1e8vcs8._.js:776
[ 1078817ms] [LOG] [Fast Refresh] done in 10ms @ http://localhost:3000/_next/static/chunks/node_modules_next_dist_1e8vcs8._.js:776
[ 1078878ms] [LOG] [Fast Refresh] done in 10ms @ http://localhost:3000/_next/static/chunks/node_modules_next_dist_1e8vcs8._.js:776
[ 1078939ms] [LOG] [Fast Refresh] done in 10ms @ http://localhost:3000/_next/static/chunks/node_modules_next_dist_1e8vcs8._.js:776
[ 1079001ms] [LOG] [Fast Refresh] done in 10ms @ http://localhost:3000/_next/static/chunks/node_modules_next_dist_1e8vcs8._.js:776
[ 1079050ms] [LOG] [Fast Refresh] done in 10ms @ http://localhost:3000/_next/static/chunks/node_modules_next_dist_1e8vcs8._.js:776
[ 1079112ms] [LOG] [Fast Refresh] done in 10ms @ http://localhost:3000/_next/static/chunks/node_modules_next_dist_1e8vcs8._.js:776
[ 1079173ms] [LOG] [Fast Refresh] done in 10ms @ http://localhost:3000/_next/static/chunks/node_modules_next_dist_1e8vcs8._.js:776
[ 1079235ms] [LOG] [Fast Refresh] done in 10ms @ http://localhost:3000/_next/static/chunks/node_modules_next_dist_1e8vcs8._.js:776
[ 1079282ms] [LOG] [Fast Refresh] done in 10ms @ http://localhost:3000/_next/static/chunks/node_modules_next_dist_1e8vcs8._.js:776
[ 1079345ms] [LOG] [Fast Refresh] done in 10ms @ http://localhost:3000/_next/static/chunks/node_modules_next_dist_1e8vcs8._.js:776
[ 1079408ms] [LOG] [Fast Refresh] done in 10ms @ http://localhost:3000/_next/static/chunks/node_modules_next_dist_1e8vcs8._.js:776
[ 1079471ms] [LOG] [Fast Refresh] done in 10ms @ http://localhost:3000/_next/static/chunks/node_modules_next_dist_1e8vcs8._.js:776
[ 1079531ms] [LOG] [Fast Refresh] done in 10ms @ http://localhost:3000/_next/static/chunks/node_modules_next_dist_1e8vcs8._.js:776
[ 1079594ms] [LOG] [Fast Refresh] done in 10ms @ http://localhost:3000/_next/static/chunks/node_modules_next_dist_1e8vcs8._.js:776
[ 1079655ms] [LOG] [Fast Refresh] done in 10ms @ http://localhost:3000/_next/static/chunks/node_modules_next_dist_1e8vcs8._.js:776
[ 1079717ms] [LOG] [Fast Refresh] done in 10ms @ http://localhost:3000/_next/static/chunks/node_modules_next_dist_1e8vcs8._.js:776
[ 1079780ms] [LOG] [Fast Refresh] done in 10ms @ http://localhost:3000/_next/static/chunks/node_modules_next_dist_1e8vcs8._.js:776
[ 1079843ms] [LOG] [Fast Refresh] done in 10ms @ http://localhost:3000/_next/static/chunks/node_modules_next_dist_1e8vcs8._.js:776
[ 1079905ms] [LOG] [Fast Refresh] done in 10ms @ http://localhost:3000/_next/static/chunks/node_modules_next_dist_1e8vcs8._.js:776
[ 1079968ms] [LOG] [Fast Refresh] done in 10ms @ http://localhost:3000/_next/static/chunks/node_modules_next_dist_1e8vcs8._.js:776
[ 1080030ms] [LOG] [Fast Refresh] done in 10ms @ http://localhost:3000/_next/static/chunks/node_modules_next_dist_1e8vcs8._.js:776
[ 1080091ms] [LOG] [Fast Refresh] done in 10ms @ http://localhost:3000/_next/static/chunks/node_modules_next_dist_1e8vcs8._.js:776
[ 1080139ms] [LOG] [Fast Refresh] done in 10ms @ http://localhost:3000/_next/static/chunks/node_modules_next_dist_1e8vcs8._.js:776
[ 1080200ms] [LOG] [Fast Refresh] done in 10ms @ http://localhost:3000/_next/static/chunks/node_modules_next_dist_1e8vcs8._.js:776
[ 1080263ms] [LOG] [Fast Refresh] done in 10ms @ http://localhost:3000/_next/static/chunks/node_modules_next_dist_1e8vcs8._.js:776
[ 1080326ms] [LOG] [Fast Refresh] done in 10ms @ http://localhost:3000/_next/static/chunks/node_modules_next_dist_1e8vcs8._.js:776
[ 1080389ms] [LOG] [Fast Refresh] done in 10ms @ http://localhost:3000/_next/static/chunks/node_modules_next_dist_1e8vcs8._.js:776
[ 1080451ms] [LOG] [Fast Refresh] done in 10ms @ http://localhost:3000/_next/static/chunks/node_modules_next_dist_1e8vcs8._.js:776
[ 1080513ms] [LOG] [Fast Refresh] done in 10ms @ http://localhost:3000/_next/static/chunks/node_modules_next_dist_1e8vcs8._.js:776
[ 1080560ms] [LOG] [Fast Refresh] done in 10ms @ http://localhost:3000/_next/static/chunks/node_modules_next_dist_1e8vcs8._.js:776
[ 1080622ms] [LOG] [Fast Refresh] done in 10ms @ http://localhost:3000/_next/static/chunks/node_modules_next_dist_1e8vcs8._.js:776
[ 1080683ms] [LOG] [Fast Refresh] done in 10ms @ http://localhost:3000/_next/static/chunks/node_modules_next_dist_1e8vcs8._.js:776
[ 1080744ms] [LOG] [Fast Refresh] done in 10ms @ http://localhost:3000/_next/static/chunks/node_modules_next_dist_1e8vcs8._.js:776
[ 1080805ms] [LOG] [Fast Refresh] done in 10ms @ http://localhost:3000/_next/static/chunks/node_modules_next_dist_1e8vcs8._.js:776
[ 1080866ms] [LOG] [Fast Refresh] done in 10ms @ http://localhost:3000/_next/static/chunks/node_modules_next_dist_1e8vcs8._.js:776
[ 1080929ms] [LOG] [Fast Refresh] done in 10ms @ http://localhost:3000/_next/static/chunks/node_modules_next_dist_1e8vcs8._.js:776
[ 1080991ms] [LOG] [Fast Refresh] done in 10ms @ http://localhost:3000/_next/static/chunks/node_modules_next_dist_1e8vcs8._.js:776
[ 1081053ms] [LOG] [Fast Refresh] done in 10ms @ http://localhost:3000/_next/static/chunks/node_modules_next_dist_1e8vcs8._.js:776
[ 1081116ms] [LOG] [Fast Refresh] done in 10ms @ http://localhost:3000/_next/static/chunks/node_modules_next_dist_1e8vcs8._.js:776
[ 1081178ms] [LOG] [Fast Refresh] done in 10ms @ http://localhost:3000/_next/static/chunks/node_modules_next_dist_1e8vcs8._.js:776
[ 1081239ms] [LOG] [Fast Refresh] done in 10ms @ http://localhost:3000/_next/static/chunks/node_modules_next_dist_1e8vcs8._.js:776
[ 1081286ms] [LOG] [Fast Refresh] done in 10ms @ http://localhost:3000/_next/static/chunks/node_modules_next_dist_1e8vcs8._.js:776
[ 1081333ms] [LOG] [Fast Refresh] done in 10ms @ http://localhost:3000/_next/static/chunks/node_modules_next_dist_1e8vcs8._.js:776
[ 1081394ms] [LOG] [Fast Refresh] done in 10ms @ http://localhost:3000/_next/static/chunks/node_modules_next_dist_1e8vcs8._.js:776
[ 1081456ms] [LOG] [Fast Refresh] done in 10ms @ http://localhost:3000/_next/static/chunks/node_modules_next_dist_1e8vcs8._.js:776
[ 1081518ms] [LOG] [Fast Refresh] done in 10ms @ http://localhost:3000/_next/static/chunks/node_modules_next_dist_1e8vcs8._.js:776
[ 1081580ms] [LOG] [Fast Refresh] done in 10ms @ http://localhost:3000/_next/static/chunks/node_modules_next_dist_1e8vcs8._.js:776
[ 1081642ms] [LOG] [Fast Refresh] done in 10ms @ http://localhost:3000/_next/static/chunks/node_modules_next_dist_1e8vcs8._.js:776
[ 1081704ms] [LOG] [Fast Refresh] done in 10ms @ http://localhost:3000/_next/static/chunks/node_modules_next_dist_1e8vcs8._.js:776
[ 1081767ms] [LOG] [Fast Refresh] done in 10ms @ http://localhost:3000/_next/static/chunks/node_modules_next_dist_1e8vcs8._.js:776
[ 1081814ms] [LOG] [Fast Refresh] done in 10ms @ http://localhost:3000/_next/static/chunks/node_modules_next_dist_1e8vcs8._.js:776
[ 1081876ms] [LOG] [Fast Refresh] done in 10ms @ http://localhost:3000/_next/static/chunks/node_modules_next_dist_1e8vcs8._.js:776
[ 1081939ms] [LOG] [Fast Refresh] done in 10ms @ http://localhost:3000/_next/static/chunks/node_modules_next_dist_1e8vcs8._.js:776
[ 1081985ms] [LOG] [Fast Refresh] done in 10ms @ http://localhost:3000/_next/static/chunks/node_modules_next_dist_1e8vcs8._.js:776
[ 1082046ms] [LOG] [Fast Refresh] done in 10ms @ http://localhost:3000/_next/static/chunks/node_modules_next_dist_1e8vcs8._.js:776
[ 1082107ms] [LOG] [Fast Refresh] done in 10ms @ http://localhost:3000/_next/static/chunks/node_modules_next_dist_1e8vcs8._.js:776
[ 1082170ms] [LOG] [Fast Refresh] done in 10ms @ http://localhost:3000/_next/static/chunks/node_modules_next_dist_1e8vcs8._.js:776
[ 1082231ms] [LOG] [Fast Refresh] done in 10ms @ http://localhost:3000/_next/static/chunks/node_modules_next_dist_1e8vcs8._.js:776
[ 1082278ms] [LOG] [Fast Refresh] done in 10ms @ http://localhost:3000/_next/static/chunks/node_modules_next_dist_1e8vcs8._.js:776
[ 1082340ms] [LOG] [Fast Refresh] done in 10ms @ http://localhost:3000/_next/static/chunks/node_modules_next_dist_1e8vcs8._.js:776
[ 1082401ms] [LOG] [Fast Refresh] done in 10ms @ http://localhost:3000/_next/static/chunks/node_modules_next_dist_1e8vcs8._.js:776
[ 1082463ms] [LOG] [Fast Refresh] done in 10ms @ http://localhost:3000/_next/static/chunks/node_modules_next_dist_1e8vcs8._.js:776
[ 1082510ms] [LOG] [Fast Refresh] done in 10ms @ http://localhost:3000/_next/static/chunks/node_modules_next_dist_1e8vcs8._.js:776
[ 1082572ms] [LOG] [Fast Refresh] done in 10ms @ http://localhost:3000/_next/static/chunks/node_modules_next_dist_1e8vcs8._.js:776
[ 1082633ms] [LOG] [Fast Refresh] done in 10ms @ http://localhost:3000/_next/static/chunks/node_modules_next_dist_1e8vcs8._.js:776
[ 1082696ms] [LOG] [Fast Refresh] done in 10ms @ http://localhost:3000/_next/static/chunks/node_modules_next_dist_1e8vcs8._.js:776
[ 1082756ms] [LOG] [Fast Refresh] done in 10ms @ http://localhost:3000/_next/static/chunks/node_modules_next_dist_1e8vcs8._.js:776
[ 1082819ms] [LOG] [Fast Refresh] done in 10ms @ http://localhost:3000/_next/static/chunks/node_modules_next_dist_1e8vcs8._.js:776
[ 1082881ms] [LOG] [Fast Refresh] done in 10ms @ http://localhost:3000/_next/static/chunks/node_modules_next_dist_1e8vcs8._.js:776
[ 1082941ms] [LOG] [Fast Refresh] done in 10ms @ http://localhost:3000/_next/static/chunks/node_modules_next_dist_1e8vcs8._.js:776
[ 1083003ms] [LOG] [Fast Refresh] done in 10ms @ http://localhost:3000/_next/static/chunks/node_modules_next_dist_1e8vcs8._.js:776
[ 1083066ms] [LOG] [Fast Refresh] done in 10ms @ http://localhost:3000/_next/static/chunks/node_modules_next_dist_1e8vcs8._.js:776
[ 1083130ms] [LOG] [Fast Refresh] done in 10ms @ http://localhost:3000/_next/static/chunks/node_modules_next_dist_1e8vcs8._.js:776
[ 1083192ms] [LOG] [Fast Refresh] done in 10ms @ http://localhost:3000/_next/static/chunks/node_modules_next_dist_1e8vcs8._.js:776
[ 1083252ms] [LOG] [Fast Refresh] done in 10ms @ http://localhost:3000/_next/static/chunks/node_modules_next_dist_1e8vcs8._.js:776
[ 1083314ms] [LOG] [Fast Refresh] done in 10ms @ http://localhost:3000/_next/static/chunks/node_modules_next_dist_1e8vcs8._.js:776
[ 1083374ms] [LOG] [Fast Refresh] done in 10ms @ http://localhost:3000/_next/static/chunks/node_modules_next_dist_1e8vcs8._.js:776
[ 1083422ms] [LOG] [Fast Refresh] done in 10ms @ http://localhost:3000/_next/static/chunks/node_modules_next_dist_1e8vcs8._.js:776
[ 1083484ms] [LOG] [Fast Refresh] done in 10ms @ http://localhost:3000/_next/static/chunks/node_modules_next_dist_1e8vcs8._.js:776
[ 1083546ms] [LOG] [Fast Refresh] done in 10ms @ http://localhost:3000/_next/static/chunks/node_modules_next_dist_1e8vcs8._.js:776
[ 1083593ms] [LOG] [Fast Refresh] done in 10ms @ http://localhost:3000/_next/static/chunks/node_modules_next_dist_1e8vcs8._.js:776
[ 1083656ms] [LOG] [Fast Refresh] done in 10ms @ http://localhost:3000/_next/static/chunks/node_modules_next_dist_1e8vcs8._.js:776
[ 1083716ms] [LOG] [Fast Refresh] done in 10ms @ http://localhost:3000/_next/static/chunks/node_modules_next_dist_1e8vcs8._.js:776
[ 1083777ms] [LOG] [Fast Refresh] done in 10ms @ http://localhost:3000/_next/static/chunks/node_modules_next_dist_1e8vcs8._.js:776
[ 1083823ms] [LOG] [Fast Refresh] done in 10ms @ http://localhost:3000/_next/static/chunks/node_modules_next_dist_1e8vcs8._.js:776
[ 1083885ms] [LOG] [Fast Refresh] done in 10ms @ http://localhost:3000/_next/static/chunks/node_modules_next_dist_1e8vcs8._.js:776
[ 1083948ms] [LOG] [Fast Refresh] done in 10ms @ http://localhost:3000/_next/static/chunks/node_modules_next_dist_1e8vcs8._.js:776
[ 1084008ms] [LOG] [Fast Refresh] done in 10ms @ http://localhost:3000/_next/static/chunks/node_modules_next_dist_1e8vcs8._.js:776
[ 1084072ms] [LOG] [Fast Refresh] done in 10ms @ http://localhost:3000/_next/static/chunks/node_modules_next_dist_1e8vcs8._.js:776
[ 1084118ms] [LOG] [Fast Refresh] done in 10ms @ http://localhost:3000/_next/static/chunks/node_modules_next_dist_1e8vcs8._.js:776
[ 1084180ms] [LOG] [Fast Refresh] done in 10ms @ http://localhost:3000/_next/static/chunks/node_modules_next_dist_1e8vcs8._.js:776
[ 1084241ms] [LOG] [Fast Refresh] done in 10ms @ http://localhost:3000/_next/static/chunks/node_modules_next_dist_1e8vcs8._.js:776
[ 1084304ms] [LOG] [Fast Refresh] done in 10ms @ http://localhost:3000/_next/static/chunks/node_modules_next_dist_1e8vcs8._.js:776
[ 1084351ms] [LOG] [Fast Refresh] done in 10ms @ http://localhost:3000/_next/static/chunks/node_modules_next_dist_1e8vcs8._.js:776
[ 1084413ms] [LOG] [Fast Refresh] done in 10ms @ http://localhost:3000/_next/static/chunks/node_modules_next_dist_1e8vcs8._.js:776
[ 1084461ms] [LOG] [Fast Refresh] done in 10ms @ http://localhost:3000/_next/static/chunks/node_modules_next_dist_1e8vcs8._.js:776
[ 1084523ms] [LOG] [Fast Refresh] done in 10ms @ http://localhost:3000/_next/static/chunks/node_modules_next_dist_1e8vcs8._.js:776
[ 1084585ms] [LOG] [Fast Refresh] done in 10ms @ http://localhost:3000/_next/static/chunks/node_modules_next_dist_1e8vcs8._.js:776
[ 1084647ms] [LOG] [Fast Refresh] done in 10ms @ http://localhost:3000/_next/static/chunks/node_modules_next_dist_1e8vcs8._.js:776
[ 1084709ms] [LOG] [Fast Refresh] done in 10ms @ http://localhost:3000/_next/static/chunks/node_modules_next_dist_1e8vcs8._.js:776
[ 1084771ms] [LOG] [Fast Refresh] done in 10ms @ http://localhost:3000/_next/static/chunks/node_modules_next_dist_1e8vcs8._.js:776
[ 1084833ms] [LOG] [Fast Refresh] done in 10ms @ http://localhost:3000/_next/static/chunks/node_modules_next_dist_1e8vcs8._.js:776
[ 1084895ms] [LOG] [Fast Refresh] done in 10ms @ http://localhost:3000/_next/static/chunks/node_modules_next_dist_1e8vcs8._.js:776
[ 1084956ms] [LOG] [Fast Refresh] done in 10ms @ http://localhost:3000/_next/static/chunks/node_modules_next_dist_1e8vcs8._.js:776
[ 1085018ms] [LOG] [Fast Refresh] done in 10ms @ http://localhost:3000/_next/static/chunks/node_modules_next_dist_1e8vcs8._.js:776
[ 1085067ms] [LOG] [Fast Refresh] done in 10ms @ http://localhost:3000/_next/static/chunks/node_modules_next_dist_1e8vcs8._.js:776
[ 1085128ms] [LOG] [Fast Refresh] done in 10ms @ http://localhost:3000/_next/static/chunks/node_modules_next_dist_1e8vcs8._.js:776
[ 1085191ms] [LOG] [Fast Refresh] done in 10ms @ http://localhost:3000/_next/static/chunks/node_modules_next_dist_1e8vcs8._.js:776
[ 1085239ms] [LOG] [Fast Refresh] done in 10ms @ http://localhost:3000/_next/static/chunks/node_modules_next_dist_1e8vcs8._.js:776
[ 1085302ms] [LOG] [Fast Refresh] done in 10ms @ http://localhost:3000/_next/static/chunks/node_modules_next_dist_1e8vcs8._.js:776
[ 1085364ms] [LOG] [Fast Refresh] done in 10ms @ http://localhost:3000/_next/static/chunks/node_modules_next_dist_1e8vcs8._.js:776
[ 1085428ms] [LOG] [Fast Refresh] done in 10ms @ http://localhost:3000/_next/static/chunks/node_modules_next_dist_1e8vcs8._.js:776
[ 1085489ms] [LOG] [Fast Refresh] done in 10ms @ http://localhost:3000/_next/static/chunks/node_modules_next_dist_1e8vcs8._.js:776
[ 1085552ms] [LOG] [Fast Refresh] done in 10ms @ http://localhost:3000/_next/static/chunks/node_modules_next_dist_1e8vcs8._.js:776
[ 1085613ms] [LOG] [Fast Refresh] done in 10ms @ http://localhost:3000/_next/static/chunks/node_modules_next_dist_1e8vcs8._.js:776
[ 1085674ms] [LOG] [Fast Refresh] done in 10ms @ http://localhost:3000/_next/static/chunks/node_modules_next_dist_1e8vcs8._.js:776
[ 1085736ms] [LOG] [Fast Refresh] done in 10ms @ http://localhost:3000/_next/static/chunks/node_modules_next_dist_1e8vcs8._.js:776
[ 1085798ms] [LOG] [Fast Refresh] done in 10ms @ http://localhost:3000/_next/static/chunks/node_modules_next_dist_1e8vcs8._.js:776
[ 1085861ms] [LOG] [Fast Refresh] done in 10ms @ http://localhost:3000/_next/static/chunks/node_modules_next_dist_1e8vcs8._.js:776
[ 1085922ms] [LOG] [Fast Refresh] done in 10ms @ http://localhost:3000/_next/static/chunks/node_modules_next_dist_1e8vcs8._.js:776
[ 1085984ms] [LOG] [Fast Refresh] done in 10ms @ http://localhost:3000/_next/static/chunks/node_modules_next_dist_1e8vcs8._.js:776
[ 1086046ms] [LOG] [Fast Refresh] done in 10ms @ http://localhost:3000/_next/static/chunks/node_modules_next_dist_1e8vcs8._.js:776
[ 1086109ms] [LOG] [Fast Refresh] done in 10ms @ http://localhost:3000/_next/static/chunks/node_modules_next_dist_1e8vcs8._.js:776
[ 1086171ms] [LOG] [Fast Refresh] done in 10ms @ http://localhost:3000/_next/static/chunks/node_modules_next_dist_1e8vcs8._.js:776
[ 1086234ms] [LOG] [Fast Refresh] done in 10ms @ http://localhost:3000/_next/static/chunks/node_modules_next_dist_1e8vcs8._.js:776
[ 1086312ms] [LOG] [Fast Refresh] done in 10ms @ http://localhost:3000/_next/static/chunks/node_modules_next_dist_1e8vcs8._.js:776
[ 1086374ms] [INFO] %cDownload the React DevTools for a better development experience: https://react.dev/link/react-devtools font-weight:bold @ http://localhost:3000/_next/static/chunks/node_modules_next_dist_1e8vcs8._.js:776
[ 1086396ms] [LOG] [HMR] connected @ http://localhost:3000/_next/static/chunks/node_modules_next_dist_1e8vcs8._.js:776
[ 1086469ms] [ERROR] You provided a `value` prop to a form field without an `onChange` handler. This will render a read-only field. If the field should be mutable use `defaultValue`. Otherwise, set either `onChange` or `readOnly`. @ http://localhost:3000/_next/static/chunks/node_modules_next_dist_1e8vcs8._.js:1052
[ 1086471ms] [ERROR] You provided a `value` prop to a form field without an `onChange` handler. This will render a read-only field. If the field should be mutable use `defaultValue`. Otherwise, set either `onChange` or `readOnly`. @ http://localhost:3000/_next/static/chunks/node_modules_next_dist_1e8vcs8._.js:1052
[ 1086583ms] [ERROR] Invalid prop `%s` supplied to `React.Fragment`. React.Fragment can only have `key`, `ref`, and `children` props. id @ http://localhost:3000/_next/static/chunks/node_modules_next_dist_1e8vcs8._.js:1052
[ 1086662ms] [WARNING] THREE.WARNING: Multiple instances of Three.js being imported. @ http://localhost:3000/_next/static/chunks/node_modules_next_dist_1e8vcs8._.js:776
[ 1086963ms] [WARNING] THREE.Clock: This module has been deprecated. Please use THREE.Timer instead. @ http://localhost:3000/_next/static/chunks/node_modules_next_dist_1e8vcs8._.js:776
[ 1086980ms] [WARNING] THREE.Clock: This module has been deprecated. Please use THREE.Timer instead. @ http://localhost:3000/_next/static/chunks/node_modules_next_dist_1e8vcs8._.js:776
[ 1086980ms] [WARNING] THREE.Clock: This module has been deprecated. Please use THREE.Timer instead. @ http://localhost:3000/_next/static/chunks/node_modules_next_dist_1e8vcs8._.js:776
[ 1151898ms] [INFO] %cDownload the React DevTools for a better development experience: https://react.dev/link/react-devtools font-weight:bold @ http://localhost:3000/_next/static/chunks/node_modules_next_dist_1e8vcs8._.js:776
[ 1151909ms] [LOG] [HMR] connected @ http://localhost:3000/_next/static/chunks/node_modules_next_dist_1e8vcs8._.js:776
[ 1151972ms] [ERROR] You provided a `value` prop to a form field without an `onChange` handler. This will render a read-only field. If the field should be mutable use `defaultValue`. Otherwise, set either `onChange` or `readOnly`. @ http://localhost:3000/_next/static/chunks/node_modules_next_dist_1e8vcs8._.js:1052
[ 1151973ms] [ERROR] You provided a `value` prop to a form field without an `onChange` handler. This will render a read-only field. If the field should be mutable use `defaultValue`. Otherwise, set either `onChange` or `readOnly`. @ http://localhost:3000/_next/static/chunks/node_modules_next_dist_1e8vcs8._.js:1052
[ 1152078ms] [ERROR] Invalid prop `%s` supplied to `React.Fragment`. React.Fragment can only have `key`, `ref`, and `children` props. id @ http://localhost:3000/_next/static/chunks/node_modules_next_dist_1e8vcs8._.js:1052
[ 1152131ms] [WARNING] THREE.WARNING: Multiple instances of Three.js being imported. @ http://localhost:3000/_next/static/chunks/node_modules_next_dist_1e8vcs8._.js:776
[ 1152456ms] [WARNING] THREE.Clock: This module has been deprecated. Please use THREE.Timer instead. @ http://localhost:3000/_next/static/chunks/node_modules_next_dist_1e8vcs8._.js:776
[ 1152472ms] [WARNING] THREE.Clock: This module has been deprecated. Please use THREE.Timer instead. @ http://localhost:3000/_next/static/chunks/node_modules_next_dist_1e8vcs8._.js:776
[ 1152472ms] [WARNING] THREE.Clock: This module has been deprecated. Please use THREE.Timer instead. @ http://localhost:3000/_next/static/chunks/node_modules_next_dist_1e8vcs8._.js:776
